[{"stream_name":"stdout","time":1.269262531,"data":"\n"}
,{"stream_name":"stdout","time":1.269326293,"data":"========================================================================================\n"}
,{"stream_name":"stdout","time":1.269346836,"data":"2026-05-11T19:15:21.106330+00:00 | Kaggle multimodal tumor/dementia job starting\n"}
,{"stream_name":"stdout","time":1.272898873,"data":"========================================================================================\n"}
,{"stream_name":"stdout","time":1.2729198720000001,"data":"[2026-05-11T19:15:21.110055+00:00] job: started {}\n"}
,{"stream_name":"stdout","time":1.272924617,"data":"\n"}
,{"stream_name":"stdout","time":1.272928806,"data":"========================================================================================\n"}
,{"stream_name":"stdout","time":1.272933066,"data":"2026-05-11T19:15:21.110266+00:00 | Installing Python dependencies\n"}
,{"stream_name":"stdout","time":1.272937094,"data":"========================================================================================\n"}
,{"stream_name":"stdout","time":1.273378003,"data":"[2026-05-11T19:15:21.110352+00:00] command: started {'cmd': '/usr/bin/python3 -m pip install --upgrade --quiet transformers\u003e=4.52.0 accelerate\u003e=0.33.0 bitsandbytes\u003e=0.43.0 peft\u003e=0.12.0 qwen-vl-utils\u003e=0.0.8 datasets\u003e=2.20.0 pillow\u003e=10,\u003c12 pandas\u003e=2.2,\u003c3 scikit-learn sentencepiece protobuf\u003e=4.25,\u003c6 einops num2words', 'cwd': '/kaggle/working'}\n"}
,{"stream_name":"stdout","time":8.993184291,"data":"   ━━━━━━━━━━━━━━━━━━━━━━━━━━━━━━━━━━━━━━━━ 10.6/10.6 MB 102.9 MB/s eta 0:00:00\n"}
,{"stream_name":"stdout","time":9.017971179,"data":"   ━━━━━━━━━━━━━━━━━━━━━━━━━━━━━━━━━━━━━━━━ 383.7/383.7 kB 27.2 MB/s eta 0:00:00\n"}
,{"stream_name":"stdout","time":9.617427383999999,"data":"   ━━━━━━━━━━━━━━━━━━━━━━━━━━━━━━━━━━━━━━━━ 60.7/60.7 MB 32.7 MB/s eta 0:00:00\n"}
,{"stream_name":"stdout","time":9.649589848,"data":"   ━━━━━━━━━━━━━━━━━━━━━━━━━━━━━━━━━━━━━━━━ 680.7/680.7 kB 31.3 MB/s eta 0:00:00\n"}
,{"stream_name":"stdout","time":9.700397511,"data":"   ━━━━━━━━━━━━━━━━━━━━━━━━━━━━━━━━━━━━━━━━ 529.0/529.0 kB 24.6 MB/s eta 0:00:00\n"}
,{"stream_name":"stdout","time":9.812925535,"data":"   ━━━━━━━━━━━━━━━━━━━━━━━━━━━━━━━━━━━━━━━━ 8.9/8.9 MB 94.4 MB/s eta 0:00:00\n"}
,{"stream_name":"stdout","time":9.83741138,"data":"   ━━━━━━━━━━━━━━━━━━━━━━━━━━━━━━━━━━━━━━━━ 320.5/320.5 kB 23.1 MB/s eta 0:00:00\n"}
,{"stream_name":"stdout","time":9.859506523,"data":"   ━━━━━━━━━━━━━━━━━━━━━━━━━━━━━━━━━━━━━━━━ 163.5/163.5 kB 13.4 MB/s eta 0:00:00\n"}
,{"stream_name":"stdout","time":9.887004133,"data":"   ━━━━━━━━━━━━━━━━━━━━━━━━━━━━━━━━━━━━━━━━ 661.5/661.5 kB 38.8 MB/s eta 0:00:00\n"}
,{"stream_name":"stdout","time":10.265915038,"data":"   ━━━━━━━━━━━━━━━━━━━━━━━━━━━━━━━━━━━━━━━━ 36.3/36.3 MB 48.1 MB/s eta 0:00:00\n"}
,{"stream_name":"stdout","time":10.32880398,"data":"   ━━━━━━━━━━━━━━━━━━━━━━━━━━━━━━━━━━━━━━━━ 4.5/4.5 MB 88.1 MB/s eta 0:00:00\n"}
,{"stream_name":"stderr","time":33.126702621,"data":"ERROR: pip's dependency resolver does not currently take into account all the packages that are installed. This behaviour is the source of the following dependency conflicts.\n"}
,{"stream_name":"stderr","time":33.126755,"data":"bigframes 2.35.0 requires google-cloud-bigquery-storage\u003c3.0.0,\u003e=2.30.0, which is not installed.\n"}
,{"stream_name":"stderr","time":33.126761686,"data":"google-adk 1.25.1 requires google-cloud-bigquery-storage\u003e=2.0.0, which is not installed.\n"}
,{"stream_name":"stdout","time":33.349985847,"data":"[2026-05-11T19:15:53.187213+00:00] command: finished {'cmd': '/usr/bin/python3 -m pip install --upgrade --quiet transformers\u003e=4.52.0 accelerate\u003e=0.33.0 bitsandbytes\u003e=0.43.0 peft\u003e=0.12.0 qwen-vl-utils\u003e=0.0.8 datasets\u003e=2.20.0 pillow\u003e=10,\u003c12 pandas\u003e=2.2,\u003c3 scikit-learn sentencepiece protobuf\u003e=4.25,\u003c6 einops num2words'}\n"}
,{"stream_name":"stdout","time":39.251302293,"data":"[2026-05-11T19:15:59.088502+00:00] gpu: detected {'cuda_available': True, 'gpu_name': 'Tesla T4', 'total_memory_gb': 14.56, 'nvidia_smi': 'Mon May 11 19:15:58 2026       \\n+-----------------------------------------------------------------------------------------+\\n| NVIDIA-SMI 580.105.08             Driver Version: 580.105.08     CUDA Version: 13.0     |\\n+-----------------------------------------+------------------------+----------------------+\\n| GPU  Name                 Persistence-M | Bus-Id          Disp.A | Volatile Uncorr. ECC |\\n| Fan  Temp   Perf          Pwr:Usage/Cap |           Memory-Usage | GPU-Util  Compute M. |\\n|                                         |                        |               MIG M. |\\n|=========================================+========================+======================|\\n|   0  Tesla T4                       Off |   00000000:00:04.0 Off |                    0 |\\n| N/A   40C    P8             11W /   70W |       3MiB /  15360MiB |      0%      Default |\\n|                                         |                        |                  N/A |\\n+-----------------------------------------+------------------------+----------------------+\\n|   1  Tesla T4                       Off |   00000000:00:05.0 Off |                    0 |\\n| N/A   38C    P8              9W /   70W |       3MiB /  15360MiB |      0%      Default |\\n|                                         |                        |                  N/A |\\n+-----------------------------------------+------------------------+----------------------+\\n\\n+-----------------------------------------------------------------------------------------+\\n| Processes:                                                                              |\\n|  GPU   GI   CI              PID   Type   Process name                        GPU Memory |\\n|        ID   ID                                                               Usage      |\\n|=========================================================================================|\\n|  No running processes found                                                             |\\n+-----------------------------------------------------------------------------------------+\\n', 'compute_capability': '7.5', 'compute_capability_major': 7, 'torch_cuda_supported': True, 'device_count': 2, 'devices': [{'index': 0, 'name': 'Tesla T4', 'memory_gb': 14.56, 'compute_capability': '7.5'}, {'index': 1, 'name': 'Tesla T4', 'memory_gb': 14.56, 'compute_capability': '7.5'}], 'aggregate_memory_gb': 29.12}\n"}
,{"stream_name":"stdout","time":39.25136692,"data":"\n"}
,{"stream_name":"stdout","time":39.251374799,"data":"========================================================================================\n"}
,{"stream_name":"stdout","time":39.251380215,"data":"2026-05-11T19:15:59.088770+00:00 | Cloning Tumor-Database\n"}
,{"stream_name":"stdout","time":39.251400169,"data":"========================================================================================\n"}
,{"stream_name":"stdout","time":39.251800255,"data":"[2026-05-11T19:15:59.089191+00:00] command: started {'cmd': 'git clone --depth 1 --single-branch --branch main https://github.com/TailsOS-hack/Tumor-Database.git /kaggle/working/Tumor-Database', 'cwd': '/kaggle/working'}\n"}
,{"stream_name":"stderr","time":39.307732884,"data":"Cloning into '/kaggle/working/Tumor-Database'...\n"}
,{"stream_name":"stderr","time":102.011845066,"data":"Updating files:  22% (11770/51270)\rUpdating files:  23% (11793/51270)\rUpdating files:  24% (12305/51270)\rUpdating files:  25% (12818/51270)\rUpdating files:  26% (13331/51270)\rUpdating files:  27% (13843/51270)\rUpdating files:  28% (14356/51270)\rUpdating files:  29% (14869/51270)\rUpdating files:  30% (15381/51270)\rUpdating files:  31% (15894/51270)\rUpdating files:  32% (16407/51270)\rUpdating files:  33% (16920/51270)\rUpdating files:  34% (17432/51270)\rUpdating files:  35% (17945/51270)\rUpdating files:  36% (18458/51270)\rUpdating files:  37% (18970/51270)\rUpdating files:  38% (19483/51270)\rUpdating files:  39% (19996/51270)\rUpdating files:  40% (20508/51270)\rUpdating files:  41% (21021/51270)\rUpdating files:  42% (21534/51270)\rUpdating files:  43% (22047/51270)\rUpdating files:  44% (22559/51270)\rUpdating files:  45% (23072/51270)\rUpdating files:  46% (23585/51270)\rUpdating files:  47% (24097/51270)\rUpdating files:  48% (24610/51270)\rUpdating files:  48% (24683/51270)\rUpdating files:  49% (25123/51270)\rUpdating files:  50% (25635/51270)\rUpdating files:  51% (26148/51270)\rUpdating files:  52% (26661/51270)\rUpdating files:  53% (27174/51270)\rUpdating files:  54% (27686/51270)\rUpdating files:  55% (28199/51270)\rUpdating files:  56% (28712/51270)\rUpdating files:  57% (29224/51270)\rUpdating files:  58% (29737/51270)\rUpdating files:  59% (30250/51270)\rUpdating files:  60% (30762/51270)\rUpdating files:  61% (31275/51270)\rUpdating files:  62% (31788/51270)\rUpdating files:  63% (32301/51270)\rUpdating files:  64% (32813/51270)\rUpdating files:  65% (33326/51270)\rUpdating files:  66% (33839/51270)\rUpdating files:  67% (34351/51270)\rUpdating files:  68% (34864/51270)\rUpdating files:  69% (35377/51270)\rUpdating files:  70% (35889/51270)\rUpdating files:  71% (36402/51270)\rUpdating files:  72% (36915/51270)\rUpdating files:  72% (37321/51270)\rUpdating files:  73% (37428/51270)\rUpdating files:  74% (37940/51270)\rUpdating files:  75% (38453/51270)\rUpdating files:  76% (38966/51270)\rUpdating files:  77% (39478/51270)\rUpdating files:  78% (39991/51270)\rUpdating files:  79% (40504/51270)\rUpdating files:  80% (41016/51270)\rUpdating files:  81% (41529/51270)\rUpdating files:  82% (42042/51270)\rUpdating files:  83% (42555/51270)\rUpdating files:  84% (43067/51270)\rUpdating files:  85% (43580/51270)\rUpdating files:  86% (44093/51270)\rUpdating files:  87% (44605/51270)\rUpdating files:  88% (45118/51270)\rUpdating files:  89% (45631/51270)\rUpdating files:  90% (46143/51270)\rUpdating files:  91% (46656/51270)\rUpdating files:  92% (47169/51270)\rUpdating files:  93% (47682/51270)\rUpdating files:  93% (47814/51270)\rUpdating files:  94% (48194/51270)\rUpdating files:  95% (48707/51270)\rUpdating files:  96% (49220/51270)\rUpdating files:  97% (49732/51270)\rUpdating files:  98% (50245/51270)\rUpdating files:  99% (50758/51270)\rUpdating files:  99% (51189/51270)\rUpdating files:  99% (51191/51270)\rUpdating files:  99% (51268/51270)\rUpdating files: 100% (51270/51270)\rUpdating files: 100% (51270/51270), done.\n"}
,{"stream_name":"stdout","time":102.275165613,"data":"[2026-05-11T19:17:02.111447+00:00] command: finished {'cmd': 'git clone --depth 1 --single-branch --branch main https://github.com/TailsOS-hack/Tumor-Database.git /kaggle/working/Tumor-Database'}\n"}
,{"stream_name":"stdout","time":102.275215735,"data":"[2026-05-11T19:17:02.111710+00:00] repo: cloned {'path': '/kaggle/working/Tumor-Database'}\n"}
,{"stream_name":"stdout","time":102.275246495,"data":"\n"}
,{"stream_name":"stdout","time":102.275253973,"data":"========================================================================================\n"}
,{"stream_name":"stdout","time":102.275256662,"data":"2026-05-11T19:17:02.111857+00:00 | Creating strict split manifest\n"}
,{"stream_name":"stdout","time":102.275259272,"data":"========================================================================================\n"}
,{"stream_name":"stdout","time":102.27526165,"data":"[2026-05-11T19:17:02.111903+00:00] command: started {'cmd': '/usr/bin/python3 -m src.experiment_pipeline create-manifest', 'cwd': '/kaggle/working/Tumor-Database'}\n"}
,{"stream_name":"stdout","time":106.003959259,"data":"{\n"}
,{"stream_name":"stdout","time":106.003993661,"data":"  \"splits\": {\n"}
,{"stream_name":"stdout","time":106.003998341,"data":"    \"all\": {\n"}
,{"stream_name":"stdout","time":106.00400209,"data":"      \"test\": 10111,\n"}
,{"stream_name":"stdout","time":106.004006014,"data":"      \"train\": 35940,\n"}
,{"stream_name":"stdout","time":106.004009956,"data":"      \"val\": 4972\n"}
,{"stream_name":"stdout","time":106.004013944,"data":"    },\n"}
,{"stream_name":"stdout","time":106.004017518,"data":"    \"binary\": {\n"}
,{"stream_name":"stdout","time":106.004021492,"data":"      \"test\": 10111,\n"}
,{"stream_name":"stdout","time":106.004025235,"data":"      \"train\": 35940,\n"}
,{"stream_name":"stdout","time":106.004029039,"data":"      \"val\": 4972\n"}
,{"stream_name":"stdout","time":106.004032938,"data":"    },\n"}
,{"stream_name":"stdout","time":106.004036515,"data":"    \"tumor\": {\n"}
,{"stream_name":"stdout","time":106.004040156,"data":"      \"test\": 1311,\n"}
,{"stream_name":"stdout","time":106.004044163,"data":"      \"train\": 5140,\n"}
,{"stream_name":"stdout","time":106.004047833,"data":"      \"val\": 572\n"}
,{"stream_name":"stdout","time":106.00405173,"data":"    },\n"}
,{"stream_name":"stdout","time":106.004055388,"data":"    \"dementia\": {\n"}
,{"stream_name":"stdout","time":106.004059114,"data":"      \"test\": 8800,\n"}
,{"stream_name":"stdout","time":106.004062848,"data":"      \"train\": 30800,\n"}
,{"stream_name":"stdout","time":106.00406662,"data":"      \"val\": 4400\n"}
,{"stream_name":"stdout","time":106.004070414,"data":"    },\n"}
,{"stream_name":"stdout","time":106.004073969,"data":"    \"eight_class\": {\n"}
,{"stream_name":"stdout","time":106.004077749,"data":"      \"test\": 10111,\n"}
,{"stream_name":"stdout","time":106.004081629,"data":"      \"train\": 35940,\n"}
,{"stream_name":"stdout","time":106.004085236,"data":"      \"val\": 4972\n"}
,{"stream_name":"stdout","time":106.004089026,"data":"    }\n"}
,{"stream_name":"stdout","time":106.004092806,"data":"  },\n"}
,{"stream_name":"stdout","time":106.004096615,"data":"  \"class_counts\": {\n"}
,{"stream_name":"stdout","time":106.004100545,"data":"    \"binary\": {\n"}
,{"stream_name":"stdout","time":106.00410414,"data":"      \"test:dementia\": 8800,\n"}
,{"stream_name":"stdout","time":106.004108343,"data":"      \"test:tumor\": 1311,\n"}
,{"stream_name":"stdout","time":106.004112402,"data":"      \"train:dementia\": 30800,\n"}
,{"stream_name":"stdout","time":106.004116442,"data":"      \"train:tumor\": 5140,\n"}
,{"stream_name":"stdout","time":106.004120312,"data":"      \"val:dementia\": 4400,\n"}
,{"stream_name":"stdout","time":106.004124017,"data":"      \"val:tumor\": 572\n"}
,{"stream_name":"stdout","time":106.004127842,"data":"    },\n"}
,{"stream_name":"stdout","time":106.004146311,"data":"    \"tumor\": {\n"}
,{"stream_name":"stdout","time":106.004150227,"data":"      \"test:glioma\": 300,\n"}
,{"stream_name":"stdout","time":106.004153961,"data":"      \"test:meningioma\": 306,\n"}
,{"stream_name":"stdout","time":106.00415798,"data":"      \"test:notumor\": 405,\n"}
,{"stream_name":"stdout","time":106.004161717,"data":"      \"test:pituitary\": 300,\n"}
,{"stream_name":"stdout","time":106.004165487,"data":"      \"train:glioma\": 1189,\n"}
,{"stream_name":"stdout","time":106.004169082,"data":"      \"train:meningioma\": 1205,\n"}
,{"stream_name":"stdout","time":106.00417285,"data":"      \"train:notumor\": 1435,\n"}
,{"stream_name":"stdout","time":106.004176603,"data":"      \"train:pituitary\": 1311,\n"}
,{"stream_name":"stdout","time":106.004180289,"data":"      \"val:glioma\": 132,\n"}
,{"stream_name":"stdout","time":106.004183545,"data":"      \"val:meningioma\": 134,\n"}
,{"stream_name":"stdout","time":106.004187456,"data":"      \"val:notumor\": 160,\n"}
,{"stream_name":"stdout","time":106.00419132,"data":"      \"val:pituitary\": 146\n"}
,{"stream_name":"stdout","time":106.004195186,"data":"    },\n"}
,{"stream_name":"stdout","time":106.004198675,"data":"    \"dementia\": {\n"}
,{"stream_name":"stdout","time":106.004202505,"data":"      \"test:MildDemented\": 2000,\n"}
,{"stream_name":"stdout","time":106.00420646,"data":"      \"test:ModerateDemented\": 2000,\n"}
,{"stream_name":"stdout","time":106.004210605,"data":"      \"test:NonDemented\": 2560,\n"}
,{"stream_name":"stdout","time":106.004214364,"data":"      \"test:VeryMildDemented\": 2240,\n"}
,{"stream_name":"stdout","time":106.004218306,"data":"      \"train:MildDemented\": 7000,\n"}
,{"stream_name":"stdout","time":106.004222028,"data":"      \"train:ModerateDemented\": 7000,\n"}
,{"stream_name":"stdout","time":106.00422564,"data":"      \"train:NonDemented\": 8960,\n"}
,{"stream_name":"stdout","time":106.004229271,"data":"      \"train:VeryMildDemented\": 7840,\n"}
,{"stream_name":"stdout","time":106.004233072,"data":"      \"val:MildDemented\": 1000,\n"}
,{"stream_name":"stdout","time":106.004237029,"data":"      \"val:ModerateDemented\": 1000,\n"}
,{"stream_name":"stdout","time":106.004240609,"data":"      \"val:NonDemented\": 1280,\n"}
,{"stream_name":"stdout","time":106.004244564,"data":"      \"val:VeryMildDemented\": 1120\n"}
,{"stream_name":"stdout","time":106.00424835,"data":"    },\n"}
,{"stream_name":"stdout","time":106.004252212,"data":"    \"eight_class\": {\n"}
,{"stream_name":"stdout","time":106.004255853,"data":"      \"test:dementia_MildDemented\": 2000,\n"}
,{"stream_name":"stdout","time":106.00425957,"data":"      \"test:dementia_ModerateDemented\": 2000,\n"}
,{"stream_name":"stdout","time":106.004263255,"data":"      \"test:dementia_NonDemented\": 2560,\n"}
,{"stream_name":"stdout","time":106.004267087,"data":"      \"test:dementia_VeryMildDemented\": 2240,\n"}
,{"stream_name":"stdout","time":106.0042708,"data":"      \"test:tumor_glioma\": 300,\n"}
,{"stream_name":"stdout","time":106.004274575,"data":"      \"test:tumor_meningioma\": 306,\n"}
,{"stream_name":"stdout","time":106.004278287,"data":"      \"test:tumor_notumor\": 405,\n"}
,{"stream_name":"stdout","time":106.004281987,"data":"      \"test:tumor_pituitary\": 300,\n"}
,{"stream_name":"stdout","time":106.004285707,"data":"      \"train:dementia_MildDemented\": 7000,\n"}
,{"stream_name":"stdout","time":106.004289509,"data":"      \"train:dementia_ModerateDemented\": 7000,\n"}
,{"stream_name":"stdout","time":106.004293729,"data":"      \"train:dementia_NonDemented\": 8960,\n"}
,{"stream_name":"stdout","time":106.004305481,"data":"      \"train:dementia_VeryMildDemented\": 7840,\n"}
,{"stream_name":"stdout","time":106.004309164,"data":"      \"train:tumor_glioma\": 1189,\n"}
,{"stream_name":"stdout","time":106.004313059,"data":"      \"train:tumor_meningioma\": 1205,\n"}
,{"stream_name":"stdout","time":106.004319665,"data":"      \"train:tumor_notumor\": 1435,\n"}
,{"stream_name":"stdout","time":106.004323489,"data":"      \"train:tumor_pituitary\": 1311,\n"}
,{"stream_name":"stdout","time":106.004352112,"data":"      \"val:dementia_MildDemented\": 1000,\n"}
,{"stream_name":"stdout","time":106.004360408,"data":"      \"val:dementia_ModerateDemented\": 1000,\n"}
,{"stream_name":"stdout","time":106.004364391,"data":"      \"val:dementia_NonDemented\": 1280,\n"}
,{"stream_name":"stdout","time":106.004368263,"data":"      \"val:dementia_VeryMildDemented\": 1120,\n"}
,{"stream_name":"stdout","time":106.004372474,"data":"      \"val:tumor_glioma\": 132,\n"}
,{"stream_name":"stdout","time":106.004376677,"data":"      \"val:tumor_meningioma\": 134,\n"}
,{"stream_name":"stdout","time":106.004380205,"data":"      \"val:tumor_notumor\": 160,\n"}
,{"stream_name":"stdout","time":106.004384119,"data":"      \"val:tumor_pituitary\": 146\n"}
,{"stream_name":"stdout","time":106.004387822,"data":"    }\n"}
,{"stream_name":"stdout","time":106.004391647,"data":"  },\n"}
,{"stream_name":"stdout","time":106.004395529,"data":"  \"manifest_path\": \"/kaggle/working/Tumor-Database/training_logs/splits/strict_manifest.csv\"\n"}
,{"stream_name":"stdout","time":106.004399736,"data":"}\n"}
,{"stream_name":"stdout","time":106.019303187,"data":"[2026-05-11T19:17:05.856095+00:00] command: finished {'cmd': '/usr/bin/python3 -m src.experiment_pipeline create-manifest'}\n"}
,{"stream_name":"stdout","time":106.019329147,"data":"[2026-05-11T19:17:05.856265+00:00] command: started {'cmd': '/usr/bin/python3 -m src.experiment_pipeline summary', 'cwd': '/kaggle/working/Tumor-Database'}\n"}
,{"stream_name":"stdout","time":106.367120238,"data":"{\n"}
,{"stream_name":"stdout","time":106.367157133,"data":"  \"splits\": {\n"}
,{"stream_name":"stdout","time":106.367161212,"data":"    \"all\": {\n"}
,{"stream_name":"stdout","time":106.36716396,"data":"      \"test\": 10111,\n"}
,{"stream_name":"stdout","time":106.367166321,"data":"      \"train\": 35940,\n"}
,{"stream_name":"stdout","time":106.367168743,"data":"      \"val\": 4972\n"}
,{"stream_name":"stdout","time":106.367171103,"data":"    },\n"}
,{"stream_name":"stdout","time":106.367173369,"data":"    \"binary\": {\n"}
,{"stream_name":"stdout","time":106.367185391,"data":"      \"test\": 10111,\n"}
,{"stream_name":"stdout","time":106.367187829,"data":"      \"train\": 35940,\n"}
,{"stream_name":"stdout","time":106.367190047,"data":"      \"val\": 4972\n"}
,{"stream_name":"stdout","time":106.367192369,"data":"    },\n"}
,{"stream_name":"stdout","time":106.367194588,"data":"    \"tumor\": {\n"}
,{"stream_name":"stdout","time":106.367196962,"data":"      \"test\": 1311,\n"}
,{"stream_name":"stdout","time":106.367199367,"data":"      \"train\": 5140,\n"}
,{"stream_name":"stdout","time":106.367201653,"data":"      \"val\": 572\n"}
,{"stream_name":"stdout","time":106.367203951,"data":"    },\n"}
,{"stream_name":"stdout","time":106.367206234,"data":"    \"dementia\": {\n"}
,{"stream_name":"stdout","time":106.367208597,"data":"      \"test\": 8800,\n"}
,{"stream_name":"stdout","time":106.367210837,"data":"      \"train\": 30800,\n"}
,{"stream_name":"stdout","time":106.367213059,"data":"      \"val\": 4400\n"}
,{"stream_name":"stdout","time":106.367231455,"data":"    },\n"}
,{"stream_name":"stdout","time":106.367233836,"data":"    \"eight_class\": {\n"}
,{"stream_name":"stdout","time":106.367236174,"data":"      \"test\": 10111,\n"}
,{"stream_name":"stdout","time":106.367238378,"data":"      \"train\": 35940,\n"}
,{"stream_name":"stdout","time":106.367240587,"data":"      \"val\": 4972\n"}
,{"stream_name":"stdout","time":106.3672428,"data":"    }\n"}
,{"stream_name":"stdout","time":106.367245318,"data":"  },\n"}
,{"stream_name":"stdout","time":106.367247504,"data":"  \"class_counts\": {\n"}
,{"stream_name":"stdout","time":106.367249819,"data":"    \"binary\": {\n"}
,{"stream_name":"stdout","time":106.36725202,"data":"      \"test:dementia\": 8800,\n"}
,{"stream_name":"stdout","time":106.367254308,"data":"      \"test:tumor\": 1311,\n"}
,{"stream_name":"stdout","time":106.367256546,"data":"      \"train:dementia\": 30800,\n"}
,{"stream_name":"stdout","time":106.367258881,"data":"      \"train:tumor\": 5140,\n"}
,{"stream_name":"stdout","time":106.367261117,"data":"      \"val:dementia\": 4400,\n"}
,{"stream_name":"stdout","time":106.367263427,"data":"      \"val:tumor\": 572\n"}
,{"stream_name":"stdout","time":106.36726565,"data":"    },\n"}
,{"stream_name":"stdout","time":106.367267868,"data":"    \"tumor\": {\n"}
,{"stream_name":"stdout","time":106.367270065,"data":"      \"test:glioma\": 300,\n"}
,{"stream_name":"stdout","time":106.367272304,"data":"      \"test:meningioma\": 306,\n"}
,{"stream_name":"stdout","time":106.367274805,"data":"      \"test:notumor\": 405,\n"}
,{"stream_name":"stdout","time":106.367277101,"data":"      \"test:pituitary\": 300,\n"}
,{"stream_name":"stdout","time":106.367279312,"data":"      \"train:glioma\": 1189,\n"}
,{"stream_name":"stdout","time":106.367281648,"data":"      \"train:meningioma\": 1205,\n"}
,{"stream_name":"stdout","time":106.367283874,"data":"      \"train:notumor\": 1435,\n"}
,{"stream_name":"stdout","time":106.367286062,"data":"      \"train:pituitary\": 1311,\n"}
,{"stream_name":"stdout","time":106.367288282,"data":"      \"val:glioma\": 132,\n"}
,{"stream_name":"stdout","time":106.367290485,"data":"      \"val:meningioma\": 134,\n"}
,{"stream_name":"stdout","time":106.367292689,"data":"      \"val:notumor\": 160,\n"}
,{"stream_name":"stdout","time":106.36729488,"data":"      \"val:pituitary\": 146\n"}
,{"stream_name":"stdout","time":106.367297115,"data":"    },\n"}
,{"stream_name":"stdout","time":106.367299267,"data":"    \"dementia\": {\n"}
,{"stream_name":"stdout","time":106.367301535,"data":"      \"test:MildDemented\": 2000,\n"}
,{"stream_name":"stdout","time":106.367303835,"data":"      \"test:ModerateDemented\": 2000,\n"}
,{"stream_name":"stdout","time":106.367306112,"data":"      \"test:NonDemented\": 2560,\n"}
,{"stream_name":"stdout","time":106.367308393,"data":"      \"test:VeryMildDemented\": 2240,\n"}
,{"stream_name":"stdout","time":106.367310612,"data":"      \"train:MildDemented\": 7000,\n"}
,{"stream_name":"stdout","time":106.367312839,"data":"      \"train:ModerateDemented\": 7000,\n"}
,{"stream_name":"stdout","time":106.367315084,"data":"      \"train:NonDemented\": 8960,\n"}
,{"stream_name":"stdout","time":106.367317336,"data":"      \"train:VeryMildDemented\": 7840,\n"}
,{"stream_name":"stdout","time":106.367319562,"data":"      \"val:MildDemented\": 1000,\n"}
,{"stream_name":"stdout","time":106.367321812,"data":"      \"val:ModerateDemented\": 1000,\n"}
,{"stream_name":"stdout","time":106.367324045,"data":"      \"val:NonDemented\": 1280,\n"}
,{"stream_name":"stdout","time":106.367363881,"data":"      \"val:VeryMildDemented\": 1120\n"}
,{"stream_name":"stdout","time":106.367371784,"data":"    },\n"}
,{"stream_name":"stdout","time":106.367379503,"data":"    \"eight_class\": {\n"}
,{"stream_name":"stdout","time":106.367382532,"data":"      \"test:dementia_MildDemented\": 2000,\n"}
,{"stream_name":"stdout","time":106.367384939,"data":"      \"test:dementia_ModerateDemented\": 2000,\n"}
,{"stream_name":"stdout","time":106.367387208,"data":"      \"test:dementia_NonDemented\": 2560,\n"}
,{"stream_name":"stdout","time":106.367389465,"data":"      \"test:dementia_VeryMildDemented\": 2240,\n"}
,{"stream_name":"stdout","time":106.367391719,"data":"      \"test:tumor_glioma\": 300,\n"}
,{"stream_name":"stdout","time":106.36739397,"data":"      \"test:tumor_meningioma\": 306,\n"}
,{"stream_name":"stdout","time":106.367396249,"data":"      \"test:tumor_notumor\": 405,\n"}
,{"stream_name":"stdout","time":106.367398494,"data":"      \"test:tumor_pituitary\": 300,\n"}
,{"stream_name":"stdout","time":106.3674007,"data":"      \"train:dementia_MildDemented\": 7000,\n"}
,{"stream_name":"stdout","time":106.367402988,"data":"      \"train:dementia_ModerateDemented\": 7000,\n"}
,{"stream_name":"stdout","time":106.367405297,"data":"      \"train:dementia_NonDemented\": 8960,\n"}
,{"stream_name":"stdout","time":106.367407513,"data":"      \"train:dementia_VeryMildDemented\": 7840,\n"}
,{"stream_name":"stdout","time":106.367409766,"data":"      \"train:tumor_glioma\": 1189,\n"}
,{"stream_name":"stdout","time":106.36741202,"data":"      \"train:tumor_meningioma\": 1205,\n"}
,{"stream_name":"stdout","time":106.367416559,"data":"      \"train:tumor_notumor\": 1435,\n"}
,{"stream_name":"stdout","time":106.367418829,"data":"      \"train:tumor_pituitary\": 1311,\n"}
,{"stream_name":"stdout","time":106.367421079,"data":"      \"val:dementia_MildDemented\": 1000,\n"}
,{"stream_name":"stdout","time":106.367423317,"data":"      \"val:dementia_ModerateDemented\": 1000,\n"}
,{"stream_name":"stdout","time":106.367425543,"data":"      \"val:dementia_NonDemented\": 1280,\n"}
,{"stream_name":"stdout","time":106.367427775,"data":"      \"val:dementia_VeryMildDemented\": 1120,\n"}
,{"stream_name":"stdout","time":106.367430032,"data":"      \"val:tumor_glioma\": 132,\n"}
,{"stream_name":"stdout","time":106.367432278,"data":"      \"val:tumor_meningioma\": 134,\n"}
,{"stream_name":"stdout","time":106.367434575,"data":"      \"val:tumor_notumor\": 160,\n"}
,{"stream_name":"stdout","time":106.367436792,"data":"      \"val:tumor_pituitary\": 146\n"}
,{"stream_name":"stdout","time":106.36743905,"data":"    }\n"}
,{"stream_name":"stdout","time":106.36744129,"data":"  }\n"}
,{"stream_name":"stdout","time":106.36744345,"data":"}\n"}
,{"stream_name":"stdout","time":106.384315216,"data":"[2026-05-11T19:17:06.221272+00:00] command: finished {'cmd': '/usr/bin/python3 -m src.experiment_pipeline summary'}\n"}
,{"stream_name":"stdout","time":106.539487257,"data":"[2026-05-11T19:17:06.376718+00:00] manifest: created {'path': '/kaggle/working/Tumor-Database/training_logs/splits/strict_manifest.csv', 'summary': {'rows': 51023, 'counts': {'test::dementia_MildDemented': {'count': 2000}, 'test::dementia_ModerateDemented': {'count': 2000}, 'test::dementia_NonDemented': {'count': 2560}, 'test::dementia_VeryMildDemented': {'count': 2240}, 'test::tumor_glioma': {'count': 300}, 'test::tumor_meningioma': {'count': 306}, 'test::tumor_notumor': {'count': 405}, 'test::tumor_pituitary': {'count': 300}, 'train::dementia_MildDemented': {'count': 7000}, 'train::dementia_ModerateDemented': {'count': 7000}, 'train::dementia_NonDemented': {'count': 8960}, 'train::dementia_VeryMildDemented': {'count': 7840}, 'train::tumor_glioma': {'count': 1189}, 'train::tumor_meningioma': {'count': 1205}, 'train::tumor_notumor': {'count': 1435}, 'train::tumor_pituitary': {'count': 1311}, 'val::dementia_MildDemented': {'count': 1000}, 'val::dementia_ModerateDemented': {'count': 1000}, 'val::dementia_NonDemented': {'count': 1280}, 'val::dementia_VeryMildDemented': {'count': 1120}, 'val::tumor_glioma': {'count': 132}, 'val::tumor_meningioma': {'count': 134}, 'val::tumor_notumor': {'count': 160}, 'val::tumor_pituitary': {'count': 146}}}}\n"}
,{"stream_name":"stdout","time":109.512705508,"data":"\n"}
,{"stream_name":"stdout","time":109.512736514,"data":"========================================================================================\n"}
,{"stream_name":"stdout","time":109.512742404,"data":"2026-05-11T19:17:09.350088+00:00 | Hierarchical evaluation for Qwen/Qwen2.5-VL-3B-Instruct\n"}
,{"stream_name":"stdout","time":109.512747404,"data":"========================================================================================\n"}
,{"stream_name":"stderr","time":127.865247486,"data":"Warning: You are sending unauthenticated requests to the HF Hub. Please set a HF_TOKEN to enable higher rate limits and faster downloads.\n"}
,{"stream_name":"stderr","time":127.878046123,"data":"[transformers] `torch_dtype` is deprecated! Use `dtype` instead!\n"}
,{"stream_name":"stderr","time":127.884283433,"data":"[transformers] `torch_dtype` is deprecated! Use `dtype` instead!\n"}
,{"stream_name":"stderr","time":163.771758804,"data":"\rFetching 2 files:   0%|          | 0/2 [00:00\u003c?, ?it/s]\rFetching 2 files:  50%|█████     | 1/2 [00:30\u003c00:30, 30.14s/it]\rFetching 2 files: 100%|██████████| 2/2 [00:30\u003c00:00, 15.07s/it]\n"}
,{"stream_name":"stderr","time":167.79436595,"data":"\rLoading weights:   0%|          | 0/824 [00:00\u003c?, ?it/s]\rLoading weights:   0%|          | 1/824 [00:00\u003c02:29,  5.52it/s]\rLoading weights:   0%|          | 3/824 [00:00\u003c01:28,  9.23it/s]\rLoading weights:   3%|▎         | 27/824 [00:00\u003c00:10, 75.86it/s]\rLoading weights:   6%|▌         | 51/824 [00:00\u003c00:06, 121.67it/s]\rLoading weights:   9%|▉         | 75/824 [00:00\u003c00:04, 151.81it/s]\rLoading weights:  12%|█▏        | 99/824 [00:00\u003c00:04, 172.76it/s]\rLoading weights:  15%|█▍        | 123/824 [00:00\u003c00:03, 186.57it/s]\rLoading weights:  18%|█▊        | 147/824 [00:01\u003c00:03, 195.08it/s]\rLoading weights:  20%|██        | 168/824 [00:01\u003c00:03, 197.28it/s]\rLoading weights:  23%|██▎       | 189/824 [00:01\u003c00:03, 191.94it/s]\rLoading weights:  25%|██▌       | 209/824 [00:01\u003c00:03, 188.66it/s]\rLoading weights:  28%|██▊       | 232/824 [00:01\u003c00:02, 199.51it/s]\rLoading weights:  31%|███       | 255/824 [00:01\u003c00:02, 207.69it/s]\rLoading weights:  34%|███▍      | 279/824 [00:01\u003c00:02, 208.05it/s]\rLoading weights:  37%|███▋      | 303/824 [00:01\u003c00:02, 208.46it/s]\rLoading weights:  40%|███▉      | 327/824 [00:01\u003c00:02, 209.43it/s]\rLoading weights:  43%|████▎     | 351/824 [00:02\u003c00:02, 210.09it/s]\rLoading weights:  45%|████▌     | 373/824 [00:02\u003c00:02, 211.30it/s]\rLoading weights:  48%|████▊     | 395/824 [00:02\u003c00:02, 205.65it/s]\rLoading weights:  50%|█████     | 416/824 [00:02\u003c00:02, 201.69it/s]\rLoading weights:  55%|█████▌    | 454/824 [00:02\u003c00:01, 251.50it/s]\rLoading weights:  63%|██████▎   | 522/824 [00:02\u003c00:00, 370.14it/s]\rLoading weights:  71%|███████▏  | 588/824 [00:02\u003c00:00, 449.40it/s]\rLoading weights:  80%|███████▉  | 656/824 [00:02\u003c00:00, 510.85it/s]\rLoading weights:  87%|████████▋ | 720/824 [00:02\u003c00:00, 547.64it/s]\rLoading weights:  96%|█████████▌| 788/824 [00:02\u003c00:00, 581.71it/s]\rLoading weights: 100%|██████████| 824/824 [00:03\u003c00:00, 271.51it/s]\n"}
,{"stream_name":"stderr","time":172.786860418,"data":"[transformers] Passing `generation_config` together with generation-related arguments=({'max_new_tokens'}) is deprecated and will be removed in future versions. Please pass either a `generation_config` object OR all generation parameters explicitly, but not both.\n"}
,{"stream_name":"stderr","time":173.318208593,"data":"[transformers] Both `max_new_tokens` (=80) and `max_length`(=20) seem to have been set. `max_new_tokens` will take precedence. Please refer to the documentation for more information. (https://huggingface.co/docs/transformers/main/en/main_classes/text_generation)\n"}
,{"stream_name":"stderr","time":183.408031719,"data":"[transformers] Both `max_new_tokens` (=96) and `max_length`(=20) seem to have been set. `max_new_tokens` will take precedence. Please refer to the documentation for more information. (https://huggingface.co/docs/transformers/main/en/main_classes/text_generation)\n"}
,{"stream_name":"stderr","time":189.987967967,"data":"[transformers] Both `max_new_tokens` (=96) and `max_length`(=20) seem to have been set. `max_new_tokens` will take precedence. Please refer to the documentation for more information. (https://huggingface.co/docs/transformers/main/en/main_classes/text_generation)\n"}
,{"stream_name":"stdout","time":197.080899979,"data":"[2026-05-11T19:18:36.918131+00:00] hierarchical_eval: progress {'model_id': 'Qwen/Qwen2.5-VL-3B-Instruct', 'completed': 1, 'total': 80, 'domain_accuracy': 0.0, 'hierarchical_accuracy': 0.0, 'oracle_domain_accuracy': 0.0}\n"}
,{"stream_name":"stderr","time":197.098704885,"data":"[transformers] Both `max_new_tokens` (=80) and `max_length`(=20) seem to have been set. `max_new_tokens` will take precedence. Please refer to the documentation for more information. (https://huggingface.co/docs/transformers/main/en/main_classes/text_generation)\n"}
,{"stream_name":"stderr","time":204.676745953,"data":"[transformers] Both `max_new_tokens` (=96) and `max_length`(=20) seem to have been set. `max_new_tokens` will take precedence. Please refer to the documentation for more information. (https://huggingface.co/docs/transformers/main/en/main_classes/text_generation)\n"}
,{"stream_name":"stderr","time":211.308868174,"data":"[transformers] Both `max_new_tokens` (=96) and `max_length`(=20) seem to have been set. `max_new_tokens` will take precedence. Please refer to the documentation for more information. (https://huggingface.co/docs/transformers/main/en/main_classes/text_generation)\n"}
,{"stream_name":"stdout","time":218.349889666,"data":"[2026-05-11T19:18:58.187118+00:00] hierarchical_eval: progress {'model_id': 'Qwen/Qwen2.5-VL-3B-Instruct', 'completed': 2, 'total': 80, 'domain_accuracy': 0.0, 'hierarchical_accuracy': 0.0, 'oracle_domain_accuracy': 0.0}\n"}
,{"stream_name":"stderr","time":218.367007491,"data":"[transformers] Both `max_new_tokens` (=80) and `max_length`(=20) seem to have been set. `max_new_tokens` will take precedence. Please refer to the documentation for more information. (https://huggingface.co/docs/transformers/main/en/main_classes/text_generation)\n"}
,{"stream_name":"stderr","time":225.85282715,"data":"[transformers] Both `max_new_tokens` (=96) and `max_length`(=20) seem to have been set. `max_new_tokens` will take precedence. Please refer to the documentation for more information. (https://huggingface.co/docs/transformers/main/en/main_classes/text_generation)\n"}
,{"stream_name":"stderr","time":232.50874729,"data":"[transformers] Both `max_new_tokens` (=96) and `max_length`(=20) seem to have been set. `max_new_tokens` will take precedence. Please refer to the documentation for more information. (https://huggingface.co/docs/transformers/main/en/main_classes/text_generation)\n"}
,{"stream_name":"stdout","time":240.069165721,"data":"[2026-05-11T19:19:19.906326+00:00] hierarchical_eval: progress {'model_id': 'Qwen/Qwen2.5-VL-3B-Instruct', 'completed': 3, 'total': 80, 'domain_accuracy': 0.0, 'hierarchical_accuracy': 0.0, 'oracle_domain_accuracy': 0.0}\n"}
,{"stream_name":"stderr","time":240.087633705,"data":"[transformers] Both `max_new_tokens` (=80) and `max_length`(=20) seem to have been set. `max_new_tokens` will take precedence. Please refer to the documentation for more information. (https://huggingface.co/docs/transformers/main/en/main_classes/text_generation)\n"}
,{"stream_name":"stderr","time":245.862293813,"data":"[transformers] You seem to be using the pipelines sequentially on GPU. In order to maximize efficiency please use a dataset\n"}
,{"stream_name":"stderr","time":245.878067941,"data":"[transformers] Both `max_new_tokens` (=96) and `max_length`(=20) seem to have been set. `max_new_tokens` will take precedence. Please refer to the documentation for more information. (https://huggingface.co/docs/transformers/main/en/main_classes/text_generation)\n"}
,{"stream_name":"stdout","time":253.685256065,"data":"[2026-05-11T19:19:33.522506+00:00] hierarchical_eval: progress {'model_id': 'Qwen/Qwen2.5-VL-3B-Instruct', 'completed': 4, 'total': 80, 'domain_accuracy': 0.25, 'hierarchical_accuracy': 0.0, 'oracle_domain_accuracy': 0.0}\n"}
,{"stream_name":"stderr","time":253.705454665,"data":"[transformers] Both `max_new_tokens` (=80) and `max_length`(=20) seem to have been set. `max_new_tokens` will take precedence. Please refer to the documentation for more information. (https://huggingface.co/docs/transformers/main/en/main_classes/text_generation)\n"}
,{"stream_name":"stderr","time":259.960973566,"data":"[transformers] Both `max_new_tokens` (=96) and `max_length`(=20) seem to have been set. `max_new_tokens` will take precedence. Please refer to the documentation for more information. (https://huggingface.co/docs/transformers/main/en/main_classes/text_generation)\n"}
,{"stream_name":"stderr","time":266.633467309,"data":"[transformers] Both `max_new_tokens` (=96) and `max_length`(=20) seem to have been set. `max_new_tokens` will take precedence. Please refer to the documentation for more information. (https://huggingface.co/docs/transformers/main/en/main_classes/text_generation)\n"}
,{"stream_name":"stdout","time":274.256497223,"data":"[2026-05-11T19:19:54.093755+00:00] hierarchical_eval: progress {'model_id': 'Qwen/Qwen2.5-VL-3B-Instruct', 'completed': 5, 'total': 80, 'domain_accuracy': 0.2, 'hierarchical_accuracy': 0.0, 'oracle_domain_accuracy': 0.0}\n"}
,{"stream_name":"stderr","time":274.273831291,"data":"[transformers] Both `max_new_tokens` (=80) and `max_length`(=20) seem to have been set. `max_new_tokens` will take precedence. Please refer to the documentation for more information. (https://huggingface.co/docs/transformers/main/en/main_classes/text_generation)\n"}
,{"stream_name":"stderr","time":280.947812829,"data":"[transformers] Both `max_new_tokens` (=96) and `max_length`(=20) seem to have been set. `max_new_tokens` will take precedence. Please refer to the documentation for more information. (https://huggingface.co/docs/transformers/main/en/main_classes/text_generation)\n"}
,{"stream_name":"stderr","time":287.645223222,"data":"[transformers] Both `max_new_tokens` (=96) and `max_length`(=20) seem to have been set. `max_new_tokens` will take precedence. Please refer to the documentation for more information. (https://huggingface.co/docs/transformers/main/en/main_classes/text_generation)\n"}
,{"stream_name":"stdout","time":296.537718827,"data":"[2026-05-11T19:20:16.374985+00:00] hierarchical_eval: progress {'model_id': 'Qwen/Qwen2.5-VL-3B-Instruct', 'completed': 6, 'total': 80, 'domain_accuracy': 0.1667, 'hierarchical_accuracy': 0.0, 'oracle_domain_accuracy': 0.0}\n"}
,{"stream_name":"stderr","time":296.55532195,"data":"[transformers] Both `max_new_tokens` (=80) and `max_length`(=20) seem to have been set. `max_new_tokens` will take precedence. Please refer to the documentation for more information. (https://huggingface.co/docs/transformers/main/en/main_classes/text_generation)\n"}
,{"stream_name":"stderr","time":302.662117607,"data":"[transformers] Both `max_new_tokens` (=96) and `max_length`(=20) seem to have been set. `max_new_tokens` will take precedence. Please refer to the documentation for more information. (https://huggingface.co/docs/transformers/main/en/main_classes/text_generation)\n"}
,{"stream_name":"stdout","time":309.804635872,"data":"[2026-05-11T19:20:29.641887+00:00] hierarchical_eval: progress {'model_id': 'Qwen/Qwen2.5-VL-3B-Instruct', 'completed': 7, 'total': 80, 'domain_accuracy': 0.2857, 'hierarchical_accuracy': 0.0, 'oracle_domain_accuracy': 0.0}\n"}
,{"stream_name":"stderr","time":309.822265757,"data":"[transformers] Both `max_new_tokens` (=80) and `max_length`(=20) seem to have been set. `max_new_tokens` will take precedence. Please refer to the documentation for more information. (https://huggingface.co/docs/transformers/main/en/main_classes/text_generation)\n"}
,{"stream_name":"stderr","time":317.745497476,"data":"[transformers] Both `max_new_tokens` (=96) and `max_length`(=20) seem to have been set. `max_new_tokens` will take precedence. Please refer to the documentation for more information. (https://huggingface.co/docs/transformers/main/en/main_classes/text_generation)\n"}
,{"stream_name":"stdout","time":325.47977162,"data":"[2026-05-11T19:20:45.317075+00:00] hierarchical_eval: progress {'model_id': 'Qwen/Qwen2.5-VL-3B-Instruct', 'completed': 8, 'total': 80, 'domain_accuracy': 0.375, 'hierarchical_accuracy': 0.0, 'oracle_domain_accuracy': 0.0}\n"}
,{"stream_name":"stderr","time":325.497863956,"data":"[transformers] Both `max_new_tokens` (=80) and `max_length`(=20) seem to have been set. `max_new_tokens` will take precedence. Please refer to the documentation for more information. (https://huggingface.co/docs/transformers/main/en/main_classes/text_generation)\n"}
,{"stream_name":"stderr","time":333.041948718,"data":"[transformers] Both `max_new_tokens` (=96) and `max_length`(=20) seem to have been set. `max_new_tokens` will take precedence. Please refer to the documentation for more information. (https://huggingface.co/docs/transformers/main/en/main_classes/text_generation)\n"}
,{"stream_name":"stderr","time":339.761409678,"data":"[transformers] Both `max_new_tokens` (=96) and `max_length`(=20) seem to have been set. `max_new_tokens` will take precedence. Please refer to the documentation for more information. (https://huggingface.co/docs/transformers/main/en/main_classes/text_generation)\n"}
,{"stream_name":"stdout","time":347.371099294,"data":"[2026-05-11T19:21:07.208392+00:00] hierarchical_eval: progress {'model_id': 'Qwen/Qwen2.5-VL-3B-Instruct', 'completed': 9, 'total': 80, 'domain_accuracy': 0.3333, 'hierarchical_accuracy': 0.0, 'oracle_domain_accuracy': 0.0}\n"}
,{"stream_name":"stderr","time":347.389054864,"data":"[transformers] Both `max_new_tokens` (=80) and `max_length`(=20) seem to have been set. `max_new_tokens` will take precedence. Please refer to the documentation for more information. (https://huggingface.co/docs/transformers/main/en/main_classes/text_generation)\n"}
,{"stream_name":"stderr","time":354.904693006,"data":"[transformers] Both `max_new_tokens` (=96) and `max_length`(=20) seem to have been set. `max_new_tokens` will take precedence. Please refer to the documentation for more information. (https://huggingface.co/docs/transformers/main/en/main_classes/text_generation)\n"}
,{"stream_name":"stdout","time":362.702160587,"data":"[2026-05-11T19:21:22.539371+00:00] hierarchical_eval: progress {'model_id': 'Qwen/Qwen2.5-VL-3B-Instruct', 'completed': 10, 'total': 80, 'domain_accuracy': 0.4, 'hierarchical_accuracy': 0.0, 'oracle_domain_accuracy': 0.0}\n"}
,{"stream_name":"stderr","time":362.715906674,"data":"[transformers] Both `max_new_tokens` (=80) and `max_length`(=20) seem to have been set. `max_new_tokens` will take precedence. Please refer to the documentation for more information. (https://huggingface.co/docs/transformers/main/en/main_classes/text_generation)\n"}
,{"stream_name":"stderr","time":369.487580163,"data":"[transformers] Both `max_new_tokens` (=96) and `max_length`(=20) seem to have been set. `max_new_tokens` will take precedence. Please refer to the documentation for more information. (https://huggingface.co/docs/transformers/main/en/main_classes/text_generation)\n"}
,{"stream_name":"stdout","time":376.195884778,"data":"[2026-05-11T19:21:36.033148+00:00] hierarchical_eval: progress {'model_id': 'Qwen/Qwen2.5-VL-3B-Instruct', 'completed': 11, 'total': 80, 'domain_accuracy': 0.4545, 'hierarchical_accuracy': 0.0, 'oracle_domain_accuracy': 0.0}\n"}
,{"stream_name":"stderr","time":376.208443132,"data":"[transformers] Both `max_new_tokens` (=80) and `max_length`(=20) seem to have been set. `max_new_tokens` will take precedence. Please refer to the documentation for more information. (https://huggingface.co/docs/transformers/main/en/main_classes/text_generation)\n"}
,{"stream_name":"stderr","time":380.875450383,"data":"[transformers] Both `max_new_tokens` (=96) and `max_length`(=20) seem to have been set. `max_new_tokens` will take precedence. Please refer to the documentation for more information. (https://huggingface.co/docs/transformers/main/en/main_classes/text_generation)\n"}
,{"stream_name":"stdout","time":388.683136775,"data":"[2026-05-11T19:21:48.520310+00:00] hierarchical_eval: progress {'model_id': 'Qwen/Qwen2.5-VL-3B-Instruct', 'completed': 12, 'total': 80, 'domain_accuracy': 0.5, 'hierarchical_accuracy': 0.0, 'oracle_domain_accuracy': 0.0}\n"}
,{"stream_name":"stderr","time":388.694507215,"data":"[transformers] Both `max_new_tokens` (=80) and `max_length`(=20) seem to have been set. `max_new_tokens` will take precedence. Please refer to the documentation for more information. (https://huggingface.co/docs/transformers/main/en/main_classes/text_generation)\n"}
,{"stream_name":"stderr","time":393.38112066,"data":"[transformers] Both `max_new_tokens` (=96) and `max_length`(=20) seem to have been set. `max_new_tokens` will take precedence. Please refer to the documentation for more information. (https://huggingface.co/docs/transformers/main/en/main_classes/text_generation)\n"}
,{"stream_name":"stdout","time":399.402463836,"data":"[2026-05-11T19:21:59.239740+00:00] hierarchical_eval: progress {'model_id': 'Qwen/Qwen2.5-VL-3B-Instruct', 'completed': 13, 'total': 80, 'domain_accuracy': 0.5385, 'hierarchical_accuracy': 0.0, 'oracle_domain_accuracy': 0.0}\n"}
,{"stream_name":"stderr","time":399.413585077,"data":"[transformers] Both `max_new_tokens` (=80) and `max_length`(=20) seem to have been set. `max_new_tokens` will take precedence. Please refer to the documentation for more information. (https://huggingface.co/docs/transformers/main/en/main_classes/text_generation)\n"}
,{"stream_name":"stderr","time":403.989048252,"data":"[transformers] Both `max_new_tokens` (=96) and `max_length`(=20) seem to have been set. `max_new_tokens` will take precedence. Please refer to the documentation for more information. (https://huggingface.co/docs/transformers/main/en/main_classes/text_generation)\n"}
,{"stream_name":"stdout","time":411.193996568,"data":"[2026-05-11T19:22:11.031319+00:00] hierarchical_eval: progress {'model_id': 'Qwen/Qwen2.5-VL-3B-Instruct', 'completed': 14, 'total': 80, 'domain_accuracy': 0.5714, 'hierarchical_accuracy': 0.0, 'oracle_domain_accuracy': 0.0}\n"}
,{"stream_name":"stderr","time":411.21774957,"data":"[transformers] Both `max_new_tokens` (=80) and `max_length`(=20) seem to have been set. `max_new_tokens` will take precedence. Please refer to the documentation for more information. (https://huggingface.co/docs/transformers/main/en/main_classes/text_generation)\n"}
,{"stream_name":"stderr","time":418.831349719,"data":"[transformers] Both `max_new_tokens` (=96) and `max_length`(=20) seem to have been set. `max_new_tokens` will take precedence. Please refer to the documentation for more information. (https://huggingface.co/docs/transformers/main/en/main_classes/text_generation)\n"}
,{"stream_name":"stderr","time":425.763017221,"data":"[transformers] Both `max_new_tokens` (=96) and `max_length`(=20) seem to have been set. `max_new_tokens` will take precedence. Please refer to the documentation for more information. (https://huggingface.co/docs/transformers/main/en/main_classes/text_generation)\n"}
,{"stream_name":"stdout","time":433.573782616,"data":"[2026-05-11T19:22:33.411053+00:00] hierarchical_eval: progress {'model_id': 'Qwen/Qwen2.5-VL-3B-Instruct', 'completed': 15, 'total': 80, 'domain_accuracy': 0.5333, 'hierarchical_accuracy': 0.0, 'oracle_domain_accuracy': 0.0}\n"}
,{"stream_name":"stderr","time":433.586954242,"data":"[transformers] Both `max_new_tokens` (=80) and `max_length`(=20) seem to have been set. `max_new_tokens` will take precedence. Please refer to the documentation for more information. (https://huggingface.co/docs/transformers/main/en/main_classes/text_generation)\n"}
,{"stream_name":"stderr","time":439.047551989,"data":"[transformers] Both `max_new_tokens` (=96) and `max_length`(=20) seem to have been set. `max_new_tokens` will take precedence. Please refer to the documentation for more information. (https://huggingface.co/docs/transformers/main/en/main_classes/text_generation)\n"}
,{"stream_name":"stderr","time":444.842298753,"data":"[transformers] Both `max_new_tokens` (=96) and `max_length`(=20) seem to have been set. `max_new_tokens` will take precedence. Please refer to the documentation for more information. (https://huggingface.co/docs/transformers/main/en/main_classes/text_generation)\n"}
,{"stream_name":"stdout","time":451.670100035,"data":"[2026-05-11T19:22:51.507259+00:00] hierarchical_eval: progress {'model_id': 'Qwen/Qwen2.5-VL-3B-Instruct', 'completed': 16, 'total': 80, 'domain_accuracy': 0.5, 'hierarchical_accuracy': 0.0, 'oracle_domain_accuracy': 0.0}\n"}
,{"stream_name":"stderr","time":451.681308531,"data":"[transformers] Both `max_new_tokens` (=80) and `max_length`(=20) seem to have been set. `max_new_tokens` will take precedence. Please refer to the documentation for more information. (https://huggingface.co/docs/transformers/main/en/main_classes/text_generation)\n"}
,{"stream_name":"stderr","time":457.812443174,"data":"[transformers] Both `max_new_tokens` (=96) and `max_length`(=20) seem to have been set. `max_new_tokens` will take precedence. Please refer to the documentation for more information. (https://huggingface.co/docs/transformers/main/en/main_classes/text_generation)\n"}
,{"stream_name":"stderr","time":463.067030912,"data":"[transformers] Both `max_new_tokens` (=96) and `max_length`(=20) seem to have been set. `max_new_tokens` will take precedence. Please refer to the documentation for more information. (https://huggingface.co/docs/transformers/main/en/main_classes/text_generation)\n"}
,{"stream_name":"stdout","time":469.426489947,"data":"[2026-05-11T19:23:09.263667+00:00] hierarchical_eval: progress {'model_id': 'Qwen/Qwen2.5-VL-3B-Instruct', 'completed': 17, 'total': 80, 'domain_accuracy': 0.4706, 'hierarchical_accuracy': 0.0, 'oracle_domain_accuracy': 0.0}\n"}
,{"stream_name":"stderr","time":469.438753358,"data":"[transformers] Both `max_new_tokens` (=80) and `max_length`(=20) seem to have been set. `max_new_tokens` will take precedence. Please refer to the documentation for more information. (https://huggingface.co/docs/transformers/main/en/main_classes/text_generation)\n"}
,{"stream_name":"stderr","time":474.346217508,"data":"[transformers] Both `max_new_tokens` (=96) and `max_length`(=20) seem to have been set. `max_new_tokens` will take precedence. Please refer to the documentation for more information. (https://huggingface.co/docs/transformers/main/en/main_classes/text_generation)\n"}
,{"stream_name":"stdout","time":481.216601149,"data":"[2026-05-11T19:23:21.053914+00:00] hierarchical_eval: progress {'model_id': 'Qwen/Qwen2.5-VL-3B-Instruct', 'completed': 18, 'total': 80, 'domain_accuracy': 0.5, 'hierarchical_accuracy': 0.0, 'oracle_domain_accuracy': 0.0}\n"}
,{"stream_name":"stderr","time":481.227866898,"data":"[transformers] Both `max_new_tokens` (=80) and `max_length`(=20) seem to have been set. `max_new_tokens` will take precedence. Please refer to the documentation for more information. (https://huggingface.co/docs/transformers/main/en/main_classes/text_generation)\n"}
,{"stream_name":"stderr","time":486.883023108,"data":"[transformers] Both `max_new_tokens` (=96) and `max_length`(=20) seem to have been set. `max_new_tokens` will take precedence. Please refer to the documentation for more information. (https://huggingface.co/docs/transformers/main/en/main_classes/text_generation)\n"}
,{"stream_name":"stdout","time":494.243076845,"data":"[2026-05-11T19:23:34.080272+00:00] hierarchical_eval: progress {'model_id': 'Qwen/Qwen2.5-VL-3B-Instruct', 'completed': 19, 'total': 80, 'domain_accuracy': 0.5263, 'hierarchical_accuracy': 0.0, 'oracle_domain_accuracy': 0.0}\n"}
,{"stream_name":"stderr","time":494.266289979,"data":"[transformers] Both `max_new_tokens` (=80) and `max_length`(=20) seem to have been set. `max_new_tokens` will take precedence. Please refer to the documentation for more information. (https://huggingface.co/docs/transformers/main/en/main_classes/text_generation)\n"}
,{"stream_name":"stderr","time":502.141408144,"data":"[transformers] Both `max_new_tokens` (=96) and `max_length`(=20) seem to have been set. `max_new_tokens` will take precedence. Please refer to the documentation for more information. (https://huggingface.co/docs/transformers/main/en/main_classes/text_generation)\n"}
,{"stream_name":"stderr","time":508.931714256,"data":"[transformers] Both `max_new_tokens` (=96) and `max_length`(=20) seem to have been set. `max_new_tokens` will take precedence. Please refer to the documentation for more information. (https://huggingface.co/docs/transformers/main/en/main_classes/text_generation)\n"}
,{"stream_name":"stdout","time":516.684365527,"data":"[2026-05-11T19:23:56.521582+00:00] hierarchical_eval: progress {'model_id': 'Qwen/Qwen2.5-VL-3B-Instruct', 'completed': 20, 'total': 80, 'domain_accuracy': 0.5, 'hierarchical_accuracy': 0.0, 'oracle_domain_accuracy': 0.0}\n"}
,{"stream_name":"stderr","time":516.695349506,"data":"[transformers] Both `max_new_tokens` (=80) and `max_length`(=20) seem to have been set. `max_new_tokens` will take precedence. Please refer to the documentation for more information. (https://huggingface.co/docs/transformers/main/en/main_classes/text_generation)\n"}
,{"stream_name":"stderr","time":522.959834363,"data":"[transformers] Both `max_new_tokens` (=96) and `max_length`(=20) seem to have been set. `max_new_tokens` will take precedence. Please refer to the documentation for more information. (https://huggingface.co/docs/transformers/main/en/main_classes/text_generation)\n"}
,{"stream_name":"stderr","time":527.525386782,"data":"[transformers] Both `max_new_tokens` (=96) and `max_length`(=20) seem to have been set. `max_new_tokens` will take precedence. Please refer to the documentation for more information. (https://huggingface.co/docs/transformers/main/en/main_classes/text_generation)\n"}
,{"stream_name":"stdout","time":531.647422782,"data":"[2026-05-11T19:24:11.484608+00:00] hierarchical_eval: progress {'model_id': 'Qwen/Qwen2.5-VL-3B-Instruct', 'completed': 21, 'total': 80, 'domain_accuracy': 0.4762, 'hierarchical_accuracy': 0.0, 'oracle_domain_accuracy': 0.0476}\n"}
,{"stream_name":"stderr","time":531.658713957,"data":"[transformers] Both `max_new_tokens` (=80) and `max_length`(=20) seem to have been set. `max_new_tokens` will take precedence. Please refer to the documentation for more information. (https://huggingface.co/docs/transformers/main/en/main_classes/text_generation)\n"}
,{"stream_name":"stderr","time":538.080376939,"data":"[transformers] Both `max_new_tokens` (=96) and `max_length`(=20) seem to have been set. `max_new_tokens` will take precedence. Please refer to the documentation for more information. (https://huggingface.co/docs/transformers/main/en/main_classes/text_generation)\n"}
,{"stream_name":"stderr","time":543.480097209,"data":"[transformers] Both `max_new_tokens` (=96) and `max_length`(=20) seem to have been set. `max_new_tokens` will take precedence. Please refer to the documentation for more information. (https://huggingface.co/docs/transformers/main/en/main_classes/text_generation)\n"}
,{"stream_name":"stdout","time":549.867699739,"data":"[2026-05-11T19:24:29.704849+00:00] hierarchical_eval: progress {'model_id': 'Qwen/Qwen2.5-VL-3B-Instruct', 'completed': 22, 'total': 80, 'domain_accuracy': 0.4545, 'hierarchical_accuracy': 0.0, 'oracle_domain_accuracy': 0.0909}\n"}
,{"stream_name":"stderr","time":549.879937607,"data":"[transformers] Both `max_new_tokens` (=80) and `max_length`(=20) seem to have been set. `max_new_tokens` will take precedence. Please refer to the documentation for more information. (https://huggingface.co/docs/transformers/main/en/main_classes/text_generation)\n"}
,{"stream_name":"stderr","time":556.28527137,"data":"[transformers] Both `max_new_tokens` (=96) and `max_length`(=20) seem to have been set. `max_new_tokens` will take precedence. Please refer to the documentation for more information. (https://huggingface.co/docs/transformers/main/en/main_classes/text_generation)\n"}
,{"stream_name":"stderr","time":560.903368985,"data":"[transformers] Both `max_new_tokens` (=96) and `max_length`(=20) seem to have been set. `max_new_tokens` will take precedence. Please refer to the documentation for more information. (https://huggingface.co/docs/transformers/main/en/main_classes/text_generation)\n"}
,{"stream_name":"stdout","time":568.557277648,"data":"[2026-05-11T19:24:48.394503+00:00] hierarchical_eval: progress {'model_id': 'Qwen/Qwen2.5-VL-3B-Instruct', 'completed': 23, 'total': 80, 'domain_accuracy': 0.4348, 'hierarchical_accuracy': 0.0, 'oracle_domain_accuracy': 0.1304}\n"}
,{"stream_name":"stderr","time":568.568837663,"data":"[transformers] Both `max_new_tokens` (=80) and `max_length`(=20) seem to have been set. `max_new_tokens` will take precedence. Please refer to the documentation for more information. (https://huggingface.co/docs/transformers/main/en/main_classes/text_generation)\n"}
,{"stream_name":"stderr","time":575.872825986,"data":"[transformers] Both `max_new_tokens` (=96) and `max_length`(=20) seem to have been set. `max_new_tokens` will take precedence. Please refer to the documentation for more information. (https://huggingface.co/docs/transformers/main/en/main_classes/text_generation)\n"}
,{"stream_name":"stderr","time":581.278420968,"data":"[transformers] Both `max_new_tokens` (=96) and `max_length`(=20) seem to have been set. `max_new_tokens` will take precedence. Please refer to the documentation for more information. (https://huggingface.co/docs/transformers/main/en/main_classes/text_generation)\n"}
,{"stream_name":"stdout","time":587.814429186,"data":"[2026-05-11T19:25:07.651666+00:00] hierarchical_eval: progress {'model_id': 'Qwen/Qwen2.5-VL-3B-Instruct', 'completed': 24, 'total': 80, 'domain_accuracy': 0.4167, 'hierarchical_accuracy': 0.0, 'oracle_domain_accuracy': 0.1667}\n"}
,{"stream_name":"stderr","time":587.826275459,"data":"[transformers] Both `max_new_tokens` (=80) and `max_length`(=20) seem to have been set. `max_new_tokens` will take precedence. Please refer to the documentation for more information. (https://huggingface.co/docs/transformers/main/en/main_classes/text_generation)\n"}
,{"stream_name":"stderr","time":594.968658333,"data":"[transformers] Both `max_new_tokens` (=96) and `max_length`(=20) seem to have been set. `max_new_tokens` will take precedence. Please refer to the documentation for more information. (https://huggingface.co/docs/transformers/main/en/main_classes/text_generation)\n"}
,{"stream_name":"stderr","time":600.581285167,"data":"[transformers] Both `max_new_tokens` (=96) and `max_length`(=20) seem to have been set. `max_new_tokens` will take precedence. Please refer to the documentation for more information. (https://huggingface.co/docs/transformers/main/en/main_classes/text_generation)\n"}
,{"stream_name":"stdout","time":606.996988088,"data":"[2026-05-11T19:25:26.834206+00:00] hierarchical_eval: progress {'model_id': 'Qwen/Qwen2.5-VL-3B-Instruct', 'completed': 25, 'total': 80, 'domain_accuracy': 0.4, 'hierarchical_accuracy': 0.0, 'oracle_domain_accuracy': 0.2}\n"}
,{"stream_name":"stderr","time":607.009848398,"data":"[transformers] Both `max_new_tokens` (=80) and `max_length`(=20) seem to have been set. `max_new_tokens` will take precedence. Please refer to the documentation for more information. (https://huggingface.co/docs/transformers/main/en/main_classes/text_generation)\n"}
,{"stream_name":"stderr","time":612.091911437,"data":"[transformers] Both `max_new_tokens` (=96) and `max_length`(=20) seem to have been set. `max_new_tokens` will take precedence. Please refer to the documentation for more information. (https://huggingface.co/docs/transformers/main/en/main_classes/text_generation)\n"}
,{"stream_name":"stderr","time":617.944163872,"data":"[transformers] Both `max_new_tokens` (=96) and `max_length`(=20) seem to have been set. `max_new_tokens` will take precedence. Please refer to the documentation for more information. (https://huggingface.co/docs/transformers/main/en/main_classes/text_generation)\n"}
,{"stream_name":"stdout","time":624.423044346,"data":"[2026-05-11T19:25:44.260182+00:00] hierarchical_eval: progress {'model_id': 'Qwen/Qwen2.5-VL-3B-Instruct', 'completed': 26, 'total': 80, 'domain_accuracy': 0.3846, 'hierarchical_accuracy': 0.0, 'oracle_domain_accuracy': 0.2308}\n"}
,{"stream_name":"stderr","time":624.43505929,"data":"[transformers] Both `max_new_tokens` (=80) and `max_length`(=20) seem to have been set. `max_new_tokens` will take precedence. Please refer to the documentation for more information. (https://huggingface.co/docs/transformers/main/en/main_classes/text_generation)\n"}
,{"stream_name":"stderr","time":630.015728403,"data":"[transformers] Both `max_new_tokens` (=96) and `max_length`(=20) seem to have been set. `max_new_tokens` will take precedence. Please refer to the documentation for more information. (https://huggingface.co/docs/transformers/main/en/main_classes/text_generation)\n"}
,{"stream_name":"stderr","time":635.566865003,"data":"[transformers] Both `max_new_tokens` (=96) and `max_length`(=20) seem to have been set. `max_new_tokens` will take precedence. Please refer to the documentation for more information. (https://huggingface.co/docs/transformers/main/en/main_classes/text_generation)\n"}
,{"stream_name":"stdout","time":642.069208047,"data":"[2026-05-11T19:26:01.906395+00:00] hierarchical_eval: progress {'model_id': 'Qwen/Qwen2.5-VL-3B-Instruct', 'completed': 27, 'total': 80, 'domain_accuracy': 0.3704, 'hierarchical_accuracy': 0.0, 'oracle_domain_accuracy': 0.2593}\n"}
,{"stream_name":"stderr","time":642.081145151,"data":"[transformers] Both `max_new_tokens` (=80) and `max_length`(=20) seem to have been set. `max_new_tokens` will take precedence. Please refer to the documentation for more information. (https://huggingface.co/docs/transformers/main/en/main_classes/text_generation)\n"}
,{"stream_name":"stderr","time":647.793578341,"data":"[transformers] Both `max_new_tokens` (=96) and `max_length`(=20) seem to have been set. `max_new_tokens` will take precedence. Please refer to the documentation for more information. (https://huggingface.co/docs/transformers/main/en/main_classes/text_generation)\n"}
,{"stream_name":"stderr","time":653.406349183,"data":"[transformers] Both `max_new_tokens` (=96) and `max_length`(=20) seem to have been set. `max_new_tokens` will take precedence. Please refer to the documentation for more information. (https://huggingface.co/docs/transformers/main/en/main_classes/text_generation)\n"}
,{"stream_name":"stdout","time":660.000325085,"data":"[2026-05-11T19:26:19.837420+00:00] hierarchical_eval: progress {'model_id': 'Qwen/Qwen2.5-VL-3B-Instruct', 'completed': 28, 'total': 80, 'domain_accuracy': 0.3571, 'hierarchical_accuracy': 0.0, 'oracle_domain_accuracy': 0.2857}\n"}
,{"stream_name":"stderr","time":660.012448745,"data":"[transformers] Both `max_new_tokens` (=80) and `max_length`(=20) seem to have been set. `max_new_tokens` will take precedence. Please refer to the documentation for more information. (https://huggingface.co/docs/transformers/main/en/main_classes/text_generation)\n"}
,{"stream_name":"stderr","time":667.291270171,"data":"[transformers] Both `max_new_tokens` (=96) and `max_length`(=20) seem to have been set. `max_new_tokens` will take precedence. Please refer to the documentation for more information. (https://huggingface.co/docs/transformers/main/en/main_classes/text_generation)\n"}
,{"stream_name":"stderr","time":672.071582954,"data":"[transformers] Both `max_new_tokens` (=96) and `max_length`(=20) seem to have been set. `max_new_tokens` will take precedence. Please refer to the documentation for more information. (https://huggingface.co/docs/transformers/main/en/main_classes/text_generation)\n"}
,{"stream_name":"stdout","time":676.293250302,"data":"[2026-05-11T19:26:36.130425+00:00] hierarchical_eval: progress {'model_id': 'Qwen/Qwen2.5-VL-3B-Instruct', 'completed': 29, 'total': 80, 'domain_accuracy': 0.3448, 'hierarchical_accuracy': 0.0, 'oracle_domain_accuracy': 0.3103}\n"}
,{"stream_name":"stderr","time":676.304737778,"data":"[transformers] Both `max_new_tokens` (=80) and `max_length`(=20) seem to have been set. `max_new_tokens` will take precedence. Please refer to the documentation for more information. (https://huggingface.co/docs/transformers/main/en/main_classes/text_generation)\n"}
,{"stream_name":"stderr","time":681.503128138,"data":"[transformers] Both `max_new_tokens` (=96) and `max_length`(=20) seem to have been set. `max_new_tokens` will take precedence. Please refer to the documentation for more information. (https://huggingface.co/docs/transformers/main/en/main_classes/text_generation)\n"}
,{"stream_name":"stderr","time":687.039571061,"data":"[transformers] Both `max_new_tokens` (=96) and `max_length`(=20) seem to have been set. `max_new_tokens` will take precedence. Please refer to the documentation for more information. (https://huggingface.co/docs/transformers/main/en/main_classes/text_generation)\n"}
,{"stream_name":"stdout","time":693.618948719,"data":"[2026-05-11T19:26:53.456137+00:00] hierarchical_eval: progress {'model_id': 'Qwen/Qwen2.5-VL-3B-Instruct', 'completed': 30, 'total': 80, 'domain_accuracy': 0.3333, 'hierarchical_accuracy': 0.0, 'oracle_domain_accuracy': 0.3333}\n"}
,{"stream_name":"stderr","time":693.636832101,"data":"[transformers] Both `max_new_tokens` (=80) and `max_length`(=20) seem to have been set. `max_new_tokens` will take precedence. Please refer to the documentation for more information. (https://huggingface.co/docs/transformers/main/en/main_classes/text_generation)\n"}
,{"stream_name":"stderr","time":700.631256875,"data":"[transformers] Both `max_new_tokens` (=96) and `max_length`(=20) seem to have been set. `max_new_tokens` will take precedence. Please refer to the documentation for more information. (https://huggingface.co/docs/transformers/main/en/main_classes/text_generation)\n"}
,{"stream_name":"stderr","time":707.530418212,"data":"[transformers] Both `max_new_tokens` (=96) and `max_length`(=20) seem to have been set. `max_new_tokens` will take precedence. Please refer to the documentation for more information. (https://huggingface.co/docs/transformers/main/en/main_classes/text_generation)\n"}
,{"stream_name":"stdout","time":714.8933179,"data":"[2026-05-11T19:27:14.730393+00:00] hierarchical_eval: progress {'model_id': 'Qwen/Qwen2.5-VL-3B-Instruct', 'completed': 31, 'total': 80, 'domain_accuracy': 0.3226, 'hierarchical_accuracy': 0.0, 'oracle_domain_accuracy': 0.3226}\n"}
,{"stream_name":"stderr","time":714.913509155,"data":"[transformers] Both `max_new_tokens` (=80) and `max_length`(=20) seem to have been set. `max_new_tokens` will take precedence. Please refer to the documentation for more information. (https://huggingface.co/docs/transformers/main/en/main_classes/text_generation)\n"}
,{"stream_name":"stderr","time":722.860416333,"data":"[transformers] Both `max_new_tokens` (=96) and `max_length`(=20) seem to have been set. `max_new_tokens` will take precedence. Please refer to the documentation for more information. (https://huggingface.co/docs/transformers/main/en/main_classes/text_generation)\n"}
,{"stream_name":"stderr","time":729.726396093,"data":"[transformers] Both `max_new_tokens` (=96) and `max_length`(=20) seem to have been set. `max_new_tokens` will take precedence. Please refer to the documentation for more information. (https://huggingface.co/docs/transformers/main/en/main_classes/text_generation)\n"}
,{"stream_name":"stdout","time":737.499473946,"data":"[2026-05-11T19:27:37.336639+00:00] hierarchical_eval: progress {'model_id': 'Qwen/Qwen2.5-VL-3B-Instruct', 'completed': 32, 'total': 80, 'domain_accuracy': 0.3125, 'hierarchical_accuracy': 0.0, 'oracle_domain_accuracy': 0.3125}\n"}
,{"stream_name":"stderr","time":737.517397842,"data":"[transformers] Both `max_new_tokens` (=80) and `max_length`(=20) seem to have been set. `max_new_tokens` will take precedence. Please refer to the documentation for more information. (https://huggingface.co/docs/transformers/main/en/main_classes/text_generation)\n"}
,{"stream_name":"stderr","time":745.301076391,"data":"[transformers] Both `max_new_tokens` (=96) and `max_length`(=20) seem to have been set. `max_new_tokens` will take precedence. Please refer to the documentation for more information. (https://huggingface.co/docs/transformers/main/en/main_classes/text_generation)\n"}
,{"stream_name":"stderr","time":752.249254822,"data":"[transformers] Both `max_new_tokens` (=96) and `max_length`(=20) seem to have been set. `max_new_tokens` will take precedence. Please refer to the documentation for more information. (https://huggingface.co/docs/transformers/main/en/main_classes/text_generation)\n"}
,{"stream_name":"stdout","time":759.661237449,"data":"[2026-05-11T19:27:59.498374+00:00] hierarchical_eval: progress {'model_id': 'Qwen/Qwen2.5-VL-3B-Instruct', 'completed': 33, 'total': 80, 'domain_accuracy': 0.303, 'hierarchical_accuracy': 0.0, 'oracle_domain_accuracy': 0.303}\n"}
,{"stream_name":"stderr","time":759.678835495,"data":"[transformers] Both `max_new_tokens` (=80) and `max_length`(=20) seem to have been set. `max_new_tokens` will take precedence. Please refer to the documentation for more information. (https://huggingface.co/docs/transformers/main/en/main_classes/text_generation)\n"}
,{"stream_name":"stderr","time":768.178416676,"data":"[transformers] Both `max_new_tokens` (=96) and `max_length`(=20) seem to have been set. `max_new_tokens` will take precedence. Please refer to the documentation for more information. (https://huggingface.co/docs/transformers/main/en/main_classes/text_generation)\n"}
,{"stream_name":"stderr","time":774.700185224,"data":"[transformers] Both `max_new_tokens` (=96) and `max_length`(=20) seem to have been set. `max_new_tokens` will take precedence. Please refer to the documentation for more information. (https://huggingface.co/docs/transformers/main/en/main_classes/text_generation)\n"}
,{"stream_name":"stdout","time":782.098050168,"data":"[2026-05-11T19:28:21.935250+00:00] hierarchical_eval: progress {'model_id': 'Qwen/Qwen2.5-VL-3B-Instruct', 'completed': 34, 'total': 80, 'domain_accuracy': 0.2941, 'hierarchical_accuracy': 0.0, 'oracle_domain_accuracy': 0.2941}\n"}
,{"stream_name":"stderr","time":782.116436949,"data":"[transformers] Both `max_new_tokens` (=80) and `max_length`(=20) seem to have been set. `max_new_tokens` will take precedence. Please refer to the documentation for more information. (https://huggingface.co/docs/transformers/main/en/main_classes/text_generation)\n"}
,{"stream_name":"stderr","time":789.65061724,"data":"[transformers] Both `max_new_tokens` (=96) and `max_length`(=20) seem to have been set. `max_new_tokens` will take precedence. Please refer to the documentation for more information. (https://huggingface.co/docs/transformers/main/en/main_classes/text_generation)\n"}
,{"stream_name":"stderr","time":796.502958943,"data":"[transformers] Both `max_new_tokens` (=96) and `max_length`(=20) seem to have been set. `max_new_tokens` will take precedence. Please refer to the documentation for more information. (https://huggingface.co/docs/transformers/main/en/main_classes/text_generation)\n"}
,{"stream_name":"stdout","time":804.300352183,"data":"[2026-05-11T19:28:44.137542+00:00] hierarchical_eval: progress {'model_id': 'Qwen/Qwen2.5-VL-3B-Instruct', 'completed': 35, 'total': 80, 'domain_accuracy': 0.2857, 'hierarchical_accuracy': 0.0, 'oracle_domain_accuracy': 0.2857}\n"}
,{"stream_name":"stderr","time":804.318681186,"data":"[transformers] Both `max_new_tokens` (=80) and `max_length`(=20) seem to have been set. `max_new_tokens` will take precedence. Please refer to the documentation for more information. (https://huggingface.co/docs/transformers/main/en/main_classes/text_generation)\n"}
,{"stream_name":"stderr","time":813.033050654,"data":"[transformers] Both `max_new_tokens` (=96) and `max_length`(=20) seem to have been set. `max_new_tokens` will take precedence. Please refer to the documentation for more information. (https://huggingface.co/docs/transformers/main/en/main_classes/text_generation)\n"}
,{"stream_name":"stderr","time":819.95352677,"data":"[transformers] Both `max_new_tokens` (=96) and `max_length`(=20) seem to have been set. `max_new_tokens` will take precedence. Please refer to the documentation for more information. (https://huggingface.co/docs/transformers/main/en/main_classes/text_generation)\n"}
,{"stream_name":"stdout","time":828.962261494,"data":"[2026-05-11T19:29:08.799424+00:00] hierarchical_eval: progress {'model_id': 'Qwen/Qwen2.5-VL-3B-Instruct', 'completed': 36, 'total': 80, 'domain_accuracy': 0.2778, 'hierarchical_accuracy': 0.0, 'oracle_domain_accuracy': 0.2778}\n"}
,{"stream_name":"stderr","time":828.980032352,"data":"[transformers] Both `max_new_tokens` (=80) and `max_length`(=20) seem to have been set. `max_new_tokens` will take precedence. Please refer to the documentation for more information. (https://huggingface.co/docs/transformers/main/en/main_classes/text_generation)\n"}
,{"stream_name":"stderr","time":837.028692988,"data":"[transformers] Both `max_new_tokens` (=96) and `max_length`(=20) seem to have been set. `max_new_tokens` will take precedence. Please refer to the documentation for more information. (https://huggingface.co/docs/transformers/main/en/main_classes/text_generation)\n"}
,{"stream_name":"stderr","time":843.63660927,"data":"[transformers] Both `max_new_tokens` (=96) and `max_length`(=20) seem to have been set. `max_new_tokens` will take precedence. Please refer to the documentation for more information. (https://huggingface.co/docs/transformers/main/en/main_classes/text_generation)\n"}
,{"stream_name":"stdout","time":851.465197744,"data":"[2026-05-11T19:29:31.302450+00:00] hierarchical_eval: progress {'model_id': 'Qwen/Qwen2.5-VL-3B-Instruct', 'completed': 37, 'total': 80, 'domain_accuracy': 0.2703, 'hierarchical_accuracy': 0.0, 'oracle_domain_accuracy': 0.2703}\n"}
,{"stream_name":"stderr","time":851.483810452,"data":"[transformers] Both `max_new_tokens` (=80) and `max_length`(=20) seem to have been set. `max_new_tokens` will take precedence. Please refer to the documentation for more information. (https://huggingface.co/docs/transformers/main/en/main_classes/text_generation)\n"}
,{"stream_name":"stderr","time":858.93879986,"data":"[transformers] Both `max_new_tokens` (=96) and `max_length`(=20) seem to have been set. `max_new_tokens` will take precedence. Please refer to the documentation for more information. (https://huggingface.co/docs/transformers/main/en/main_classes/text_generation)\n"}
,{"stream_name":"stdout","time":866.755616976,"data":"[2026-05-11T19:29:46.592833+00:00] hierarchical_eval: progress {'model_id': 'Qwen/Qwen2.5-VL-3B-Instruct', 'completed': 38, 'total': 80, 'domain_accuracy': 0.2895, 'hierarchical_accuracy': 0.0, 'oracle_domain_accuracy': 0.2632}\n"}
,{"stream_name":"stderr","time":866.773390123,"data":"[transformers] Both `max_new_tokens` (=80) and `max_length`(=20) seem to have been set. `max_new_tokens` will take precedence. Please refer to the documentation for more information. (https://huggingface.co/docs/transformers/main/en/main_classes/text_generation)\n"}
,{"stream_name":"stderr","time":874.811723712,"data":"[transformers] Both `max_new_tokens` (=96) and `max_length`(=20) seem to have been set. `max_new_tokens` will take precedence. Please refer to the documentation for more information. (https://huggingface.co/docs/transformers/main/en/main_classes/text_generation)\n"}
,{"stream_name":"stderr","time":881.332812387,"data":"[transformers] Both `max_new_tokens` (=96) and `max_length`(=20) seem to have been set. `max_new_tokens` will take precedence. Please refer to the documentation for more information. (https://huggingface.co/docs/transformers/main/en/main_classes/text_generation)\n"}
,{"stream_name":"stdout","time":890.271355311,"data":"[2026-05-11T19:30:10.108529+00:00] hierarchical_eval: progress {'model_id': 'Qwen/Qwen2.5-VL-3B-Instruct', 'completed': 39, 'total': 80, 'domain_accuracy': 0.2821, 'hierarchical_accuracy': 0.0, 'oracle_domain_accuracy': 0.2564}\n"}
,{"stream_name":"stderr","time":890.289797849,"data":"[transformers] Both `max_new_tokens` (=80) and `max_length`(=20) seem to have been set. `max_new_tokens` will take precedence. Please refer to the documentation for more information. (https://huggingface.co/docs/transformers/main/en/main_classes/text_generation)\n"}
,{"stream_name":"stderr","time":897.995894143,"data":"[transformers] Both `max_new_tokens` (=96) and `max_length`(=20) seem to have been set. `max_new_tokens` will take precedence. Please refer to the documentation for more information. (https://huggingface.co/docs/transformers/main/en/main_classes/text_generation)\n"}
,{"stream_name":"stderr","time":904.676469545,"data":"[transformers] Both `max_new_tokens` (=96) and `max_length`(=20) seem to have been set. `max_new_tokens` will take precedence. Please refer to the documentation for more information. (https://huggingface.co/docs/transformers/main/en/main_classes/text_generation)\n"}
,{"stream_name":"stdout","time":911.896715193,"data":"[2026-05-11T19:30:31.733849+00:00] hierarchical_eval: progress {'model_id': 'Qwen/Qwen2.5-VL-3B-Instruct', 'completed': 40, 'total': 80, 'domain_accuracy': 0.275, 'hierarchical_accuracy': 0.0, 'oracle_domain_accuracy': 0.25}\n"}
,{"stream_name":"stderr","time":911.907208703,"data":"[transformers] Both `max_new_tokens` (=80) and `max_length`(=20) seem to have been set. `max_new_tokens` will take precedence. Please refer to the documentation for more information. (https://huggingface.co/docs/transformers/main/en/main_classes/text_generation)\n"}
,{"stream_name":"stderr","time":917.155592826,"data":"[transformers] Both `max_new_tokens` (=96) and `max_length`(=20) seem to have been set. `max_new_tokens` will take precedence. Please refer to the documentation for more information. (https://huggingface.co/docs/transformers/main/en/main_classes/text_generation)\n"}
,{"stream_name":"stdout","time":923.268392275,"data":"[2026-05-11T19:30:43.105609+00:00] hierarchical_eval: progress {'model_id': 'Qwen/Qwen2.5-VL-3B-Instruct', 'completed': 41, 'total': 80, 'domain_accuracy': 0.2927, 'hierarchical_accuracy': 0.0, 'oracle_domain_accuracy': 0.2439}\n"}
,{"stream_name":"stderr","time":923.278579199,"data":"[transformers] Both `max_new_tokens` (=80) and `max_length`(=20) seem to have been set. `max_new_tokens` will take precedence. Please refer to the documentation for more information. (https://huggingface.co/docs/transformers/main/en/main_classes/text_generation)\n"}
,{"stream_name":"stderr","time":928.018647868,"data":"[transformers] Both `max_new_tokens` (=96) and `max_length`(=20) seem to have been set. `max_new_tokens` will take precedence. Please refer to the documentation for more information. (https://huggingface.co/docs/transformers/main/en/main_classes/text_generation)\n"}
,{"stream_name":"stdout","time":932.859733046,"data":"[2026-05-11T19:30:52.697052+00:00] hierarchical_eval: progress {'model_id': 'Qwen/Qwen2.5-VL-3B-Instruct', 'completed': 42, 'total': 80, 'domain_accuracy': 0.3095, 'hierarchical_accuracy': 0.0, 'oracle_domain_accuracy': 0.2381}\n"}
,{"stream_name":"stderr","time":932.870701776,"data":"[transformers] Both `max_new_tokens` (=80) and `max_length`(=20) seem to have been set. `max_new_tokens` will take precedence. Please refer to the documentation for more information. (https://huggingface.co/docs/transformers/main/en/main_classes/text_generation)\n"}
,{"stream_name":"stderr","time":938.033306862,"data":"[transformers] Both `max_new_tokens` (=96) and `max_length`(=20) seem to have been set. `max_new_tokens` will take precedence. Please refer to the documentation for more information. (https://huggingface.co/docs/transformers/main/en/main_classes/text_generation)\n"}
,{"stream_name":"stdout","time":943.010514119,"data":"[2026-05-11T19:31:02.847687+00:00] hierarchical_eval: progress {'model_id': 'Qwen/Qwen2.5-VL-3B-Instruct', 'completed': 43, 'total': 80, 'domain_accuracy': 0.3256, 'hierarchical_accuracy': 0.0, 'oracle_domain_accuracy': 0.2326}\n"}
,{"stream_name":"stderr","time":943.021293027,"data":"[transformers] Both `max_new_tokens` (=80) and `max_length`(=20) seem to have been set. `max_new_tokens` will take precedence. Please refer to the documentation for more information. (https://huggingface.co/docs/transformers/main/en/main_classes/text_generation)\n"}
,{"stream_name":"stderr","time":947.888187374,"data":"[transformers] Both `max_new_tokens` (=96) and `max_length`(=20) seem to have been set. `max_new_tokens` will take precedence. Please refer to the documentation for more information. (https://huggingface.co/docs/transformers/main/en/main_classes/text_generation)\n"}
,{"stream_name":"stdout","time":953.605031039,"data":"[2026-05-11T19:31:13.442280+00:00] hierarchical_eval: progress {'model_id': 'Qwen/Qwen2.5-VL-3B-Instruct', 'completed': 44, 'total': 80, 'domain_accuracy': 0.3409, 'hierarchical_accuracy': 0.0, 'oracle_domain_accuracy': 0.2273}\n"}
,{"stream_name":"stderr","time":953.615702996,"data":"[transformers] Both `max_new_tokens` (=80) and `max_length`(=20) seem to have been set. `max_new_tokens` will take precedence. Please refer to the documentation for more information. (https://huggingface.co/docs/transformers/main/en/main_classes/text_generation)\n"}
,{"stream_name":"stderr","time":958.36347293,"data":"[transformers] Both `max_new_tokens` (=96) and `max_length`(=20) seem to have been set. `max_new_tokens` will take precedence. Please refer to the documentation for more information. (https://huggingface.co/docs/transformers/main/en/main_classes/text_generation)\n"}
,{"stream_name":"stdout","time":964.582826026,"data":"[2026-05-11T19:31:24.420163+00:00] hierarchical_eval: progress {'model_id': 'Qwen/Qwen2.5-VL-3B-Instruct', 'completed': 45, 'total': 80, 'domain_accuracy': 0.3556, 'hierarchical_accuracy': 0.0, 'oracle_domain_accuracy': 0.2222}\n"}
,{"stream_name":"stderr","time":964.593567993,"data":"[transformers] Both `max_new_tokens` (=80) and `max_length`(=20) seem to have been set. `max_new_tokens` will take precedence. Please refer to the documentation for more information. (https://huggingface.co/docs/transformers/main/en/main_classes/text_generation)\n"}
,{"stream_name":"stderr","time":971.481441711,"data":"[transformers] Both `max_new_tokens` (=96) and `max_length`(=20) seem to have been set. `max_new_tokens` will take precedence. Please refer to the documentation for more information. (https://huggingface.co/docs/transformers/main/en/main_classes/text_generation)\n"}
,{"stream_name":"stdout","time":976.687613011,"data":"[2026-05-11T19:31:36.524807+00:00] hierarchical_eval: progress {'model_id': 'Qwen/Qwen2.5-VL-3B-Instruct', 'completed': 46, 'total': 80, 'domain_accuracy': 0.3696, 'hierarchical_accuracy': 0.0, 'oracle_domain_accuracy': 0.2174}\n"}
,{"stream_name":"stderr","time":976.699393718,"data":"[transformers] Both `max_new_tokens` (=80) and `max_length`(=20) seem to have been set. `max_new_tokens` will take precedence. Please refer to the documentation for more information. (https://huggingface.co/docs/transformers/main/en/main_classes/text_generation)\n"}
,{"stream_name":"stderr","time":981.570402187,"data":"[transformers] Both `max_new_tokens` (=96) and `max_length`(=20) seem to have been set. `max_new_tokens` will take precedence. Please refer to the documentation for more information. (https://huggingface.co/docs/transformers/main/en/main_classes/text_generation)\n"}
,{"stream_name":"stdout","time":986.497009487,"data":"[2026-05-11T19:31:46.334155+00:00] hierarchical_eval: progress {'model_id': 'Qwen/Qwen2.5-VL-3B-Instruct', 'completed': 47, 'total': 80, 'domain_accuracy': 0.383, 'hierarchical_accuracy': 0.0, 'oracle_domain_accuracy': 0.2128}\n"}
,{"stream_name":"stderr","time":986.507862346,"data":"[transformers] Both `max_new_tokens` (=80) and `max_length`(=20) seem to have been set. `max_new_tokens` will take precedence. Please refer to the documentation for more information. (https://huggingface.co/docs/transformers/main/en/main_classes/text_generation)\n"}
,{"stream_name":"stderr","time":991.621978281,"data":"[transformers] Both `max_new_tokens` (=96) and `max_length`(=20) seem to have been set. `max_new_tokens` will take precedence. Please refer to the documentation for more information. (https://huggingface.co/docs/transformers/main/en/main_classes/text_generation)\n"}
,{"stream_name":"stdout","time":997.17841948,"data":"[2026-05-11T19:31:57.015630+00:00] hierarchical_eval: progress {'model_id': 'Qwen/Qwen2.5-VL-3B-Instruct', 'completed': 48, 'total': 80, 'domain_accuracy': 0.3958, 'hierarchical_accuracy': 0.0, 'oracle_domain_accuracy': 0.2083}\n"}
,{"stream_name":"stderr","time":997.190414081,"data":"[transformers] Both `max_new_tokens` (=80) and `max_length`(=20) seem to have been set. `max_new_tokens` will take precedence. Please refer to the documentation for more information. (https://huggingface.co/docs/transformers/main/en/main_classes/text_generation)\n"}
,{"stream_name":"stderr","time":1002.788971646,"data":"[transformers] Both `max_new_tokens` (=96) and `max_length`(=20) seem to have been set. `max_new_tokens` will take precedence. Please refer to the documentation for more information. (https://huggingface.co/docs/transformers/main/en/main_classes/text_generation)\n"}
,{"stream_name":"stdout","time":1008.081909755,"data":"[2026-05-11T19:32:07.919225+00:00] hierarchical_eval: progress {'model_id': 'Qwen/Qwen2.5-VL-3B-Instruct', 'completed': 49, 'total': 80, 'domain_accuracy': 0.4082, 'hierarchical_accuracy': 0.0, 'oracle_domain_accuracy': 0.2041}\n"}
,{"stream_name":"stderr","time":1008.092746831,"data":"[transformers] Both `max_new_tokens` (=80) and `max_length`(=20) seem to have been set. `max_new_tokens` will take precedence. Please refer to the documentation for more information. (https://huggingface.co/docs/transformers/main/en/main_classes/text_generation)\n"}
,{"stream_name":"stderr","time":1012.975476251,"data":"[transformers] Both `max_new_tokens` (=96) and `max_length`(=20) seem to have been set. `max_new_tokens` will take precedence. Please refer to the documentation for more information. (https://huggingface.co/docs/transformers/main/en/main_classes/text_generation)\n"}
,{"stream_name":"stdout","time":1017.477750584,"data":"[2026-05-11T19:32:17.314942+00:00] hierarchical_eval: progress {'model_id': 'Qwen/Qwen2.5-VL-3B-Instruct', 'completed': 50, 'total': 80, 'domain_accuracy': 0.42, 'hierarchical_accuracy': 0.0, 'oracle_domain_accuracy': 0.2}\n"}
,{"stream_name":"stderr","time":1017.488940163,"data":"[transformers] Both `max_new_tokens` (=80) and `max_length`(=20) seem to have been set. `max_new_tokens` will take precedence. Please refer to the documentation for more information. (https://huggingface.co/docs/transformers/main/en/main_classes/text_generation)\n"}
,{"stream_name":"stderr","time":1022.80907501,"data":"[transformers] Both `max_new_tokens` (=96) and `max_length`(=20) seem to have been set. `max_new_tokens` will take precedence. Please refer to the documentation for more information. (https://huggingface.co/docs/transformers/main/en/main_classes/text_generation)\n"}
,{"stream_name":"stdout","time":1027.733243364,"data":"[2026-05-11T19:32:27.570482+00:00] hierarchical_eval: progress {'model_id': 'Qwen/Qwen2.5-VL-3B-Instruct', 'completed': 51, 'total': 80, 'domain_accuracy': 0.4314, 'hierarchical_accuracy': 0.0, 'oracle_domain_accuracy': 0.1961}\n"}
,{"stream_name":"stderr","time":1027.744222798,"data":"[transformers] Both `max_new_tokens` (=80) and `max_length`(=20) seem to have been set. `max_new_tokens` will take precedence. Please refer to the documentation for more information. (https://huggingface.co/docs/transformers/main/en/main_classes/text_generation)\n"}
,{"stream_name":"stderr","time":1032.953388077,"data":"[transformers] Both `max_new_tokens` (=96) and `max_length`(=20) seem to have been set. `max_new_tokens` will take precedence. Please refer to the documentation for more information. (https://huggingface.co/docs/transformers/main/en/main_classes/text_generation)\n"}
,{"stream_name":"stdout","time":1038.196954415,"data":"[2026-05-11T19:32:38.034078+00:00] hierarchical_eval: progress {'model_id': 'Qwen/Qwen2.5-VL-3B-Instruct', 'completed': 52, 'total': 80, 'domain_accuracy': 0.4423, 'hierarchical_accuracy': 0.0, 'oracle_domain_accuracy': 0.1923}\n"}
,{"stream_name":"stderr","time":1038.207862836,"data":"[transformers] Both `max_new_tokens` (=80) and `max_length`(=20) seem to have been set. `max_new_tokens` will take precedence. Please refer to the documentation for more information. (https://huggingface.co/docs/transformers/main/en/main_classes/text_generation)\n"}
,{"stream_name":"stderr","time":1044.100386865,"data":"[transformers] Both `max_new_tokens` (=96) and `max_length`(=20) seem to have been set. `max_new_tokens` will take precedence. Please refer to the documentation for more information. (https://huggingface.co/docs/transformers/main/en/main_classes/text_generation)\n"}
,{"stream_name":"stdout","time":1049.86162786,"data":"[2026-05-11T19:32:49.698899+00:00] hierarchical_eval: progress {'model_id': 'Qwen/Qwen2.5-VL-3B-Instruct', 'completed': 53, 'total': 80, 'domain_accuracy': 0.4528, 'hierarchical_accuracy': 0.0, 'oracle_domain_accuracy': 0.1887}\n"}
,{"stream_name":"stderr","time":1049.873153306,"data":"[transformers] Both `max_new_tokens` (=80) and `max_length`(=20) seem to have been set. `max_new_tokens` will take precedence. Please refer to the documentation for more information. (https://huggingface.co/docs/transformers/main/en/main_classes/text_generation)\n"}
,{"stream_name":"stderr","time":1054.743088618,"data":"[transformers] Both `max_new_tokens` (=96) and `max_length`(=20) seem to have been set. `max_new_tokens` will take precedence. Please refer to the documentation for more information. (https://huggingface.co/docs/transformers/main/en/main_classes/text_generation)\n"}
,{"stream_name":"stdout","time":1059.591500065,"data":"[2026-05-11T19:32:59.428652+00:00] hierarchical_eval: progress {'model_id': 'Qwen/Qwen2.5-VL-3B-Instruct', 'completed': 54, 'total': 80, 'domain_accuracy': 0.463, 'hierarchical_accuracy': 0.0, 'oracle_domain_accuracy': 0.1852}\n"}
,{"stream_name":"stderr","time":1059.602404162,"data":"[transformers] Both `max_new_tokens` (=80) and `max_length`(=20) seem to have been set. `max_new_tokens` will take precedence. Please refer to the documentation for more information. (https://huggingface.co/docs/transformers/main/en/main_classes/text_generation)\n"}
,{"stream_name":"stderr","time":1064.428059486,"data":"[transformers] Both `max_new_tokens` (=96) and `max_length`(=20) seem to have been set. `max_new_tokens` will take precedence. Please refer to the documentation for more information. (https://huggingface.co/docs/transformers/main/en/main_classes/text_generation)\n"}
,{"stream_name":"stdout","time":1070.015045482,"data":"[2026-05-11T19:33:09.852312+00:00] hierarchical_eval: progress {'model_id': 'Qwen/Qwen2.5-VL-3B-Instruct', 'completed': 55, 'total': 80, 'domain_accuracy': 0.4727, 'hierarchical_accuracy': 0.0, 'oracle_domain_accuracy': 0.1818}\n"}
,{"stream_name":"stderr","time":1070.02574037,"data":"[transformers] Both `max_new_tokens` (=80) and `max_length`(=20) seem to have been set. `max_new_tokens` will take precedence. Please refer to the documentation for more information. (https://huggingface.co/docs/transformers/main/en/main_classes/text_generation)\n"}
,{"stream_name":"stderr","time":1075.898978186,"data":"[transformers] Both `max_new_tokens` (=96) and `max_length`(=20) seem to have been set. `max_new_tokens` will take precedence. Please refer to the documentation for more information. (https://huggingface.co/docs/transformers/main/en/main_classes/text_generation)\n"}
,{"stream_name":"stdout","time":1080.745678734,"data":"[2026-05-11T19:33:20.582825+00:00] hierarchical_eval: progress {'model_id': 'Qwen/Qwen2.5-VL-3B-Instruct', 'completed': 56, 'total': 80, 'domain_accuracy': 0.4821, 'hierarchical_accuracy': 0.0, 'oracle_domain_accuracy': 0.1786}\n"}
,{"stream_name":"stderr","time":1080.756547195,"data":"[transformers] Both `max_new_tokens` (=80) and `max_length`(=20) seem to have been set. `max_new_tokens` will take precedence. Please refer to the documentation for more information. (https://huggingface.co/docs/transformers/main/en/main_classes/text_generation)\n"}
,{"stream_name":"stderr","time":1085.569868543,"data":"[transformers] Both `max_new_tokens` (=96) and `max_length`(=20) seem to have been set. `max_new_tokens` will take precedence. Please refer to the documentation for more information. (https://huggingface.co/docs/transformers/main/en/main_classes/text_generation)\n"}
,{"stream_name":"stdout","time":1090.477877374,"data":"[2026-05-11T19:33:30.315132+00:00] hierarchical_eval: progress {'model_id': 'Qwen/Qwen2.5-VL-3B-Instruct', 'completed': 57, 'total': 80, 'domain_accuracy': 0.4912, 'hierarchical_accuracy': 0.0, 'oracle_domain_accuracy': 0.1754}\n"}
,{"stream_name":"stderr","time":1090.488834367,"data":"[transformers] Both `max_new_tokens` (=80) and `max_length`(=20) seem to have been set. `max_new_tokens` will take precedence. Please refer to the documentation for more information. (https://huggingface.co/docs/transformers/main/en/main_classes/text_generation)\n"}
,{"stream_name":"stderr","time":1094.947667521,"data":"[transformers] Both `max_new_tokens` (=96) and `max_length`(=20) seem to have been set. `max_new_tokens` will take precedence. Please refer to the documentation for more information. (https://huggingface.co/docs/transformers/main/en/main_classes/text_generation)\n"}
,{"stream_name":"stdout","time":1099.860186727,"data":"[2026-05-11T19:33:39.697384+00:00] hierarchical_eval: progress {'model_id': 'Qwen/Qwen2.5-VL-3B-Instruct', 'completed': 58, 'total': 80, 'domain_accuracy': 0.5, 'hierarchical_accuracy': 0.0, 'oracle_domain_accuracy': 0.1724}\n"}
,{"stream_name":"stderr","time":1099.87089865,"data":"[transformers] Both `max_new_tokens` (=80) and `max_length`(=20) seem to have been set. `max_new_tokens` will take precedence. Please refer to the documentation for more information. (https://huggingface.co/docs/transformers/main/en/main_classes/text_generation)\n"}
,{"stream_name":"stderr","time":1107.184921123,"data":"[transformers] Both `max_new_tokens` (=96) and `max_length`(=20) seem to have been set. `max_new_tokens` will take precedence. Please refer to the documentation for more information. (https://huggingface.co/docs/transformers/main/en/main_classes/text_generation)\n"}
,{"stream_name":"stdout","time":1112.835447301,"data":"[2026-05-11T19:33:52.672627+00:00] hierarchical_eval: progress {'model_id': 'Qwen/Qwen2.5-VL-3B-Instruct', 'completed': 59, 'total': 80, 'domain_accuracy': 0.5085, 'hierarchical_accuracy': 0.0, 'oracle_domain_accuracy': 0.1695}\n"}
,{"stream_name":"stderr","time":1112.847152923,"data":"[transformers] Both `max_new_tokens` (=80) and `max_length`(=20) seem to have been set. `max_new_tokens` will take precedence. Please refer to the documentation for more information. (https://huggingface.co/docs/transformers/main/en/main_classes/text_generation)\n"}
,{"stream_name":"stderr","time":1118.987348331,"data":"[transformers] Both `max_new_tokens` (=96) and `max_length`(=20) seem to have been set. `max_new_tokens` will take precedence. Please refer to the documentation for more information. (https://huggingface.co/docs/transformers/main/en/main_classes/text_generation)\n"}
,{"stream_name":"stdout","time":1123.893456815,"data":"[2026-05-11T19:34:03.730612+00:00] hierarchical_eval: progress {'model_id': 'Qwen/Qwen2.5-VL-3B-Instruct', 'completed': 60, 'total': 80, 'domain_accuracy': 0.5167, 'hierarchical_accuracy': 0.0, 'oracle_domain_accuracy': 0.1667}\n"}
,{"stream_name":"stderr","time":1123.904019045,"data":"[transformers] Both `max_new_tokens` (=80) and `max_length`(=20) seem to have been set. `max_new_tokens` will take precedence. Please refer to the documentation for more information. (https://huggingface.co/docs/transformers/main/en/main_classes/text_generation)\n"}
,{"stream_name":"stderr","time":1128.824015075,"data":"[transformers] Both `max_new_tokens` (=96) and `max_length`(=20) seem to have been set. `max_new_tokens` will take precedence. Please refer to the documentation for more information. (https://huggingface.co/docs/transformers/main/en/main_classes/text_generation)\n"}
,{"stream_name":"stdout","time":1134.987924927,"data":"[2026-05-11T19:34:14.825228+00:00] hierarchical_eval: progress {'model_id': 'Qwen/Qwen2.5-VL-3B-Instruct', 'completed': 61, 'total': 80, 'domain_accuracy': 0.5246, 'hierarchical_accuracy': 0.0, 'oracle_domain_accuracy': 0.1639}\n"}
,{"stream_name":"stderr","time":1134.998798407,"data":"[transformers] Both `max_new_tokens` (=80) and `max_length`(=20) seem to have been set. `max_new_tokens` will take precedence. Please refer to the documentation for more information. (https://huggingface.co/docs/transformers/main/en/main_classes/text_generation)\n"}
,{"stream_name":"stderr","time":1142.042405372,"data":"[transformers] Both `max_new_tokens` (=96) and `max_length`(=20) seem to have been set. `max_new_tokens` will take precedence. Please refer to the documentation for more information. (https://huggingface.co/docs/transformers/main/en/main_classes/text_generation)\n"}
,{"stream_name":"stdout","time":1146.84854187,"data":"[2026-05-11T19:34:26.685675+00:00] hierarchical_eval: progress {'model_id': 'Qwen/Qwen2.5-VL-3B-Instruct', 'completed': 62, 'total': 80, 'domain_accuracy': 0.5323, 'hierarchical_accuracy': 0.0, 'oracle_domain_accuracy': 0.1613}\n"}
,{"stream_name":"stderr","time":1146.859139874,"data":"[transformers] Both `max_new_tokens` (=80) and `max_length`(=20) seem to have been set. `max_new_tokens` will take precedence. Please refer to the documentation for more information. (https://huggingface.co/docs/transformers/main/en/main_classes/text_generation)\n"}
,{"stream_name":"stderr","time":1151.657829479,"data":"[transformers] Both `max_new_tokens` (=96) and `max_length`(=20) seem to have been set. `max_new_tokens` will take precedence. Please refer to the documentation for more information. (https://huggingface.co/docs/transformers/main/en/main_classes/text_generation)\n"}
,{"stream_name":"stdout","time":1156.465926159,"data":"[2026-05-11T19:34:36.303211+00:00] hierarchical_eval: progress {'model_id': 'Qwen/Qwen2.5-VL-3B-Instruct', 'completed': 63, 'total': 80, 'domain_accuracy': 0.5397, 'hierarchical_accuracy': 0.0, 'oracle_domain_accuracy': 0.1587}\n"}
,{"stream_name":"stderr","time":1156.476875122,"data":"[transformers] Both `max_new_tokens` (=80) and `max_length`(=20) seem to have been set. `max_new_tokens` will take precedence. Please refer to the documentation for more information. (https://huggingface.co/docs/transformers/main/en/main_classes/text_generation)\n"}
,{"stream_name":"stderr","time":1161.660157772,"data":"[transformers] Both `max_new_tokens` (=96) and `max_length`(=20) seem to have been set. `max_new_tokens` will take precedence. Please refer to the documentation for more information. (https://huggingface.co/docs/transformers/main/en/main_classes/text_generation)\n"}
,{"stream_name":"stdout","time":1166.588482639,"data":"[2026-05-11T19:34:46.425704+00:00] hierarchical_eval: progress {'model_id': 'Qwen/Qwen2.5-VL-3B-Instruct', 'completed': 64, 'total': 80, 'domain_accuracy': 0.5469, 'hierarchical_accuracy': 0.0, 'oracle_domain_accuracy': 0.1562}\n"}
,{"stream_name":"stderr","time":1166.599228448,"data":"[transformers] Both `max_new_tokens` (=80) and `max_length`(=20) seem to have been set. `max_new_tokens` will take precedence. Please refer to the documentation for more information. (https://huggingface.co/docs/transformers/main/en/main_classes/text_generation)\n"}
,{"stream_name":"stderr","time":1171.497366179,"data":"[transformers] Both `max_new_tokens` (=96) and `max_length`(=20) seem to have been set. `max_new_tokens` will take precedence. Please refer to the documentation for more information. (https://huggingface.co/docs/transformers/main/en/main_classes/text_generation)\n"}
,{"stream_name":"stdout","time":1177.375100496,"data":"[2026-05-11T19:34:57.212338+00:00] hierarchical_eval: progress {'model_id': 'Qwen/Qwen2.5-VL-3B-Instruct', 'completed': 65, 'total': 80, 'domain_accuracy': 0.5538, 'hierarchical_accuracy': 0.0, 'oracle_domain_accuracy': 0.1538}\n"}
,{"stream_name":"stderr","time":1177.385719207,"data":"[transformers] Both `max_new_tokens` (=80) and `max_length`(=20) seem to have been set. `max_new_tokens` will take precedence. Please refer to the documentation for more information. (https://huggingface.co/docs/transformers/main/en/main_classes/text_generation)\n"}
,{"stream_name":"stderr","time":1182.376350561,"data":"[transformers] Both `max_new_tokens` (=96) and `max_length`(=20) seem to have been set. `max_new_tokens` will take precedence. Please refer to the documentation for more information. (https://huggingface.co/docs/transformers/main/en/main_classes/text_generation)\n"}
,{"stream_name":"stdout","time":1188.003683811,"data":"[2026-05-11T19:35:07.840868+00:00] hierarchical_eval: progress {'model_id': 'Qwen/Qwen2.5-VL-3B-Instruct', 'completed': 66, 'total': 80, 'domain_accuracy': 0.5606, 'hierarchical_accuracy': 0.0, 'oracle_domain_accuracy': 0.1515}\n"}
,{"stream_name":"stderr","time":1188.013960195,"data":"[transformers] Both `max_new_tokens` (=80) and `max_length`(=20) seem to have been set. `max_new_tokens` will take precedence. Please refer to the documentation for more information. (https://huggingface.co/docs/transformers/main/en/main_classes/text_generation)\n"}
,{"stream_name":"stderr","time":1192.894914176,"data":"[transformers] Both `max_new_tokens` (=96) and `max_length`(=20) seem to have been set. `max_new_tokens` will take precedence. Please refer to the documentation for more information. (https://huggingface.co/docs/transformers/main/en/main_classes/text_generation)\n"}
,{"stream_name":"stdout","time":1197.857382761,"data":"[2026-05-11T19:35:17.694649+00:00] hierarchical_eval: progress {'model_id': 'Qwen/Qwen2.5-VL-3B-Instruct', 'completed': 67, 'total': 80, 'domain_accuracy': 0.5672, 'hierarchical_accuracy': 0.0149, 'oracle_domain_accuracy': 0.1642}\n"}
,{"stream_name":"stderr","time":1197.868288613,"data":"[transformers] Both `max_new_tokens` (=80) and `max_length`(=20) seem to have been set. `max_new_tokens` will take precedence. Please refer to the documentation for more information. (https://huggingface.co/docs/transformers/main/en/main_classes/text_generation)\n"}
,{"stream_name":"stderr","time":1203.385598713,"data":"[transformers] Both `max_new_tokens` (=96) and `max_length`(=20) seem to have been set. `max_new_tokens` will take precedence. Please refer to the documentation for more information. (https://huggingface.co/docs/transformers/main/en/main_classes/text_generation)\n"}
,{"stream_name":"stdout","time":1208.324251982,"data":"[2026-05-11T19:35:28.161479+00:00] hierarchical_eval: progress {'model_id': 'Qwen/Qwen2.5-VL-3B-Instruct', 'completed': 68, 'total': 80, 'domain_accuracy': 0.5735, 'hierarchical_accuracy': 0.0294, 'oracle_domain_accuracy': 0.1765}\n"}
,{"stream_name":"stderr","time":1208.334919112,"data":"[transformers] Both `max_new_tokens` (=80) and `max_length`(=20) seem to have been set. `max_new_tokens` will take precedence. Please refer to the documentation for more information. (https://huggingface.co/docs/transformers/main/en/main_classes/text_generation)\n"}
,{"stream_name":"stderr","time":1213.696289781,"data":"[transformers] Both `max_new_tokens` (=96) and `max_length`(=20) seem to have been set. `max_new_tokens` will take precedence. Please refer to the documentation for more information. (https://huggingface.co/docs/transformers/main/en/main_classes/text_generation)\n"}
,{"stream_name":"stdout","time":1218.530663127,"data":"[2026-05-11T19:35:38.367852+00:00] hierarchical_eval: progress {'model_id': 'Qwen/Qwen2.5-VL-3B-Instruct', 'completed': 69, 'total': 80, 'domain_accuracy': 0.5797, 'hierarchical_accuracy': 0.029, 'oracle_domain_accuracy': 0.1739}\n"}
,{"stream_name":"stderr","time":1218.541292835,"data":"[transformers] Both `max_new_tokens` (=80) and `max_length`(=20) seem to have been set. `max_new_tokens` will take precedence. Please refer to the documentation for more information. (https://huggingface.co/docs/transformers/main/en/main_classes/text_generation)\n"}
,{"stream_name":"stderr","time":1223.422060126,"data":"[transformers] Both `max_new_tokens` (=96) and `max_length`(=20) seem to have been set. `max_new_tokens` will take precedence. Please refer to the documentation for more information. (https://huggingface.co/docs/transformers/main/en/main_classes/text_generation)\n"}
,{"stream_name":"stdout","time":1228.472274784,"data":"[2026-05-11T19:35:48.309465+00:00] hierarchical_eval: progress {'model_id': 'Qwen/Qwen2.5-VL-3B-Instruct', 'completed': 70, 'total': 80, 'domain_accuracy': 0.5857, 'hierarchical_accuracy': 0.0286, 'oracle_domain_accuracy': 0.1714}\n"}
,{"stream_name":"stderr","time":1228.484107663,"data":"[transformers] Both `max_new_tokens` (=80) and `max_length`(=20) seem to have been set. `max_new_tokens` will take precedence. Please refer to the documentation for more information. (https://huggingface.co/docs/transformers/main/en/main_classes/text_generation)\n"}
,{"stream_name":"stderr","time":1233.726929375,"data":"[transformers] Both `max_new_tokens` (=96) and `max_length`(=20) seem to have been set. `max_new_tokens` will take precedence. Please refer to the documentation for more information. (https://huggingface.co/docs/transformers/main/en/main_classes/text_generation)\n"}
,{"stream_name":"stdout","time":1239.97354463,"data":"[2026-05-11T19:35:59.810656+00:00] hierarchical_eval: progress {'model_id': 'Qwen/Qwen2.5-VL-3B-Instruct', 'completed': 71, 'total': 80, 'domain_accuracy': 0.5915, 'hierarchical_accuracy': 0.0423, 'oracle_domain_accuracy': 0.1831}\n"}
,{"stream_name":"stderr","time":1239.984170787,"data":"[transformers] Both `max_new_tokens` (=80) and `max_length`(=20) seem to have been set. `max_new_tokens` will take precedence. Please refer to the documentation for more information. (https://huggingface.co/docs/transformers/main/en/main_classes/text_generation)\n"}
,{"stream_name":"stderr","time":1244.851969962,"data":"[transformers] Both `max_new_tokens` (=96) and `max_length`(=20) seem to have been set. `max_new_tokens` will take precedence. Please refer to the documentation for more information. (https://huggingface.co/docs/transformers/main/en/main_classes/text_generation)\n"}
,{"stream_name":"stdout","time":1250.497463724,"data":"[2026-05-11T19:36:10.334770+00:00] hierarchical_eval: progress {'model_id': 'Qwen/Qwen2.5-VL-3B-Instruct', 'completed': 72, 'total': 80, 'domain_accuracy': 0.5972, 'hierarchical_accuracy': 0.0556, 'oracle_domain_accuracy': 0.1944}\n"}
,{"stream_name":"stderr","time":1250.508167025,"data":"[transformers] Both `max_new_tokens` (=80) and `max_length`(=20) seem to have been set. `max_new_tokens` will take precedence. Please refer to the documentation for more information. (https://huggingface.co/docs/transformers/main/en/main_classes/text_generation)\n"}
,{"stream_name":"stderr","time":1256.130965307,"data":"[transformers] Both `max_new_tokens` (=96) and `max_length`(=20) seem to have been set. `max_new_tokens` will take precedence. Please refer to the documentation for more information. (https://huggingface.co/docs/transformers/main/en/main_classes/text_generation)\n"}
,{"stream_name":"stdout","time":1262.044904968,"data":"[2026-05-11T19:36:21.882036+00:00] hierarchical_eval: progress {'model_id': 'Qwen/Qwen2.5-VL-3B-Instruct', 'completed': 73, 'total': 80, 'domain_accuracy': 0.6027, 'hierarchical_accuracy': 0.0548, 'oracle_domain_accuracy': 0.1918}\n"}
,{"stream_name":"stderr","time":1262.056526101,"data":"[transformers] Both `max_new_tokens` (=80) and `max_length`(=20) seem to have been set. `max_new_tokens` will take precedence. Please refer to the documentation for more information. (https://huggingface.co/docs/transformers/main/en/main_classes/text_generation)\n"}
,{"stream_name":"stderr","time":1266.807650504,"data":"[transformers] Both `max_new_tokens` (=96) and `max_length`(=20) seem to have been set. `max_new_tokens` will take precedence. Please refer to the documentation for more information. (https://huggingface.co/docs/transformers/main/en/main_classes/text_generation)\n"}
,{"stream_name":"stdout","time":1271.14339407,"data":"[2026-05-11T19:36:30.980707+00:00] hierarchical_eval: progress {'model_id': 'Qwen/Qwen2.5-VL-3B-Instruct', 'completed': 74, 'total': 80, 'domain_accuracy': 0.6081, 'hierarchical_accuracy': 0.0541, 'oracle_domain_accuracy': 0.1892}\n"}
,{"stream_name":"stderr","time":1271.154774499,"data":"[transformers] Both `max_new_tokens` (=80) and `max_length`(=20) seem to have been set. `max_new_tokens` will take precedence. Please refer to the documentation for more information. (https://huggingface.co/docs/transformers/main/en/main_classes/text_generation)\n"}
,{"stream_name":"stderr","time":1275.926619151,"data":"[transformers] Both `max_new_tokens` (=96) and `max_length`(=20) seem to have been set. `max_new_tokens` will take precedence. Please refer to the documentation for more information. (https://huggingface.co/docs/transformers/main/en/main_classes/text_generation)\n"}
,{"stream_name":"stdout","time":1280.805833077,"data":"[2026-05-11T19:36:40.643016+00:00] hierarchical_eval: progress {'model_id': 'Qwen/Qwen2.5-VL-3B-Instruct', 'completed': 75, 'total': 80, 'domain_accuracy': 0.6133, 'hierarchical_accuracy': 0.0667, 'oracle_domain_accuracy': 0.2}\n"}
,{"stream_name":"stderr","time":1280.816738359,"data":"[transformers] Both `max_new_tokens` (=80) and `max_length`(=20) seem to have been set. `max_new_tokens` will take precedence. Please refer to the documentation for more information. (https://huggingface.co/docs/transformers/main/en/main_classes/text_generation)\n"}
,{"stream_name":"stderr","time":1285.244281639,"data":"[transformers] Both `max_new_tokens` (=96) and `max_length`(=20) seem to have been set. `max_new_tokens` will take precedence. Please refer to the documentation for more information. (https://huggingface.co/docs/transformers/main/en/main_classes/text_generation)\n"}
,{"stream_name":"stdout","time":1289.796254838,"data":"[2026-05-11T19:36:49.633551+00:00] hierarchical_eval: progress {'model_id': 'Qwen/Qwen2.5-VL-3B-Instruct', 'completed': 76, 'total': 80, 'domain_accuracy': 0.6184, 'hierarchical_accuracy': 0.0658, 'oracle_domain_accuracy': 0.1974}\n"}
,{"stream_name":"stderr","time":1289.806617383,"data":"[transformers] Both `max_new_tokens` (=80) and `max_length`(=20) seem to have been set. `max_new_tokens` will take precedence. Please refer to the documentation for more information. (https://huggingface.co/docs/transformers/main/en/main_classes/text_generation)\n"}
,{"stream_name":"stderr","time":1294.545599516,"data":"[transformers] Both `max_new_tokens` (=96) and `max_length`(=20) seem to have been set. `max_new_tokens` will take precedence. Please refer to the documentation for more information. (https://huggingface.co/docs/transformers/main/en/main_classes/text_generation)\n"}
,{"stream_name":"stdout","time":1299.370669434,"data":"[2026-05-11T19:36:59.207797+00:00] hierarchical_eval: progress {'model_id': 'Qwen/Qwen2.5-VL-3B-Instruct', 'completed': 77, 'total': 80, 'domain_accuracy': 0.6234, 'hierarchical_accuracy': 0.0779, 'oracle_domain_accuracy': 0.2078}\n"}
,{"stream_name":"stderr","time":1299.381441216,"data":"[transformers] Both `max_new_tokens` (=80) and `max_length`(=20) seem to have been set. `max_new_tokens` will take precedence. Please refer to the documentation for more information. (https://huggingface.co/docs/transformers/main/en/main_classes/text_generation)\n"}
,{"stream_name":"stderr","time":1303.809377837,"data":"[transformers] Both `max_new_tokens` (=96) and `max_length`(=20) seem to have been set. `max_new_tokens` will take precedence. Please refer to the documentation for more information. (https://huggingface.co/docs/transformers/main/en/main_classes/text_generation)\n"}
,{"stream_name":"stdout","time":1308.56479207,"data":"[2026-05-11T19:37:08.401976+00:00] hierarchical_eval: progress {'model_id': 'Qwen/Qwen2.5-VL-3B-Instruct', 'completed': 78, 'total': 80, 'domain_accuracy': 0.6282, 'hierarchical_accuracy': 0.0897, 'oracle_domain_accuracy': 0.2179}\n"}
,{"stream_name":"stderr","time":1308.575191865,"data":"[transformers] Both `max_new_tokens` (=80) and `max_length`(=20) seem to have been set. `max_new_tokens` will take precedence. Please refer to the documentation for more information. (https://huggingface.co/docs/transformers/main/en/main_classes/text_generation)\n"}
,{"stream_name":"stderr","time":1313.479400658,"data":"[transformers] Both `max_new_tokens` (=96) and `max_length`(=20) seem to have been set. `max_new_tokens` will take precedence. Please refer to the documentation for more information. (https://huggingface.co/docs/transformers/main/en/main_classes/text_generation)\n"}
,{"stream_name":"stdout","time":1318.363389424,"data":"[2026-05-11T19:37:18.200523+00:00] hierarchical_eval: progress {'model_id': 'Qwen/Qwen2.5-VL-3B-Instruct', 'completed': 79, 'total': 80, 'domain_accuracy': 0.6329, 'hierarchical_accuracy': 0.1013, 'oracle_domain_accuracy': 0.2278}\n"}
,{"stream_name":"stderr","time":1318.374349173,"data":"[transformers] Both `max_new_tokens` (=80) and `max_length`(=20) seem to have been set. `max_new_tokens` will take precedence. Please refer to the documentation for more information. (https://huggingface.co/docs/transformers/main/en/main_classes/text_generation)\n"}
,{"stream_name":"stderr","time":1323.816614986,"data":"[transformers] Both `max_new_tokens` (=96) and `max_length`(=20) seem to have been set. `max_new_tokens` will take precedence. Please refer to the documentation for more information. (https://huggingface.co/docs/transformers/main/en/main_classes/text_generation)\n"}
,{"stream_name":"stdout","time":1328.736884951,"data":"[2026-05-11T19:37:28.574110+00:00] hierarchical_eval: progress {'model_id': 'Qwen/Qwen2.5-VL-3B-Instruct', 'completed': 80, 'total': 80, 'domain_accuracy': 0.6375, 'hierarchical_accuracy': 0.1125, 'oracle_domain_accuracy': 0.2375}\n"}
,{"stream_name":"stdout","time":1329.219837683,"data":"[2026-05-11T19:37:29.057160+00:00] hierarchical_eval: completed {'model_id': 'Qwen/Qwen2.5-VL-3B-Instruct', 'domain_accuracy': 0.6375, 'hierarchical_accuracy': 0.1125, 'oracle_domain_accuracy': 0.2375, 'n': 80}\n"}
,{"stream_name":"stdout","time":1329.219937661,"data":"\n"}
,{"stream_name":"stdout","time":1329.220643299,"data":"========================================================================================\n"}
,{"stream_name":"stdout","time":1329.220686843,"data":"2026-05-11T19:37:29.057408+00:00 | Hierarchical evaluation for Qwen/Qwen2.5-VL-7B-Instruct\n"}
,{"stream_name":"stdout","time":1329.220693406,"data":"========================================================================================\n"}
,{"stream_name":"stderr","time":1403.894931718,"data":"\rFetching 5 files:   0%|          | 0/5 [00:00\u003c?, ?it/s]\rFetching 5 files:  20%|██        | 1/5 [01:00\u003c04:01, 60.30s/it]\rFetching 5 files:  60%|██████    | 3/5 [01:13\u003c00:41, 20.59s/it]\rFetching 5 files:  80%|████████  | 4/5 [01:13\u003c00:13, 13.54s/it]\rFetching 5 files: 100%|██████████| 5/5 [01:13\u003c00:00, 14.78s/it]\n"}
,{"stream_name":"stderr","time":1550.31301979,"data":"\rLoading weights:   0%|          | 0/729 [00:00\u003c?, ?it/s]\rLoading weights:   0%|          | 1/729 [00:06\u003c1:12:55,  6.01s/it]\rLoading weights:   0%|          | 2/729 [00:10\u003c1:00:36,  5.00s/it]\rLoading weights:   1%|          | 4/729 [00:10\u003c24:31,  2.03s/it]  \rLoading weights:   1%|          | 5/729 [00:11\u003c18:23,  1.52s/it]\rLoading weights:   1%|          | 6/729 [00:11\u003c13:45,  1.14s/it]\rLoading weights:   1%|▏         | 10/729 [00:11\u003c05:11,  2.31it/s]\rLoading weights:   2%|▏         | 12/729 [00:11\u003c03:45,  3.18it/s]\rLoading weights:   2%|▏         | 16/729 [00:12\u003c02:42,  4.40it/s]\rLoading weights:   2%|▏         | 18/729 [00:13\u003c03:10,  3.74it/s]\rLoading weights:   4%|▍         | 28/729 [00:13\u003c01:13,  9.51it/s]\rLoading weights:   4%|▍         | 31/729 [00:13\u003c01:07, 10.36it/s]\rLoading weights:   5%|▌         | 40/729 [00:13\u003c00:38, 17.99it/s]\rLoading weights:   6%|▌         | 45/729 [00:14\u003c00:50, 13.55it/s]\rLoading weights:   7%|▋         | 52/729 [00:14\u003c00:50, 13.38it/s]\rLoading weights:   8%|▊         | 55/729 [00:15\u003c01:14,  9.10it/s]\rLoading weights:   9%|▉         | 64/729 [00:15\u003c00:55, 11.98it/s]\rLoading weights:   9%|▉         | 66/729 [00:16\u003c01:31,  7.21it/s]\rLoading weights:  10%|▉         | 70/729 [00:17\u003c01:12,  9.05it/s]\rLoading weights:  10%|█         | 73/729 [00:17\u003c01:01, 10.65it/s]\rLoading weights:  10%|█         | 76/729 [00:17\u003c01:15,  8.63it/s]\rLoading weights:  11%|█         | 78/729 [00:18\u003c01:19,  8.23it/s]\rLoading weights:  12%|█▏        | 88/729 [00:18\u003c00:38, 16.63it/s]\rLoading weights:  13%|█▎        | 92/729 [00:18\u003c00:37, 17.03it/s]\rLoading weights:  14%|█▎        | 100/729 [00:18\u003c00:26, 23.58it/s]\rLoading weights:  14%|█▍        | 104/729 [00:18\u003c00:28, 21.92it/s]\rLoading weights:  16%|█▌        | 113/729 [00:18\u003c00:19, 31.43it/s]\rLoading weights:  17%|█▋        | 124/729 [00:19\u003c00:17, 35.10it/s]\rLoading weights:  18%|█▊        | 129/729 [00:20\u003c00:42, 14.12it/s]\rLoading weights:  18%|█▊        | 133/729 [00:21\u003c01:03,  9.43it/s]\rLoading weights:  19%|█▉        | 137/729 [00:21\u003c01:06,  8.86it/s]\rLoading weights:  19%|█▉        | 139/729 [00:22\u003c01:19,  7.43it/s]\rLoading weights:  19%|█▉        | 142/729 [00:22\u003c01:06,  8.88it/s]\rLoading weights:  20%|██        | 148/729 [00:23\u003c01:01,  9.45it/s]\rLoading weights:  21%|██        | 150/729 [00:24\u003c01:40,  5.74it/s]\rLoading weights:  21%|██        | 154/729 [00:24\u003c01:14,  7.76it/s]\rLoading weights:  21%|██▏       | 156/729 [00:24\u003c01:05,  8.71it/s]\rLoading weights:  22%|██▏       | 160/729 [00:24\u003c01:10,  8.11it/s]\rLoading weights:  22%|██▏       | 162/729 [00:25\u003c01:48,  5.21it/s]\rLoading weights:  23%|██▎       | 168/729 [00:25\u003c01:03,  8.78it/s]\rLoading weights:  24%|██▎       | 172/729 [00:26\u003c01:01,  9.03it/s]\rLoading weights:  24%|██▍       | 174/729 [00:27\u003c01:43,  5.35it/s]\rLoading weights:  24%|██▍       | 178/729 [00:27\u003c01:13,  7.49it/s]\rLoading weights:  25%|██▍       | 181/729 [00:27\u003c00:58,  9.33it/s]\rLoading weights:  25%|██▌       | 184/729 [00:28\u003c01:10,  7.76it/s]\rLoading weights:  26%|██▌       | 186/729 [00:29\u003c01:56,  4.67it/s]\rLoading weights:  26%|██▌       | 190/729 [00:29\u003c01:18,  6.90it/s]\rLoading weights:  26%|██▋       | 192/729 [00:29\u003c01:07,  7.99it/s]\rLoading weights:  27%|██▋       | 196/729 [00:30\u003c01:09,  7.64it/s]\rLoading weights:  27%|██▋       | 198/729 [00:30\u003c01:28,  6.03it/s]\rLoading weights:  29%|██▊       | 208/729 [00:30\u003c00:39, 13.18it/s]\rLoading weights:  29%|██▉       | 211/729 [00:31\u003c00:38, 13.36it/s]\rLoading weights:  30%|███       | 220/729 [00:31\u003c00:23, 21.35it/s]\rLoading weights:  31%|███       | 226/729 [00:31\u003c00:18, 26.62it/s]\rLoading weights:  32%|███▏      | 232/729 [00:31\u003c00:23, 21.48it/s]\rLoading weights:  33%|███▎      | 240/729 [00:31\u003c00:16, 29.04it/s]\rLoading weights:  34%|███▎      | 245/729 [00:32\u003c00:36, 13.24it/s]\rLoading weights:  34%|███▍      | 249/729 [00:33\u003c00:43, 11.08it/s]\rLoading weights:  35%|███▍      | 252/729 [00:33\u003c00:42, 11.23it/s]\rLoading weights:  35%|███▌      | 258/729 [00:33\u003c00:35, 13.11it/s]\rLoading weights:  36%|███▌      | 264/729 [00:34\u003c00:28, 16.43it/s]\rLoading weights:  37%|███▋      | 268/729 [00:34\u003c00:36, 12.61it/s]\rLoading weights:  37%|███▋      | 270/729 [00:35\u003c01:07,  6.81it/s]\rLoading weights:  38%|███▊      | 274/729 [00:35\u003c00:50,  8.96it/s]\rLoading weights:  38%|███▊      | 277/729 [00:35\u003c00:41, 10.76it/s]\rLoading weights:  38%|███▊      | 280/729 [00:36\u003c00:52,  8.56it/s]\rLoading weights:  39%|███▊      | 282/729 [00:37\u003c01:28,  5.03it/s]\rLoading weights:  39%|███▉      | 286/729 [00:37\u003c01:00,  7.27it/s]\rLoading weights:  40%|███▉      | 288/729 [00:37\u003c00:52,  8.35it/s]\rLoading weights:  40%|████      | 292/729 [00:38\u003c00:55,  7.87it/s]\rLoading weights:  40%|████      | 294/729 [00:39\u003c01:32,  4.70it/s]\rLoading weights:  41%|████      | 298/729 [00:39\u003c01:02,  6.94it/s]\rLoading weights:  41%|████      | 300/729 [00:39\u003c00:53,  8.04it/s]\rLoading weights:  42%|████▏     | 304/729 [00:47\u003c05:47,  1.22it/s]\rLoading weights:  42%|████▏     | 304/729 [01:00\u003c05:47,  1.22it/s]\rLoading weights:  42%|████▏     | 306/729 [01:06\u003c18:30,  2.62s/it]\rLoading weights:  42%|████▏     | 309/729 [01:06\u003c12:47,  1.83s/it]\rLoading weights:  43%|████▎     | 311/729 [01:07\u003c10:29,  1.51s/it]\rLoading weights:  43%|████▎     | 313/729 [01:08\u003c08:39,  1.25s/it]\rLoading weights:  43%|████▎     | 314/729 [01:08\u003c07:31,  1.09s/it]\rLoading weights:  43%|████▎     | 316/729 [01:12\u003c09:13,  1.34s/it]\rLoading weights:  43%|████▎     | 317/729 [01:17\u003c13:22,  1.95s/it]\rLoading weights:  44%|████▎     | 318/729 [01:21\u003c16:25,  2.40s/it]\rLoading weights:  44%|████▍     | 322/729 [01:22\u003c08:41,  1.28s/it]\rLoading weights:  44%|████▍     | 324/729 [01:23\u003c07:22,  1.09s/it]\rLoading weights:  45%|████▍     | 328/729 [01:27\u003c07:02,  1.05s/it]\rLoading weights:  45%|████▌     | 329/729 [01:30\u003c08:25,  1.26s/it]\rLoading weights:  45%|████▌     | 330/729 [01:30\u003c07:38,  1.15s/it]\rLoading weights:  46%|████▌     | 334/729 [01:30\u003c04:02,  1.63it/s]\rLoading weights:  46%|████▌     | 336/729 [01:31\u003c03:04,  2.13it/s]\rLoading weights:  47%|████▋     | 341/729 [01:31\u003c01:47,  3.60it/s]\rLoading weights:  47%|████▋     | 343/729 [01:31\u003c01:39,  3.87it/s]\rLoading weights:  47%|████▋     | 345/729 [01:32\u003c01:45,  3.62it/s]\rLoading weights:  48%|████▊     | 347/729 [01:32\u003c01:26,  4.41it/s]\rLoading weights:  48%|████▊     | 349/729 [01:33\u003c01:25,  4.47it/s]\rLoading weights:  49%|████▊     | 355/729 [01:33\u003c00:49,  7.57it/s]\rLoading weights:  49%|████▉     | 357/729 [01:33\u003c01:02,  5.93it/s]\rLoading weights:  49%|████▉     | 359/729 [01:34\u003c01:08,  5.38it/s]\rLoading weights:  50%|████▉     | 361/729 [01:34\u003c01:04,  5.74it/s]\rLoading weights:  50%|█████     | 365/729 [01:34\u003c00:43,  8.43it/s]\rLoading weights:  50%|█████     | 367/729 [01:35\u003c00:54,  6.64it/s]\rLoading weights:  51%|█████     | 369/729 [01:35\u003c00:59,  6.00it/s]\rLoading weights:  51%|█████     | 371/729 [01:36\u003c01:00,  5.94it/s]\rLoading weights:  51%|█████     | 373/729 [01:36\u003c01:03,  5.65it/s]\rLoading weights:  52%|█████▏    | 377/729 [01:36\u003c00:44,  7.92it/s]\rLoading weights:  52%|█████▏    | 379/729 [01:37\u003c00:45,  7.62it/s]\rLoading weights:  52%|█████▏    | 381/729 [01:37\u003c00:47,  7.34it/s]\rLoading weights:  53%|█████▎    | 383/729 [01:37\u003c00:46,  7.42it/s]\rLoading weights:  53%|█████▎    | 385/729 [01:38\u003c00:50,  6.81it/s]\rLoading weights:  53%|█████▎    | 389/729 [01:38\u003c00:33, 10.13it/s]\rLoading weights:  54%|█████▎    | 391/729 [01:38\u003c00:39,  8.66it/s]\rLoading weights:  54%|█████▍    | 395/729 [01:38\u003c00:36,  9.10it/s]\rLoading weights:  54%|█████▍    | 397/729 [01:39\u003c00:39,  8.46it/s]\rLoading weights:  55%|█████▌    | 401/729 [01:39\u003c00:27, 11.96it/s]\rLoading weights:  55%|█████▌    | 403/729 [01:39\u003c00:33,  9.73it/s]\rLoading weights:  56%|█████▌    | 405/729 [01:40\u003c00:36,  8.78it/s]\rLoading weights:  56%|█████▌    | 407/729 [01:40\u003c00:31, 10.09it/s]\rLoading weights:  56%|█████▌    | 409/729 [01:40\u003c00:39,  8.17it/s]\rLoading weights:  57%|█████▋    | 413/729 [01:40\u003c00:27, 11.43it/s]\rLoading weights:  57%|█████▋    | 415/729 [01:41\u003c00:47,  6.63it/s]\rLoading weights:  57%|█████▋    | 417/729 [01:41\u003c00:52,  5.89it/s]\rLoading weights:  57%|█████▋    | 419/729 [01:42\u003c00:55,  5.62it/s]\rLoading weights:  58%|█████▊    | 421/729 [01:42\u003c01:00,  5.09it/s]\rLoading weights:  58%|█████▊    | 425/729 [01:42\u003c00:42,  7.17it/s]\rLoading weights:  59%|█████▊    | 427/729 [01:43\u003c00:49,  6.12it/s]\rLoading weights:  59%|█████▉    | 429/729 [01:43\u003c00:53,  5.58it/s]\rLoading weights:  59%|█████▉    | 431/729 [01:44\u003c00:55,  5.35it/s]\rLoading weights:  59%|█████▉    | 433/729 [01:44\u003c01:02,  4.76it/s]\rLoading weights:  60%|█████▉    | 437/729 [01:45\u003c00:41,  7.01it/s]\rLoading weights:  60%|██████    | 439/729 [01:45\u003c00:45,  6.34it/s]\rLoading weights:  60%|██████    | 441/729 [01:46\u003c00:52,  5.49it/s]\rLoading weights:  61%|██████    | 443/729 [01:46\u003c00:52,  5.41it/s]\rLoading weights:  61%|██████    | 445/729 [01:46\u003c00:54,  5.17it/s]\rLoading weights:  62%|██████▏   | 449/729 [01:47\u003c00:35,  7.90it/s]\rLoading weights:  62%|██████▏   | 451/729 [01:47\u003c00:45,  6.09it/s]\rLoading weights:  62%|██████▏   | 453/729 [01:48\u003c00:48,  5.65it/s]\rLoading weights:  62%|██████▏   | 455/729 [01:48\u003c00:49,  5.54it/s]\rLoading weights:  63%|██████▎   | 457/729 [01:49\u003c01:01,  4.44it/s]\rLoading weights:  63%|██████▎   | 461/729 [01:49\u003c00:42,  6.32it/s]\rLoading weights:  64%|██████▎   | 463/729 [01:49\u003c00:47,  5.59it/s]\rLoading weights:  64%|██████▍   | 465/729 [01:50\u003c00:50,  5.26it/s]\rLoading weights:  64%|██████▍   | 469/729 [01:50\u003c00:39,  6.62it/s]\rLoading weights:  65%|██████▌   | 475/729 [01:50\u003c00:24, 10.17it/s]\rLoading weights:  65%|██████▌   | 477/729 [01:51\u003c00:36,  6.94it/s]\rLoading weights:  66%|██████▌   | 479/729 [01:52\u003c00:45,  5.49it/s]\rLoading weights:  66%|██████▌   | 481/729 [01:52\u003c00:50,  4.90it/s]\rLoading weights:  67%|██████▋   | 485/729 [01:53\u003c00:34,  7.06it/s]\rLoading weights:  67%|██████▋   | 487/729 [01:53\u003c00:41,  5.86it/s]\rLoading weights:  67%|██████▋   | 489/729 [01:54\u003c00:53,  4.49it/s]\rLoading weights:  67%|██████▋   | 491/729 [01:54\u003c00:56,  4.24it/s]\rLoading weights:  68%|██████▊   | 493/729 [01:55\u003c00:59,  4.00it/s]\rLoading weights:  68%|██████▊   | 497/729 [01:55\u003c00:40,  5.71it/s]\rLoading weights:  68%|██████▊   | 499/729 [01:56\u003c00:56,  4.08it/s]\rLoading weights:  69%|██████▊   | 501/729 [01:56\u003c00:49,  4.63it/s]\rLoading weights:  69%|██████▉   | 503/729 [01:57\u003c00:49,  4.60it/s]\rLoading weights:  69%|██████▉   | 505/729 [01:57\u003c00:50,  4.46it/s]\rLoading weights:  70%|███████   | 511/729 [01:58\u003c00:34,  6.33it/s]\rLoading weights:  70%|███████   | 513/729 [01:58\u003c00:35,  6.13it/s]\rLoading weights:  71%|███████   | 515/729 [01:59\u003c00:34,  6.16it/s]\rLoading weights:  71%|███████   | 517/729 [01:59\u003c00:38,  5.51it/s]\rLoading weights:  71%|███████▏  | 521/729 [01:59\u003c00:26,  7.93it/s]\rLoading weights:  72%|███████▏  | 523/729 [02:00\u003c00:31,  6.44it/s]\rLoading weights:  72%|███████▏  | 525/729 [02:00\u003c00:36,  5.66it/s]\rLoading weights:  72%|███████▏  | 527/729 [02:01\u003c00:32,  6.22it/s]\rLoading weights:  73%|███████▎  | 529/729 [02:01\u003c00:28,  7.09it/s]\rLoading weights:  73%|███████▎  | 533/729 [02:01\u003c00:18, 10.65it/s]\rLoading weights:  73%|███████▎  | 535/729 [02:01\u003c00:19, 10.20it/s]\rLoading weights:  74%|███████▎  | 537/729 [02:01\u003c00:23,  8.28it/s]\rLoading weights:  74%|███████▍  | 539/729 [02:02\u003c00:24,  7.66it/s]\rLoading weights:  74%|███████▍  | 541/729 [02:02\u003c00:29,  6.45it/s]\rLoading weights:  75%|███████▌  | 547/729 [02:02\u003c00:16, 11.03it/s]\rLoading weights:  75%|███████▌  | 549/729 [02:03\u003c00:16, 10.75it/s]\rLoading weights:  76%|███████▌  | 551/729 [02:03\u003c00:18,  9.53it/s]\rLoading weights:  76%|███████▌  | 553/729 [02:03\u003c00:18,  9.54it/s]\rLoading weights:  76%|███████▋  | 557/729 [02:03\u003c00:12, 13.82it/s]\rLoading weights:  77%|███████▋  | 561/729 [02:04\u003c00:12, 13.58it/s]\rLoading weights:  77%|███████▋  | 563/729 [02:04\u003c00:12, 12.90it/s]\rLoading weights:  78%|███████▊  | 565/729 [02:04\u003c00:15, 10.85it/s]\rLoading weights:  78%|███████▊  | 571/729 [02:04\u003c00:09, 17.08it/s]\rLoading weights:  79%|███████▊  | 574/729 [02:04\u003c00:08, 17.92it/s]\rLoading weights:  79%|███████▉  | 577/729 [02:05\u003c00:13, 11.47it/s]\rLoading weights:  80%|███████▉  | 583/729 [02:06\u003c00:14,  9.82it/s]\rLoading weights:  81%|████████  | 587/729 [02:06\u003c00:16,  8.55it/s]\rLoading weights:  81%|████████  | 589/729 [02:07\u003c00:18,  7.54it/s]\rLoading weights:  81%|████████▏ | 593/729 [02:07\u003c00:14,  9.07it/s]\rLoading weights:  82%|████████▏ | 595/729 [02:07\u003c00:15,  8.59it/s]\rLoading weights:  82%|████████▏ | 597/729 [02:07\u003c00:14,  9.34it/s]\rLoading weights:  82%|████████▏ | 599/729 [02:07\u003c00:12, 10.54it/s]\rLoading weights:  82%|████████▏ | 601/729 [02:08\u003c00:13,  9.39it/s]\rLoading weights:  83%|████████▎ | 607/729 [02:08\u003c00:11, 10.72it/s]\rLoading weights:  84%|████████▍ | 611/729 [02:08\u003c00:08, 13.49it/s]\rLoading weights:  84%|████████▍ | 613/729 [02:09\u003c00:12,  9.41it/s]\rLoading weights:  85%|████████▍ | 619/729 [02:09\u003c00:10, 10.63it/s]\rLoading weights:  85%|████████▌ | 621/729 [02:10\u003c00:11,  9.72it/s]\rLoading weights:  85%|████████▌ | 623/729 [02:10\u003c00:12,  8.71it/s]\rLoading weights:  86%|████████▌ | 625/729 [02:10\u003c00:10,  9.64it/s]\rLoading weights:  87%|████████▋ | 631/729 [02:10\u003c00:08, 12.04it/s]\rLoading weights:  87%|████████▋ | 633/729 [02:11\u003c00:09, 10.65it/s]\rLoading weights:  87%|████████▋ | 635/729 [02:11\u003c00:10,  8.60it/s]\rLoading weights:  87%|████████▋ | 637/729 [02:12\u003c00:13,  6.97it/s]\rLoading weights:  88%|████████▊ | 641/729 [02:12\u003c00:08,  9.91it/s]\rLoading weights:  88%|████████▊ | 643/729 [02:12\u003c00:12,  7.05it/s]\rLoading weights:  88%|████████▊ | 645/729 [02:13\u003c00:12,  6.76it/s]\rLoading weights:  89%|████████▉ | 647/729 [02:13\u003c00:11,  7.06it/s]\rLoading weights:  89%|████████▉ | 649/729 [02:13\u003c00:11,  7.18it/s]\rLoading weights:  90%|████████▉ | 653/729 [02:13\u003c00:07, 10.31it/s]\rLoading weights:  90%|█████████ | 657/729 [02:13\u003c00:05, 13.83it/s]\rLoading weights:  90%|█████████ | 659/729 [02:14\u003c00:07,  9.34it/s]\rLoading weights:  91%|█████████ | 661/729 [02:14\u003c00:06, 10.14it/s]\rLoading weights:  91%|█████████▏| 667/729 [02:14\u003c00:04, 14.88it/s]\rLoading weights:  92%|█████████▏| 671/729 [02:14\u003c00:03, 18.48it/s]\rLoading weights:  92%|█████████▏| 674/729 [02:15\u003c00:03, 14.67it/s]\rLoading weights:  93%|█████████▎| 679/729 [02:15\u003c00:04, 10.82it/s]\rLoading weights:  93%|█████████▎| 681/729 [02:16\u003c00:05,  9.24it/s]\rLoading weights:  94%|█████████▎| 683/729 [02:16\u003c00:05,  8.13it/s]\rLoading weights:  95%|█████████▍| 689/729 [02:16\u003c00:03, 13.14it/s]\rLoading weights:  95%|█████████▍| 692/729 [02:17\u003c00:03, 11.34it/s]\rLoading weights:  95%|█████████▌| 694/729 [02:17\u003c00:04,  8.57it/s]\rLoading weights:  95%|█████████▌| 696/729 [02:17\u003c00:04,  8.14it/s]\rLoading weights:  96%|█████████▌| 698/729 [02:18\u003c00:04,  7.02it/s]\rLoading weights:  96%|█████████▌| 701/729 [02:18\u003c00:03,  8.80it/s]\rLoading weights:  96%|█████████▋| 703/729 [02:18\u003c00:03,  6.76it/s]\rLoading weights:  97%|█████████▋| 705/729 [02:19\u003c00:03,  7.81it/s]\rLoading weights:  97%|█████████▋| 707/729 [02:19\u003c00:03,  7.15it/s]\rLoading weights:  97%|█████████▋| 709/729 [02:19\u003c00:03,  6.36it/s]\rLoading weights:  98%|█████████▊| 713/729 [02:19\u003c00:01,  9.26it/s]\rLoading weights:  98%|█████████▊| 717/729 [02:20\u003c00:01,  9.84it/s]\rLoading weights:  99%|█████████▊| 719/729 [02:20\u003c00:01,  8.28it/s]\rLoading weights:  99%|█████████▉| 721/729 [02:21\u003c00:01,  7.51it/s]\rLoading weights: 100%|█████████▉| 726/729 [02:23\u003c00:00,  3.15it/s]\rLoading weights: 100%|█████████▉| 728/729 [02:25\u003c00:00,  2.16it/s]\rLoading weights: 100%|██████████| 729/729 [02:25\u003c00:00,  2.35it/s]\rLoading weights: 100%|██████████| 729/729 [02:25\u003c00:00,  4.99it/s]\n"}
,{"stream_name":"stderr","time":1555.34623549,"data":"[transformers] Both `max_new_tokens` (=80) and `max_length`(=20) seem to have been set. `max_new_tokens` will take precedence. Please refer to the documentation for more information. (https://huggingface.co/docs/transformers/main/en/main_classes/text_generation)\n"}
,{"stream_name":"stderr","time":1563.210446471,"data":"[transformers] Both `max_new_tokens` (=96) and `max_length`(=20) seem to have been set. `max_new_tokens` will take precedence. Please refer to the documentation for more information. (https://huggingface.co/docs/transformers/main/en/main_classes/text_generation)\n"}
,{"stream_name":"stdout","time":1570.818650284,"data":"[2026-05-11T19:41:30.654789+00:00] hierarchical_eval: progress {'model_id': 'Qwen/Qwen2.5-VL-7B-Instruct', 'completed': 1, 'total': 40, 'domain_accuracy': 1.0, 'hierarchical_accuracy': 0.0, 'oracle_domain_accuracy': 0.0}\n"}
,{"stream_name":"stderr","time":1570.836879301,"data":"[transformers] Both `max_new_tokens` (=80) and `max_length`(=20) seem to have been set. `max_new_tokens` will take precedence. Please refer to the documentation for more information. (https://huggingface.co/docs/transformers/main/en/main_classes/text_generation)\n"}
,{"stream_name":"stderr","time":1578.41837165,"data":"[transformers] Both `max_new_tokens` (=96) and `max_length`(=20) seem to have been set. `max_new_tokens` will take precedence. Please refer to the documentation for more information. (https://huggingface.co/docs/transformers/main/en/main_classes/text_generation)\n"}
,{"stream_name":"stdout","time":1585.129840636,"data":"[2026-05-11T19:41:44.967097+00:00] hierarchical_eval: progress {'model_id': 'Qwen/Qwen2.5-VL-7B-Instruct', 'completed': 2, 'total': 40, 'domain_accuracy': 1.0, 'hierarchical_accuracy': 0.0, 'oracle_domain_accuracy': 0.0}\n"}
,{"stream_name":"stderr","time":1585.148510465,"data":"[transformers] Both `max_new_tokens` (=80) and `max_length`(=20) seem to have been set. `max_new_tokens` will take precedence. Please refer to the documentation for more information. (https://huggingface.co/docs/transformers/main/en/main_classes/text_generation)\n"}
,{"stream_name":"stderr","time":1592.40660934,"data":"[transformers] Both `max_new_tokens` (=96) and `max_length`(=20) seem to have been set. `max_new_tokens` will take precedence. Please refer to the documentation for more information. (https://huggingface.co/docs/transformers/main/en/main_classes/text_generation)\n"}
,{"stream_name":"stdout","time":1599.478099563,"data":"[2026-05-11T19:41:59.315361+00:00] hierarchical_eval: progress {'model_id': 'Qwen/Qwen2.5-VL-7B-Instruct', 'completed': 3, 'total': 40, 'domain_accuracy': 1.0, 'hierarchical_accuracy': 0.0, 'oracle_domain_accuracy': 0.0}\n"}
,{"stream_name":"stderr","time":1599.49555654,"data":"[transformers] Both `max_new_tokens` (=80) and `max_length`(=20) seem to have been set. `max_new_tokens` will take precedence. Please refer to the documentation for more information. (https://huggingface.co/docs/transformers/main/en/main_classes/text_generation)\n"}
,{"stream_name":"stderr","time":1606.429310136,"data":"[transformers] Both `max_new_tokens` (=96) and `max_length`(=20) seem to have been set. `max_new_tokens` will take precedence. Please refer to the documentation for more information. (https://huggingface.co/docs/transformers/main/en/main_classes/text_generation)\n"}
,{"stream_name":"stdout","time":1612.737418127,"data":"[2026-05-11T19:42:12.574646+00:00] hierarchical_eval: progress {'model_id': 'Qwen/Qwen2.5-VL-7B-Instruct', 'completed': 4, 'total': 40, 'domain_accuracy': 1.0, 'hierarchical_accuracy': 0.0, 'oracle_domain_accuracy': 0.0}\n"}
,{"stream_name":"stderr","time":1612.755865797,"data":"[transformers] Both `max_new_tokens` (=80) and `max_length`(=20) seem to have been set. `max_new_tokens` will take precedence. Please refer to the documentation for more information. (https://huggingface.co/docs/transformers/main/en/main_classes/text_generation)\n"}
,{"stream_name":"stderr","time":1619.676870218,"data":"[transformers] Both `max_new_tokens` (=96) and `max_length`(=20) seem to have been set. `max_new_tokens` will take precedence. Please refer to the documentation for more information. (https://huggingface.co/docs/transformers/main/en/main_classes/text_generation)\n"}
,{"stream_name":"stdout","time":1626.583118805,"data":"[2026-05-11T19:42:26.420303+00:00] hierarchical_eval: progress {'model_id': 'Qwen/Qwen2.5-VL-7B-Instruct', 'completed': 5, 'total': 40, 'domain_accuracy': 1.0, 'hierarchical_accuracy': 0.0, 'oracle_domain_accuracy': 0.0}\n"}
,{"stream_name":"stderr","time":1626.601071384,"data":"[transformers] Both `max_new_tokens` (=80) and `max_length`(=20) seem to have been set. `max_new_tokens` will take precedence. Please refer to the documentation for more information. (https://huggingface.co/docs/transformers/main/en/main_classes/text_generation)\n"}
,{"stream_name":"stderr","time":1631.853561772,"data":"[transformers] Both `max_new_tokens` (=96) and `max_length`(=20) seem to have been set. `max_new_tokens` will take precedence. Please refer to the documentation for more information. (https://huggingface.co/docs/transformers/main/en/main_classes/text_generation)\n"}
,{"stream_name":"stdout","time":1637.191519601,"data":"[2026-05-11T19:42:37.028703+00:00] hierarchical_eval: progress {'model_id': 'Qwen/Qwen2.5-VL-7B-Instruct', 'completed': 6, 'total': 40, 'domain_accuracy': 1.0, 'hierarchical_accuracy': 0.0, 'oracle_domain_accuracy': 0.0}\n"}
,{"stream_name":"stderr","time":1637.204449582,"data":"[transformers] Both `max_new_tokens` (=80) and `max_length`(=20) seem to have been set. `max_new_tokens` will take precedence. Please refer to the documentation for more information. (https://huggingface.co/docs/transformers/main/en/main_classes/text_generation)\n"}
,{"stream_name":"stderr","time":1642.192016727,"data":"[transformers] Both `max_new_tokens` (=96) and `max_length`(=20) seem to have been set. `max_new_tokens` will take precedence. Please refer to the documentation for more information. (https://huggingface.co/docs/transformers/main/en/main_classes/text_generation)\n"}
,{"stream_name":"stdout","time":1646.434972317,"data":"[2026-05-11T19:42:46.272284+00:00] hierarchical_eval: progress {'model_id': 'Qwen/Qwen2.5-VL-7B-Instruct', 'completed': 7, 'total': 40, 'domain_accuracy': 1.0, 'hierarchical_accuracy': 0.0, 'oracle_domain_accuracy': 0.0}\n"}
,{"stream_name":"stderr","time":1646.446800552,"data":"[transformers] Both `max_new_tokens` (=80) and `max_length`(=20) seem to have been set. `max_new_tokens` will take precedence. Please refer to the documentation for more information. (https://huggingface.co/docs/transformers/main/en/main_classes/text_generation)\n"}
,{"stream_name":"stderr","time":1651.122464402,"data":"[transformers] Both `max_new_tokens` (=96) and `max_length`(=20) seem to have been set. `max_new_tokens` will take precedence. Please refer to the documentation for more information. (https://huggingface.co/docs/transformers/main/en/main_classes/text_generation)\n"}
,{"stream_name":"stdout","time":1656.265562452,"data":"[2026-05-11T19:42:56.102877+00:00] hierarchical_eval: progress {'model_id': 'Qwen/Qwen2.5-VL-7B-Instruct', 'completed': 8, 'total': 40, 'domain_accuracy': 1.0, 'hierarchical_accuracy': 0.0, 'oracle_domain_accuracy': 0.0}\n"}
,{"stream_name":"stderr","time":1656.277528129,"data":"[transformers] Both `max_new_tokens` (=80) and `max_length`(=20) seem to have been set. `max_new_tokens` will take precedence. Please refer to the documentation for more information. (https://huggingface.co/docs/transformers/main/en/main_classes/text_generation)\n"}
,{"stream_name":"stderr","time":1660.980603236,"data":"[transformers] Both `max_new_tokens` (=96) and `max_length`(=20) seem to have been set. `max_new_tokens` will take precedence. Please refer to the documentation for more information. (https://huggingface.co/docs/transformers/main/en/main_classes/text_generation)\n"}
,{"stream_name":"stdout","time":1665.077974459,"data":"[2026-05-11T19:43:04.915203+00:00] hierarchical_eval: progress {'model_id': 'Qwen/Qwen2.5-VL-7B-Instruct', 'completed': 9, 'total': 40, 'domain_accuracy': 1.0, 'hierarchical_accuracy': 0.0, 'oracle_domain_accuracy': 0.0}\n"}
,{"stream_name":"stderr","time":1665.101128844,"data":"[transformers] Both `max_new_tokens` (=80) and `max_length`(=20) seem to have been set. `max_new_tokens` will take precedence. Please refer to the documentation for more information. (https://huggingface.co/docs/transformers/main/en/main_classes/text_generation)\n"}
,{"stream_name":"stderr","time":1673.300423398,"data":"[transformers] Both `max_new_tokens` (=96) and `max_length`(=20) seem to have been set. `max_new_tokens` will take precedence. Please refer to the documentation for more information. (https://huggingface.co/docs/transformers/main/en/main_classes/text_generation)\n"}
,{"stream_name":"stdout","time":1680.387829831,"data":"[2026-05-11T19:43:20.225072+00:00] hierarchical_eval: progress {'model_id': 'Qwen/Qwen2.5-VL-7B-Instruct', 'completed': 10, 'total': 40, 'domain_accuracy': 1.0, 'hierarchical_accuracy': 0.0, 'oracle_domain_accuracy': 0.0}\n"}
,{"stream_name":"stderr","time":1680.401142855,"data":"[transformers] Both `max_new_tokens` (=80) and `max_length`(=20) seem to have been set. `max_new_tokens` will take precedence. Please refer to the documentation for more information. (https://huggingface.co/docs/transformers/main/en/main_classes/text_generation)\n"}
,{"stream_name":"stderr","time":1684.867968514,"data":"[transformers] Both `max_new_tokens` (=96) and `max_length`(=20) seem to have been set. `max_new_tokens` will take precedence. Please refer to the documentation for more information. (https://huggingface.co/docs/transformers/main/en/main_classes/text_generation)\n"}
,{"stream_name":"stdout","time":1691.174796566,"data":"[2026-05-11T19:43:31.012120+00:00] hierarchical_eval: progress {'model_id': 'Qwen/Qwen2.5-VL-7B-Instruct', 'completed': 11, 'total': 40, 'domain_accuracy': 1.0, 'hierarchical_accuracy': 0.0909, 'oracle_domain_accuracy': 0.0909}\n"}
,{"stream_name":"stderr","time":1691.189485404,"data":"[transformers] Both `max_new_tokens` (=80) and `max_length`(=20) seem to have been set. `max_new_tokens` will take precedence. Please refer to the documentation for more information. (https://huggingface.co/docs/transformers/main/en/main_classes/text_generation)\n"}
,{"stream_name":"stderr","time":1695.952253179,"data":"[transformers] Both `max_new_tokens` (=96) and `max_length`(=20) seem to have been set. `max_new_tokens` will take precedence. Please refer to the documentation for more information. (https://huggingface.co/docs/transformers/main/en/main_classes/text_generation)\n"}
,{"stream_name":"stdout","time":1700.64438142,"data":"[2026-05-11T19:43:40.481538+00:00] hierarchical_eval: progress {'model_id': 'Qwen/Qwen2.5-VL-7B-Instruct', 'completed': 12, 'total': 40, 'domain_accuracy': 1.0, 'hierarchical_accuracy': 0.1667, 'oracle_domain_accuracy': 0.1667}\n"}
,{"stream_name":"stderr","time":1700.656561463,"data":"[transformers] Both `max_new_tokens` (=80) and `max_length`(=20) seem to have been set. `max_new_tokens` will take precedence. Please refer to the documentation for more information. (https://huggingface.co/docs/transformers/main/en/main_classes/text_generation)\n"}
,{"stream_name":"stderr","time":1705.378937703,"data":"[transformers] Both `max_new_tokens` (=96) and `max_length`(=20) seem to have been set. `max_new_tokens` will take precedence. Please refer to the documentation for more information. (https://huggingface.co/docs/transformers/main/en/main_classes/text_generation)\n"}
,{"stream_name":"stdout","time":1709.496469064,"data":"[2026-05-11T19:43:49.333745+00:00] hierarchical_eval: progress {'model_id': 'Qwen/Qwen2.5-VL-7B-Instruct', 'completed': 13, 'total': 40, 'domain_accuracy': 1.0, 'hierarchical_accuracy': 0.2308, 'oracle_domain_accuracy': 0.2308}\n"}
,{"stream_name":"stderr","time":1709.508104181,"data":"[transformers] Both `max_new_tokens` (=80) and `max_length`(=20) seem to have been set. `max_new_tokens` will take precedence. Please refer to the documentation for more information. (https://huggingface.co/docs/transformers/main/en/main_classes/text_generation)\n"}
,{"stream_name":"stderr","time":1714.076885961,"data":"[transformers] Both `max_new_tokens` (=96) and `max_length`(=20) seem to have been set. `max_new_tokens` will take precedence. Please refer to the documentation for more information. (https://huggingface.co/docs/transformers/main/en/main_classes/text_generation)\n"}
,{"stream_name":"stdout","time":1719.775050658,"data":"[2026-05-11T19:43:59.612273+00:00] hierarchical_eval: progress {'model_id': 'Qwen/Qwen2.5-VL-7B-Instruct', 'completed': 14, 'total': 40, 'domain_accuracy': 1.0, 'hierarchical_accuracy': 0.2857, 'oracle_domain_accuracy': 0.2857}\n"}
,{"stream_name":"stderr","time":1719.786359122,"data":"[transformers] Both `max_new_tokens` (=80) and `max_length`(=20) seem to have been set. `max_new_tokens` will take precedence. Please refer to the documentation for more information. (https://huggingface.co/docs/transformers/main/en/main_classes/text_generation)\n"}
,{"stream_name":"stderr","time":1724.386626032,"data":"[transformers] Both `max_new_tokens` (=96) and `max_length`(=20) seem to have been set. `max_new_tokens` will take precedence. Please refer to the documentation for more information. (https://huggingface.co/docs/transformers/main/en/main_classes/text_generation)\n"}
,{"stream_name":"stdout","time":1730.058698507,"data":"[2026-05-11T19:44:09.895809+00:00] hierarchical_eval: progress {'model_id': 'Qwen/Qwen2.5-VL-7B-Instruct', 'completed': 15, 'total': 40, 'domain_accuracy': 1.0, 'hierarchical_accuracy': 0.3333, 'oracle_domain_accuracy': 0.3333}\n"}
,{"stream_name":"stderr","time":1730.079210807,"data":"[transformers] Both `max_new_tokens` (=80) and `max_length`(=20) seem to have been set. `max_new_tokens` will take precedence. Please refer to the documentation for more information. (https://huggingface.co/docs/transformers/main/en/main_classes/text_generation)\n"}
,{"stream_name":"stderr","time":1737.326091057,"data":"[transformers] Both `max_new_tokens` (=96) and `max_length`(=20) seem to have been set. `max_new_tokens` will take precedence. Please refer to the documentation for more information. (https://huggingface.co/docs/transformers/main/en/main_classes/text_generation)\n"}
,{"stream_name":"stdout","time":1744.439697259,"data":"[2026-05-11T19:44:24.276908+00:00] hierarchical_eval: progress {'model_id': 'Qwen/Qwen2.5-VL-7B-Instruct', 'completed': 16, 'total': 40, 'domain_accuracy': 1.0, 'hierarchical_accuracy': 0.3125, 'oracle_domain_accuracy': 0.3125}\n"}
,{"stream_name":"stderr","time":1744.458070041,"data":"[transformers] Both `max_new_tokens` (=80) and `max_length`(=20) seem to have been set. `max_new_tokens` will take precedence. Please refer to the documentation for more information. (https://huggingface.co/docs/transformers/main/en/main_classes/text_generation)\n"}
,{"stream_name":"stderr","time":1751.497171643,"data":"[transformers] Both `max_new_tokens` (=96) and `max_length`(=20) seem to have been set. `max_new_tokens` will take precedence. Please refer to the documentation for more information. (https://huggingface.co/docs/transformers/main/en/main_classes/text_generation)\n"}
,{"stream_name":"stdout","time":1758.584477809,"data":"[2026-05-11T19:44:38.421751+00:00] hierarchical_eval: progress {'model_id': 'Qwen/Qwen2.5-VL-7B-Instruct', 'completed': 17, 'total': 40, 'domain_accuracy': 1.0, 'hierarchical_accuracy': 0.2941, 'oracle_domain_accuracy': 0.2941}\n"}
,{"stream_name":"stderr","time":1758.602212746,"data":"[transformers] Both `max_new_tokens` (=80) and `max_length`(=20) seem to have been set. `max_new_tokens` will take precedence. Please refer to the documentation for more information. (https://huggingface.co/docs/transformers/main/en/main_classes/text_generation)\n"}
,{"stream_name":"stderr","time":1765.762547746,"data":"[transformers] Both `max_new_tokens` (=96) and `max_length`(=20) seem to have been set. `max_new_tokens` will take precedence. Please refer to the documentation for more information. (https://huggingface.co/docs/transformers/main/en/main_classes/text_generation)\n"}
,{"stream_name":"stdout","time":1772.884386839,"data":"[2026-05-11T19:44:52.721538+00:00] hierarchical_eval: progress {'model_id': 'Qwen/Qwen2.5-VL-7B-Instruct', 'completed': 18, 'total': 40, 'domain_accuracy': 1.0, 'hierarchical_accuracy': 0.2778, 'oracle_domain_accuracy': 0.2778}\n"}
,{"stream_name":"stderr","time":1772.902485335,"data":"[transformers] Both `max_new_tokens` (=80) and `max_length`(=20) seem to have been set. `max_new_tokens` will take precedence. Please refer to the documentation for more information. (https://huggingface.co/docs/transformers/main/en/main_classes/text_generation)\n"}
,{"stream_name":"stderr","time":1779.907378196,"data":"[transformers] Both `max_new_tokens` (=96) and `max_length`(=20) seem to have been set. `max_new_tokens` will take precedence. Please refer to the documentation for more information. (https://huggingface.co/docs/transformers/main/en/main_classes/text_generation)\n"}
,{"stream_name":"stdout","time":1786.980226403,"data":"[2026-05-11T19:45:06.817456+00:00] hierarchical_eval: progress {'model_id': 'Qwen/Qwen2.5-VL-7B-Instruct', 'completed': 19, 'total': 40, 'domain_accuracy': 1.0, 'hierarchical_accuracy': 0.2632, 'oracle_domain_accuracy': 0.2632}\n"}
,{"stream_name":"stderr","time":1786.997776538,"data":"[transformers] Both `max_new_tokens` (=80) and `max_length`(=20) seem to have been set. `max_new_tokens` will take precedence. Please refer to the documentation for more information. (https://huggingface.co/docs/transformers/main/en/main_classes/text_generation)\n"}
,{"stream_name":"stderr","time":1794.089375544,"data":"[transformers] Both `max_new_tokens` (=96) and `max_length`(=20) seem to have been set. `max_new_tokens` will take precedence. Please refer to the documentation for more information. (https://huggingface.co/docs/transformers/main/en/main_classes/text_generation)\n"}
,{"stream_name":"stdout","time":1801.193022909,"data":"[2026-05-11T19:45:21.030375+00:00] hierarchical_eval: progress {'model_id': 'Qwen/Qwen2.5-VL-7B-Instruct', 'completed': 20, 'total': 40, 'domain_accuracy': 1.0, 'hierarchical_accuracy': 0.25, 'oracle_domain_accuracy': 0.25}\n"}
,{"stream_name":"stderr","time":1801.204958785,"data":"[transformers] Both `max_new_tokens` (=80) and `max_length`(=20) seem to have been set. `max_new_tokens` will take precedence. Please refer to the documentation for more information. (https://huggingface.co/docs/transformers/main/en/main_classes/text_generation)\n"}
,{"stream_name":"stderr","time":1805.254210019,"data":"[transformers] Both `max_new_tokens` (=96) and `max_length`(=20) seem to have been set. `max_new_tokens` will take precedence. Please refer to the documentation for more information. (https://huggingface.co/docs/transformers/main/en/main_classes/text_generation)\n"}
,{"stream_name":"stdout","time":1810.37002935,"data":"[2026-05-11T19:45:30.207221+00:00] hierarchical_eval: progress {'model_id': 'Qwen/Qwen2.5-VL-7B-Instruct', 'completed': 21, 'total': 40, 'domain_accuracy': 1.0, 'hierarchical_accuracy': 0.2381, 'oracle_domain_accuracy': 0.2381}\n"}
,{"stream_name":"stderr","time":1810.381456981,"data":"[transformers] Both `max_new_tokens` (=80) and `max_length`(=20) seem to have been set. `max_new_tokens` will take precedence. Please refer to the documentation for more information. (https://huggingface.co/docs/transformers/main/en/main_classes/text_generation)\n"}
,{"stream_name":"stderr","time":1814.079442567,"data":"[transformers] Both `max_new_tokens` (=96) and `max_length`(=20) seem to have been set. `max_new_tokens` will take precedence. Please refer to the documentation for more information. (https://huggingface.co/docs/transformers/main/en/main_classes/text_generation)\n"}
,{"stream_name":"stdout","time":1819.17900636,"data":"[2026-05-11T19:45:39.016208+00:00] hierarchical_eval: progress {'model_id': 'Qwen/Qwen2.5-VL-7B-Instruct', 'completed': 22, 'total': 40, 'domain_accuracy': 1.0, 'hierarchical_accuracy': 0.2273, 'oracle_domain_accuracy': 0.2273}\n"}
,{"stream_name":"stderr","time":1819.190983931,"data":"[transformers] Both `max_new_tokens` (=80) and `max_length`(=20) seem to have been set. `max_new_tokens` will take precedence. Please refer to the documentation for more information. (https://huggingface.co/docs/transformers/main/en/main_classes/text_generation)\n"}
,{"stream_name":"stderr","time":1823.228848999,"data":"[transformers] Both `max_new_tokens` (=96) and `max_length`(=20) seem to have been set. `max_new_tokens` will take precedence. Please refer to the documentation for more information. (https://huggingface.co/docs/transformers/main/en/main_classes/text_generation)\n"}
,{"stream_name":"stdout","time":1828.354410933,"data":"[2026-05-11T19:45:48.191604+00:00] hierarchical_eval: progress {'model_id': 'Qwen/Qwen2.5-VL-7B-Instruct', 'completed': 23, 'total': 40, 'domain_accuracy': 1.0, 'hierarchical_accuracy': 0.2174, 'oracle_domain_accuracy': 0.2174}\n"}
,{"stream_name":"stderr","time":1828.367116887,"data":"[transformers] Both `max_new_tokens` (=80) and `max_length`(=20) seem to have been set. `max_new_tokens` will take precedence. Please refer to the documentation for more information. (https://huggingface.co/docs/transformers/main/en/main_classes/text_generation)\n"}
,{"stream_name":"stderr","time":1832.180654993,"data":"[transformers] Both `max_new_tokens` (=96) and `max_length`(=20) seem to have been set. `max_new_tokens` will take precedence. Please refer to the documentation for more information. (https://huggingface.co/docs/transformers/main/en/main_classes/text_generation)\n"}
,{"stream_name":"stdout","time":1837.241506477,"data":"[2026-05-11T19:45:57.078793+00:00] hierarchical_eval: progress {'model_id': 'Qwen/Qwen2.5-VL-7B-Instruct', 'completed': 24, 'total': 40, 'domain_accuracy': 1.0, 'hierarchical_accuracy': 0.2083, 'oracle_domain_accuracy': 0.2083}\n"}
,{"stream_name":"stderr","time":1837.252527103,"data":"[transformers] Both `max_new_tokens` (=80) and `max_length`(=20) seem to have been set. `max_new_tokens` will take precedence. Please refer to the documentation for more information. (https://huggingface.co/docs/transformers/main/en/main_classes/text_generation)\n"}
,{"stream_name":"stderr","time":1841.672560178,"data":"[transformers] Both `max_new_tokens` (=96) and `max_length`(=20) seem to have been set. `max_new_tokens` will take precedence. Please refer to the documentation for more information. (https://huggingface.co/docs/transformers/main/en/main_classes/text_generation)\n"}
,{"stream_name":"stderr","time":1845.628986201,"data":"[transformers] Both `max_new_tokens` (=96) and `max_length`(=20) seem to have been set. `max_new_tokens` will take precedence. Please refer to the documentation for more information. (https://huggingface.co/docs/transformers/main/en/main_classes/text_generation)\n"}
,{"stream_name":"stdout","time":1850.687412921,"data":"[2026-05-11T19:46:10.524666+00:00] hierarchical_eval: progress {'model_id': 'Qwen/Qwen2.5-VL-7B-Instruct', 'completed': 25, 'total': 40, 'domain_accuracy': 0.96, 'hierarchical_accuracy': 0.2, 'oracle_domain_accuracy': 0.2}\n"}
,{"stream_name":"stderr","time":1850.699918163,"data":"[transformers] Both `max_new_tokens` (=80) and `max_length`(=20) seem to have been set. `max_new_tokens` will take precedence. Please refer to the documentation for more information. (https://huggingface.co/docs/transformers/main/en/main_classes/text_generation)\n"}
,{"stream_name":"stderr","time":1854.867943474,"data":"[transformers] Both `max_new_tokens` (=96) and `max_length`(=20) seem to have been set. `max_new_tokens` will take precedence. Please refer to the documentation for more information. (https://huggingface.co/docs/transformers/main/en/main_classes/text_generation)\n"}
,{"stream_name":"stdout","time":1860.0133776,"data":"[2026-05-11T19:46:19.850574+00:00] hierarchical_eval: progress {'model_id': 'Qwen/Qwen2.5-VL-7B-Instruct', 'completed': 26, 'total': 40, 'domain_accuracy': 0.9615, 'hierarchical_accuracy': 0.1923, 'oracle_domain_accuracy': 0.1923}\n"}
,{"stream_name":"stderr","time":1860.02593067,"data":"[transformers] Both `max_new_tokens` (=80) and `max_length`(=20) seem to have been set. `max_new_tokens` will take precedence. Please refer to the documentation for more information. (https://huggingface.co/docs/transformers/main/en/main_classes/text_generation)\n"}
,{"stream_name":"stderr","time":1864.093547358,"data":"[transformers] Both `max_new_tokens` (=96) and `max_length`(=20) seem to have been set. `max_new_tokens` will take precedence. Please refer to the documentation for more information. (https://huggingface.co/docs/transformers/main/en/main_classes/text_generation)\n"}
,{"stream_name":"stdout","time":1869.260294365,"data":"[2026-05-11T19:46:29.097544+00:00] hierarchical_eval: progress {'model_id': 'Qwen/Qwen2.5-VL-7B-Instruct', 'completed': 27, 'total': 40, 'domain_accuracy': 0.963, 'hierarchical_accuracy': 0.1852, 'oracle_domain_accuracy': 0.1852}\n"}
,{"stream_name":"stderr","time":1869.272597529,"data":"[transformers] Both `max_new_tokens` (=80) and `max_length`(=20) seem to have been set. `max_new_tokens` will take precedence. Please refer to the documentation for more information. (https://huggingface.co/docs/transformers/main/en/main_classes/text_generation)\n"}
,{"stream_name":"stderr","time":1873.514136672,"data":"[transformers] Both `max_new_tokens` (=96) and `max_length`(=20) seem to have been set. `max_new_tokens` will take precedence. Please refer to the documentation for more information. (https://huggingface.co/docs/transformers/main/en/main_classes/text_generation)\n"}
,{"stream_name":"stderr","time":1878.139780875,"data":"[transformers] Both `max_new_tokens` (=96) and `max_length`(=20) seem to have been set. `max_new_tokens` will take precedence. Please refer to the documentation for more information. (https://huggingface.co/docs/transformers/main/en/main_classes/text_generation)\n"}
,{"stream_name":"stdout","time":1883.636285483,"data":"[2026-05-11T19:46:43.473604+00:00] hierarchical_eval: progress {'model_id': 'Qwen/Qwen2.5-VL-7B-Instruct', 'completed': 28, 'total': 40, 'domain_accuracy': 0.9286, 'hierarchical_accuracy': 0.1786, 'oracle_domain_accuracy': 0.1786}\n"}
,{"stream_name":"stderr","time":1883.647476967,"data":"[transformers] Both `max_new_tokens` (=80) and `max_length`(=20) seem to have been set. `max_new_tokens` will take precedence. Please refer to the documentation for more information. (https://huggingface.co/docs/transformers/main/en/main_classes/text_generation)\n"}
,{"stream_name":"stderr","time":1887.335183427,"data":"[transformers] Both `max_new_tokens` (=96) and `max_length`(=20) seem to have been set. `max_new_tokens` will take precedence. Please refer to the documentation for more information. (https://huggingface.co/docs/transformers/main/en/main_classes/text_generation)\n"}
,{"stream_name":"stdout","time":1892.517941548,"data":"[2026-05-11T19:46:52.355207+00:00] hierarchical_eval: progress {'model_id': 'Qwen/Qwen2.5-VL-7B-Instruct', 'completed': 29, 'total': 40, 'domain_accuracy': 0.931, 'hierarchical_accuracy': 0.1724, 'oracle_domain_accuracy': 0.1724}\n"}
,{"stream_name":"stderr","time":1892.53067018,"data":"[transformers] Both `max_new_tokens` (=80) and `max_length`(=20) seem to have been set. `max_new_tokens` will take precedence. Please refer to the documentation for more information. (https://huggingface.co/docs/transformers/main/en/main_classes/text_generation)\n"}
,{"stream_name":"stderr","time":1896.615318531,"data":"[transformers] Both `max_new_tokens` (=96) and `max_length`(=20) seem to have been set. `max_new_tokens` will take precedence. Please refer to the documentation for more information. (https://huggingface.co/docs/transformers/main/en/main_classes/text_generation)\n"}
,{"stream_name":"stdout","time":1901.731486358,"data":"[2026-05-11T19:47:01.568672+00:00] hierarchical_eval: progress {'model_id': 'Qwen/Qwen2.5-VL-7B-Instruct', 'completed': 30, 'total': 40, 'domain_accuracy': 0.9333, 'hierarchical_accuracy': 0.1667, 'oracle_domain_accuracy': 0.1667}\n"}
,{"stream_name":"stderr","time":1901.746354813,"data":"[transformers] Both `max_new_tokens` (=80) and `max_length`(=20) seem to have been set. `max_new_tokens` will take precedence. Please refer to the documentation for more information. (https://huggingface.co/docs/transformers/main/en/main_classes/text_generation)\n"}
,{"stream_name":"stderr","time":1905.597242993,"data":"[transformers] Both `max_new_tokens` (=96) and `max_length`(=20) seem to have been set. `max_new_tokens` will take precedence. Please refer to the documentation for more information. (https://huggingface.co/docs/transformers/main/en/main_classes/text_generation)\n"}
,{"stream_name":"stdout","time":1910.699805529,"data":"[2026-05-11T19:47:10.537007+00:00] hierarchical_eval: progress {'model_id': 'Qwen/Qwen2.5-VL-7B-Instruct', 'completed': 31, 'total': 40, 'domain_accuracy': 0.9355, 'hierarchical_accuracy': 0.1935, 'oracle_domain_accuracy': 0.1935}\n"}
,{"stream_name":"stderr","time":1910.71101888,"data":"[transformers] Both `max_new_tokens` (=80) and `max_length`(=20) seem to have been set. `max_new_tokens` will take precedence. Please refer to the documentation for more information. (https://huggingface.co/docs/transformers/main/en/main_classes/text_generation)\n"}
,{"stream_name":"stderr","time":1914.714181523,"data":"[transformers] Both `max_new_tokens` (=96) and `max_length`(=20) seem to have been set. `max_new_tokens` will take precedence. Please refer to the documentation for more information. (https://huggingface.co/docs/transformers/main/en/main_classes/text_generation)\n"}
,{"stream_name":"stdout","time":1919.748298887,"data":"[2026-05-11T19:47:19.585482+00:00] hierarchical_eval: progress {'model_id': 'Qwen/Qwen2.5-VL-7B-Instruct', 'completed': 32, 'total': 40, 'domain_accuracy': 0.9375, 'hierarchical_accuracy': 0.2188, 'oracle_domain_accuracy': 0.2188}\n"}
,{"stream_name":"stderr","time":1919.759050891,"data":"[transformers] Both `max_new_tokens` (=80) and `max_length`(=20) seem to have been set. `max_new_tokens` will take precedence. Please refer to the documentation for more information. (https://huggingface.co/docs/transformers/main/en/main_classes/text_generation)\n"}
,{"stream_name":"stderr","time":1923.408358521,"data":"[transformers] Both `max_new_tokens` (=96) and `max_length`(=20) seem to have been set. `max_new_tokens` will take precedence. Please refer to the documentation for more information. (https://huggingface.co/docs/transformers/main/en/main_classes/text_generation)\n"}
,{"stream_name":"stdout","time":1928.454232312,"data":"[2026-05-11T19:47:28.291475+00:00] hierarchical_eval: progress {'model_id': 'Qwen/Qwen2.5-VL-7B-Instruct', 'completed': 33, 'total': 40, 'domain_accuracy': 0.9394, 'hierarchical_accuracy': 0.2424, 'oracle_domain_accuracy': 0.2424}\n"}
,{"stream_name":"stderr","time":1928.464745359,"data":"[transformers] Both `max_new_tokens` (=80) and `max_length`(=20) seem to have been set. `max_new_tokens` will take precedence. Please refer to the documentation for more information. (https://huggingface.co/docs/transformers/main/en/main_classes/text_generation)\n"}
,{"stream_name":"stderr","time":1932.61032124,"data":"[transformers] Both `max_new_tokens` (=96) and `max_length`(=20) seem to have been set. `max_new_tokens` will take precedence. Please refer to the documentation for more information. (https://huggingface.co/docs/transformers/main/en/main_classes/text_generation)\n"}
,{"stream_name":"stderr","time":1937.105962168,"data":"[transformers] Both `max_new_tokens` (=96) and `max_length`(=20) seem to have been set. `max_new_tokens` will take precedence. Please refer to the documentation for more information. (https://huggingface.co/docs/transformers/main/en/main_classes/text_generation)\n"}
,{"stream_name":"stdout","time":1942.192116647,"data":"[2026-05-11T19:47:42.029281+00:00] hierarchical_eval: progress {'model_id': 'Qwen/Qwen2.5-VL-7B-Instruct', 'completed': 34, 'total': 40, 'domain_accuracy': 0.9118, 'hierarchical_accuracy': 0.2353, 'oracle_domain_accuracy': 0.2647}\n"}
,{"stream_name":"stderr","time":1942.205904201,"data":"[transformers] Both `max_new_tokens` (=80) and `max_length`(=20) seem to have been set. `max_new_tokens` will take precedence. Please refer to the documentation for more information. (https://huggingface.co/docs/transformers/main/en/main_classes/text_generation)\n"}
,{"stream_name":"stderr","time":1945.95828751,"data":"[transformers] Both `max_new_tokens` (=96) and `max_length`(=20) seem to have been set. `max_new_tokens` will take precedence. Please refer to the documentation for more information. (https://huggingface.co/docs/transformers/main/en/main_classes/text_generation)\n"}
,{"stream_name":"stdout","time":1951.021440436,"data":"[2026-05-11T19:47:50.858722+00:00] hierarchical_eval: progress {'model_id': 'Qwen/Qwen2.5-VL-7B-Instruct', 'completed': 35, 'total': 40, 'domain_accuracy': 0.9143, 'hierarchical_accuracy': 0.2571, 'oracle_domain_accuracy': 0.2857}\n"}
,{"stream_name":"stderr","time":1951.03392595,"data":"[transformers] Both `max_new_tokens` (=80) and `max_length`(=20) seem to have been set. `max_new_tokens` will take precedence. Please refer to the documentation for more information. (https://huggingface.co/docs/transformers/main/en/main_classes/text_generation)\n"}
,{"stream_name":"stderr","time":1955.107119619,"data":"[transformers] Both `max_new_tokens` (=96) and `max_length`(=20) seem to have been set. `max_new_tokens` will take precedence. Please refer to the documentation for more information. (https://huggingface.co/docs/transformers/main/en/main_classes/text_generation)\n"}
,{"stream_name":"stderr","time":1959.761858284,"data":"[transformers] Both `max_new_tokens` (=96) and `max_length`(=20) seem to have been set. `max_new_tokens` will take precedence. Please refer to the documentation for more information. (https://huggingface.co/docs/transformers/main/en/main_classes/text_generation)\n"}
,{"stream_name":"stdout","time":1964.834183792,"data":"[2026-05-11T19:48:04.671443+00:00] hierarchical_eval: progress {'model_id': 'Qwen/Qwen2.5-VL-7B-Instruct', 'completed': 36, 'total': 40, 'domain_accuracy': 0.8889, 'hierarchical_accuracy': 0.25, 'oracle_domain_accuracy': 0.2778}\n"}
,{"stream_name":"stderr","time":1964.848344382,"data":"[transformers] Both `max_new_tokens` (=80) and `max_length`(=20) seem to have been set. `max_new_tokens` will take precedence. Please refer to the documentation for more information. (https://huggingface.co/docs/transformers/main/en/main_classes/text_generation)\n"}
,{"stream_name":"stderr","time":1968.591202265,"data":"[transformers] Both `max_new_tokens` (=96) and `max_length`(=20) seem to have been set. `max_new_tokens` will take precedence. Please refer to the documentation for more information. (https://huggingface.co/docs/transformers/main/en/main_classes/text_generation)\n"}
,{"stream_name":"stdout","time":1973.685500719,"data":"[2026-05-11T19:48:13.522738+00:00] hierarchical_eval: progress {'model_id': 'Qwen/Qwen2.5-VL-7B-Instruct', 'completed': 37, 'total': 40, 'domain_accuracy': 0.8919, 'hierarchical_accuracy': 0.2432, 'oracle_domain_accuracy': 0.2703}\n"}
,{"stream_name":"stderr","time":1973.695932013,"data":"[transformers] Both `max_new_tokens` (=80) and `max_length`(=20) seem to have been set. `max_new_tokens` will take precedence. Please refer to the documentation for more information. (https://huggingface.co/docs/transformers/main/en/main_classes/text_generation)\n"}
,{"stream_name":"stderr","time":1977.631683106,"data":"[transformers] Both `max_new_tokens` (=96) and `max_length`(=20) seem to have been set. `max_new_tokens` will take precedence. Please refer to the documentation for more information. (https://huggingface.co/docs/transformers/main/en/main_classes/text_generation)\n"}
,{"stream_name":"stdout","time":1982.465375412,"data":"[2026-05-11T19:48:22.302664+00:00] hierarchical_eval: progress {'model_id': 'Qwen/Qwen2.5-VL-7B-Instruct', 'completed': 38, 'total': 40, 'domain_accuracy': 0.8947, 'hierarchical_accuracy': 0.2368, 'oracle_domain_accuracy': 0.2632}\n"}
,{"stream_name":"stderr","time":1982.477287082,"data":"[transformers] Both `max_new_tokens` (=80) and `max_length`(=20) seem to have been set. `max_new_tokens` will take precedence. Please refer to the documentation for more information. (https://huggingface.co/docs/transformers/main/en/main_classes/text_generation)\n"}
,{"stream_name":"stderr","time":1986.179004765,"data":"[transformers] Both `max_new_tokens` (=96) and `max_length`(=20) seem to have been set. `max_new_tokens` will take precedence. Please refer to the documentation for more information. (https://huggingface.co/docs/transformers/main/en/main_classes/text_generation)\n"}
,{"stream_name":"stdout","time":1991.245565744,"data":"[2026-05-11T19:48:31.082856+00:00] hierarchical_eval: progress {'model_id': 'Qwen/Qwen2.5-VL-7B-Instruct', 'completed': 39, 'total': 40, 'domain_accuracy': 0.8974, 'hierarchical_accuracy': 0.2308, 'oracle_domain_accuracy': 0.2564}\n"}
,{"stream_name":"stderr","time":1991.256579564,"data":"[transformers] Both `max_new_tokens` (=80) and `max_length`(=20) seem to have been set. `max_new_tokens` will take precedence. Please refer to the documentation for more information. (https://huggingface.co/docs/transformers/main/en/main_classes/text_generation)\n"}
,{"stream_name":"stderr","time":1996.050671543,"data":"[transformers] Both `max_new_tokens` (=96) and `max_length`(=20) seem to have been set. `max_new_tokens` will take precedence. Please refer to the documentation for more information. (https://huggingface.co/docs/transformers/main/en/main_classes/text_generation)\n"}
,{"stream_name":"stderr","time":2001.58413401,"data":"[transformers] Both `max_new_tokens` (=96) and `max_length`(=20) seem to have been set. `max_new_tokens` will take precedence. Please refer to the documentation for more information. (https://huggingface.co/docs/transformers/main/en/main_classes/text_generation)\n"}
,{"stream_name":"stdout","time":2006.623150796,"data":"[2026-05-11T19:48:46.460416+00:00] hierarchical_eval: progress {'model_id': 'Qwen/Qwen2.5-VL-7B-Instruct', 'completed': 40, 'total': 40, 'domain_accuracy': 0.875, 'hierarchical_accuracy': 0.225, 'oracle_domain_accuracy': 0.25}\n"}
,{"stream_name":"stdout","time":2007.172826993,"data":"[2026-05-11T19:48:47.010175+00:00] hierarchical_eval: completed {'model_id': 'Qwen/Qwen2.5-VL-7B-Instruct', 'domain_accuracy': 0.875, 'hierarchical_accuracy': 0.225, 'oracle_domain_accuracy': 0.25, 'n': 40}\n"}
,{"stream_name":"stdout","time":2007.172902845,"data":"[2026-05-11T19:48:47.010353+00:00] model_eval: skipped {'reason': 'RUN_FLAT_BENCHMARK is false for this batch'}\n"}
,{"stream_name":"stdout","time":2007.173141725,"data":"[2026-05-11T19:48:47.010514+00:00] lora_train: skipped {'reason': 'RUN_LORA is false for this batch'}\n"}
,{"stream_name":"stdout","time":2007.174010227,"data":"\n"}
,{"stream_name":"stdout","time":2007.174028914,"data":"========================================================================================\n"}
,{"stream_name":"stdout","time":2007.174034128,"data":"2026-05-11T19:48:47.011459+00:00 | Packaging outputs\n"}
,{"stream_name":"stdout","time":2007.174038417,"data":"========================================================================================\n"}
,{"stream_name":"stdout","time":2007.287125622,"data":"[2026-05-11T19:48:47.124498+00:00] package: created {'zip_path': '/kaggle/working/tumor_multimodal_kaggle_outputs.zip'}\n"}
,{"stream_name":"stdout","time":2008.281632107,"data":"\n"}
,{"stream_name":"stdout","time":2008.281660192,"data":"========================================================================================\n"}
,{"stream_name":"stdout","time":2008.2816648,"data":"2026-05-11T19:48:48.118923+00:00 | Kaggle job finished\n"}
,{"stream_name":"stdout","time":2008.281668453,"data":"========================================================================================\n"}
,{"stream_name":"stdout","time":2008.282273379,"data":"{\n"}
,{"stream_name":"stdout","time":2008.282285287,"data":"  \"created_utc\": \"2026-05-11T19:15:21.106308+00:00\",\n"}
,{"stream_name":"stdout","time":2008.282288384,"data":"  \"repo_url\": \"https://github.com/TailsOS-hack/Tumor-Database.git\",\n"}
,{"stream_name":"stdout","time":2008.282306233,"data":"  \"status\": \"completed\",\n"}
,{"stream_name":"stdout","time":2008.28231053,"data":"  \"models\": [],\n"}
,{"stream_name":"stdout","time":2008.282314541,"data":"  \"hierarchical_models\": [\n"}
,{"stream_name":"stdout","time":2008.282318715,"data":"    {\n"}
,{"stream_name":"stdout","time":2008.282322423,"data":"      \"model_id\": \"Qwen/Qwen2.5-VL-3B-Instruct\",\n"}
,{"stream_name":"stdout","time":2008.282326645,"data":"      \"status\": \"completed\",\n"}
,{"stream_name":"stdout","time":2008.28233023,"data":"      \"mode\": \"hierarchical\",\n"}
,{"stream_name":"stdout","time":2008.282334304,"data":"      \"notes\": \"Batch 3 primary hierarchical diagnostic on the best free-tier Qwen model.\",\n"}
,{"stream_name":"stdout","time":2008.282365024,"data":"      \"n\": 80,\n"}
,{"stream_name":"stdout","time":2008.282380934,"data":"      \"domain_accuracy\": 0.6375,\n"}
,{"stream_name":"stdout","time":2008.282383672,"data":"      \"accuracy\": 0.1125,\n"}
,{"stream_name":"stdout","time":2008.282385984,"data":"      \"hierarchical_accuracy\": 0.1125,\n"}
,{"stream_name":"stdout","time":2008.282388309,"data":"      \"oracle_domain_accuracy\": 0.2375,\n"}
,{"stream_name":"stdout","time":2008.282391031,"data":"      \"domain_strict_json_rate\": 1.0,\n"}
,{"stream_name":"stdout","time":2008.282408073,"data":"      \"subtype_strict_json_rate\": 1.0,\n"}
,{"stream_name":"stdout","time":2008.282412199,"data":"      \"oracle_subtype_strict_json_rate\": 1.0,\n"}
,{"stream_name":"stdout","time":2008.282416363,"data":"      \"seconds\": 1219.66,\n"}
,{"stream_name":"stdout","time":2008.282420147,"data":"      \"domain_pred_counts\": {\n"}
,{"stream_name":"stdout","time":2008.282424214,"data":"        \"dementia\": 69,\n"}
,{"stream_name":"stdout","time":2008.282428591,"data":"        \"tumor\": 11\n"}
,{"stream_name":"stdout","time":2008.282431995,"data":"      },\n"}
,{"stream_name":"stdout","time":2008.282435288,"data":"      \"pred_counts\": {\n"}
,{"stream_name":"stdout","time":2008.282438744,"data":"        \"dementia_NonDemented\": 30,\n"}
,{"stream_name":"stdout","time":2008.282442282,"data":"        \"tumor_notumor\": 10,\n"}
,{"stream_name":"stdout","time":2008.282445712,"data":"        \"dementia_ModerateDemented\": 4,\n"}
,{"stream_name":"stdout","time":2008.282449177,"data":"        \"tumor_glioma\": 1,\n"}
,{"stream_name":"stdout","time":2008.28245266,"data":"        \"dementia_VeryMildDemented\": 35\n"}
,{"stream_name":"stdout","time":2008.282456105,"data":"      },\n"}
,{"stream_name":"stdout","time":2008.282459314,"data":"      \"oracle_pred_counts\": {\n"}
,{"stream_name":"stdout","time":2008.282462706,"data":"        \"tumor_notumor\": 39,\n"}
,{"stream_name":"stdout","time":2008.282466077,"data":"        \"tumor_glioma\": 1,\n"}
,{"stream_name":"stdout","time":2008.282469551,"data":"        \"dementia_VeryMildDemented\": 34,\n"}
,{"stream_name":"stdout","time":2008.282478633,"data":"        \"dementia_NonDemented\": 5,\n"}
,{"stream_name":"stdout","time":2008.282481131,"data":"        \"dementia_ModerateDemented\": 1\n"}
,{"stream_name":"stdout","time":2008.282483396,"data":"      },\n"}
,{"stream_name":"stdout","time":2008.282485674,"data":"      \"domain_classification_report\": \"                  precision    recall  f1-score   support\\n\\n           tumor       1.00      0.28      0.43        40\\n        dementia       0.58      1.00      0.73        40\\nINVALID_OR_PARSE       0.00      0.00      0.00         0\\n\\n        accuracy                           0.64        80\\n       macro avg       0.53      0.42      0.39        80\\n    weighted avg       0.79      0.64      0.58        80\\n\",\n"}
,{"stream_name":"stdout","time":2008.282504085,"data":"      \"classification_report\": \"                           precision    recall  f1-score   support\\n\\n             tumor_glioma       0.00      0.00      0.00        10\\n         tumor_meningioma       0.00      0.00      0.00        10\\n            tumor_notumor       0.00      0.00      0.00        10\\n          tumor_pituitary       0.00      0.00      0.00        10\\n    dementia_MildDemented       0.00      0.00      0.00        10\\ndementia_ModerateDemented       0.00      0.00      0.00        10\\n     dementia_NonDemented       0.07      0.20      0.10        10\\ndementia_VeryMildDemented       0.20      0.70      0.31        10\\n         INVALID_OR_PARSE       0.00      0.00      0.00         0\\n\\n                 accuracy                           0.11        80\\n                macro avg       0.03      0.10      0.05        80\\n             weighted avg       0.03      0.11      0.05        80\\n\",\n"}
,{"stream_name":"stdout","time":2008.282517721,"data":"      \"oracle_domain_classification_report\": \"                           precision    recall  f1-score   support\\n\\n             tumor_glioma       0.00      0.00      0.00        10\\n         tumor_meningioma       0.00      0.00      0.00        10\\n            tumor_notumor       0.26      1.00      0.41        10\\n          tumor_pituitary       0.00      0.00      0.00        10\\n    dementia_MildDemented       0.00      0.00      0.00        10\\ndementia_ModerateDemented       0.00      0.00      0.00        10\\n     dementia_NonDemented       0.40      0.20      0.27        10\\ndementia_VeryMildDemented       0.21      0.70      0.32        10\\n         INVALID_OR_PARSE       0.00      0.00      0.00         0\\n\\n                 accuracy                           0.24        80\\n                macro avg       0.10      0.21      0.11        80\\n             weighted avg       0.11      0.24      0.12        80\\n\",\n"}
,{"stream_name":"stdout","time":2008.282526303,"data":"      \"domain_confusion_matrix_labels\": [\n"}
,{"stream_name":"stdout","time":2008.282529798,"data":"        \"tumor\",\n"}
,{"stream_name":"stdout","time":2008.282533203,"data":"        \"dementia\",\n"}
,{"stream_name":"stdout","time":2008.282536532,"data":"        \"INVALID_OR_PARSE\"\n"}
,{"stream_name":"stdout","time":2008.282539967,"data":"      ],\n"}
,{"stream_name":"stdout","time":2008.282543226,"data":"      \"domain_confusion_matrix\": [\n"}
,{"stream_name":"stdout","time":2008.282546707,"data":"        [\n"}
,{"stream_name":"stdout","time":2008.282549946,"data":"          11,\n"}
,{"stream_name":"stdout","time":2008.28255323,"data":"          29,\n"}
,{"stream_name":"stdout","time":2008.282556423,"data":"          0\n"}
,{"stream_name":"stdout","time":2008.282559728,"data":"        ],\n"}
,{"stream_name":"stdout","time":2008.282563028,"data":"        [\n"}
,{"stream_name":"stdout","time":2008.282566255,"data":"          0,\n"}
,{"stream_name":"stdout","time":2008.282569461,"data":"          40,\n"}
,{"stream_name":"stdout","time":2008.282572749,"data":"          0\n"}
,{"stream_name":"stdout","time":2008.282580993,"data":"        ],\n"}
,{"stream_name":"stdout","time":2008.282584038,"data":"        [\n"}
,{"stream_name":"stdout","time":2008.282599587,"data":"          0,\n"}
,{"stream_name":"stdout","time":2008.282603949,"data":"          0,\n"}
,{"stream_name":"stdout","time":2008.282607586,"data":"          0\n"}
,{"stream_name":"stdout","time":2008.282611453,"data":"        ]\n"}
,{"stream_name":"stdout","time":2008.282615345,"data":"      ],\n"}
,{"stream_name":"stdout","time":2008.282618598,"data":"      \"confusion_matrix_labels\": [\n"}
,{"stream_name":"stdout","time":2008.282621959,"data":"        \"tumor_glioma\",\n"}
,{"stream_name":"stdout","time":2008.282625263,"data":"        \"tumor_meningioma\",\n"}
,{"stream_name":"stdout","time":2008.28262853,"data":"        \"tumor_notumor\",\n"}
,{"stream_name":"stdout","time":2008.282631929,"data":"        \"tumor_pituitary\",\n"}
,{"stream_name":"stdout","time":2008.28263529,"data":"        \"dementia_MildDemented\",\n"}
,{"stream_name":"stdout","time":2008.282638661,"data":"        \"dementia_ModerateDemented\",\n"}
,{"stream_name":"stdout","time":2008.28264198,"data":"        \"dementia_NonDemented\",\n"}
,{"stream_name":"stdout","time":2008.282645775,"data":"        \"dementia_VeryMildDemented\",\n"}
,{"stream_name":"stdout","time":2008.28265281,"data":"        \"INVALID_OR_PARSE\"\n"}
,{"stream_name":"stdout","time":2008.282656255,"data":"      ],\n"}
,{"stream_name":"stdout","time":2008.28265943,"data":"      \"confusion_matrix\": [\n"}
,{"stream_name":"stdout","time":2008.282665243,"data":"        [\n"}
,{"stream_name":"stdout","time":2008.282668483,"data":"          0,\n"}
,{"stream_name":"stdout","time":2008.282673341,"data":"          0,\n"}
,{"stream_name":"stdout","time":2008.282679546,"data":"          4,\n"}
,{"stream_name":"stdout","time":2008.282682577,"data":"          0,\n"}
,{"stream_name":"stdout","time":2008.282697131,"data":"          0,\n"}
,{"stream_name":"stdout","time":2008.282701005,"data":"          0,\n"}
,{"stream_name":"stdout","time":2008.282704948,"data":"          6,\n"}
,{"stream_name":"stdout","time":2008.282708917,"data":"          0,\n"}
,{"stream_name":"stdout","time":2008.282712606,"data":"          0\n"}
,{"stream_name":"stdout","time":2008.282715807,"data":"        ],\n"}
,{"stream_name":"stdout","time":2008.282718995,"data":"        [\n"}
,{"stream_name":"stdout","time":2008.282722155,"data":"          1,\n"}
,{"stream_name":"stdout","time":2008.282725355,"data":"          0,\n"}
,{"stream_name":"stdout","time":2008.282728596,"data":"          5,\n"}
,{"stream_name":"stdout","time":2008.282731769,"data":"          0,\n"}
,{"stream_name":"stdout","time":2008.282734975,"data":"          0,\n"}
,{"stream_name":"stdout","time":2008.282738141,"data":"          1,\n"}
,{"stream_name":"stdout","time":2008.282741359,"data":"          3,\n"}
,{"stream_name":"stdout","time":2008.282744547,"data":"          0,\n"}
,{"stream_name":"stdout","time":2008.282747712,"data":"          0\n"}
,{"stream_name":"stdout","time":2008.282750945,"data":"        ],\n"}
,{"stream_name":"stdout","time":2008.282754143,"data":"        [\n"}
,{"stream_name":"stdout","time":2008.282757314,"data":"          0,\n"}
,{"stream_name":"stdout","time":2008.282760533,"data":"          0,\n"}
,{"stream_name":"stdout","time":2008.282763808,"data":"          0,\n"}
,{"stream_name":"stdout","time":2008.282768625,"data":"          0,\n"}
,{"stream_name":"stdout","time":2008.282774447,"data":"          0,\n"}
,{"stream_name":"stdout","time":2008.282777475,"data":"          2,\n"}
,{"stream_name":"stdout","time":2008.282791705,"data":"          7,\n"}
,{"stream_name":"stdout","time":2008.282795617,"data":"          1,\n"}
,{"stream_name":"stdout","time":2008.282799496,"data":"          0\n"}
,{"stream_name":"stdout","time":2008.282803455,"data":"        ],\n"}
,{"stream_name":"stdout","time":2008.28280709,"data":"        [\n"}
,{"stream_name":"stdout","time":2008.282810273,"data":"          0,\n"}
,{"stream_name":"stdout","time":2008.282813481,"data":"          0,\n"}
,{"stream_name":"stdout","time":2008.282816668,"data":"          1,\n"}
,{"stream_name":"stdout","time":2008.282819907,"data":"          0,\n"}
,{"stream_name":"stdout","time":2008.282823221,"data":"          0,\n"}
,{"stream_name":"stdout","time":2008.28282644,"data":"          0,\n"}
,{"stream_name":"stdout","time":2008.282829646,"data":"          9,\n"}
,{"stream_name":"stdout","time":2008.282832834,"data":"          0,\n"}
,{"stream_name":"stdout","time":2008.282835963,"data":"          0\n"}
,{"stream_name":"stdout","time":2008.282839138,"data":"        ],\n"}
,{"stream_name":"stdout","time":2008.28284235,"data":"        [\n"}
,{"stream_name":"stdout","time":2008.282845524,"data":"          0,\n"}
,{"stream_name":"stdout","time":2008.282851889,"data":"          0,\n"}
,{"stream_name":"stdout","time":2008.282855166,"data":"          0,\n"}
,{"stream_name":"stdout","time":2008.28285844,"data":"          0,\n"}
,{"stream_name":"stdout","time":2008.282865982,"data":"          0,\n"}
,{"stream_name":"stdout","time":2008.28286884,"data":"          0,\n"}
,{"stream_name":"stdout","time":2008.282871788,"data":"          1,\n"}
,{"stream_name":"stdout","time":2008.282886067,"data":"          9,\n"}
,{"stream_name":"stdout","time":2008.282889902,"data":"          0\n"}
,{"stream_name":"stdout","time":2008.282893723,"data":"        ],\n"}
,{"stream_name":"stdout","time":2008.282897562,"data":"        [\n"}
,{"stream_name":"stdout","time":2008.282901342,"data":"          0,\n"}
,{"stream_name":"stdout","time":2008.282904587,"data":"          0,\n"}
,{"stream_name":"stdout","time":2008.282907764,"data":"          0,\n"}
,{"stream_name":"stdout","time":2008.282910907,"data":"          0,\n"}
,{"stream_name":"stdout","time":2008.282914024,"data":"          0,\n"}
,{"stream_name":"stdout","time":2008.282917173,"data":"          0,\n"}
,{"stream_name":"stdout","time":2008.28292035,"data":"          0,\n"}
,{"stream_name":"stdout","time":2008.282923541,"data":"          10,\n"}
,{"stream_name":"stdout","time":2008.282926756,"data":"          0\n"}
,{"stream_name":"stdout","time":2008.282929948,"data":"        ],\n"}
,{"stream_name":"stdout","time":2008.28293315,"data":"        [\n"}
,{"stream_name":"stdout","time":2008.282936336,"data":"          0,\n"}
,{"stream_name":"stdout","time":2008.282939655,"data":"          0,\n"}
,{"stream_name":"stdout","time":2008.282942767,"data":"          0,\n"}
,{"stream_name":"stdout","time":2008.282945971,"data":"          0,\n"}
,{"stream_name":"stdout","time":2008.282949181,"data":"          0,\n"}
,{"stream_name":"stdout","time":2008.282952511,"data":"          0,\n"}
,{"stream_name":"stdout","time":2008.282957347,"data":"          2,\n"}
,{"stream_name":"stdout","time":2008.282963312,"data":"          8,\n"}
,{"stream_name":"stdout","time":2008.282966248,"data":"          0\n"}
,{"stream_name":"stdout","time":2008.282981424,"data":"        ],\n"}
,{"stream_name":"stdout","time":2008.282985302,"data":"        [\n"}
,{"stream_name":"stdout","time":2008.282989047,"data":"          0,\n"}
,{"stream_name":"stdout","time":2008.282992878,"data":"          0,\n"}
,{"stream_name":"stdout","time":2008.282996626,"data":"          0,\n"}
,{"stream_name":"stdout","time":2008.282999821,"data":"          0,\n"}
,{"stream_name":"stdout","time":2008.283003154,"data":"          0,\n"}
,{"stream_name":"stdout","time":2008.283006497,"data":"          1,\n"}
,{"stream_name":"stdout","time":2008.283009746,"data":"          2,\n"}
,{"stream_name":"stdout","time":2008.283012958,"data":"          7,\n"}
,{"stream_name":"stdout","time":2008.28301618,"data":"          0\n"}
,{"stream_name":"stdout","time":2008.283019228,"data":"        ],\n"}
,{"stream_name":"stdout","time":2008.283022492,"data":"        [\n"}
,{"stream_name":"stdout","time":2008.283025658,"data":"          0,\n"}
,{"stream_name":"stdout","time":2008.283028837,"data":"          0,\n"}
,{"stream_name":"stdout","time":2008.283032012,"data":"          0,\n"}
,{"stream_name":"stdout","time":2008.283035223,"data":"          0,\n"}
,{"stream_name":"stdout","time":2008.283038407,"data":"          0,\n"}
,{"stream_name":"stdout","time":2008.283041554,"data":"          0,\n"}
,{"stream_name":"stdout","time":2008.283044718,"data":"          0,\n"}
,{"stream_name":"stdout","time":2008.283056509,"data":"          0,\n"}
,{"stream_name":"stdout","time":2008.2830596,"data":"          0\n"}
,{"stream_name":"stdout","time":2008.283074554,"data":"        ]\n"}
,{"stream_name":"stdout","time":2008.283078844,"data":"      ],\n"}
,{"stream_name":"stdout","time":2008.283082485,"data":"      \"oracle_domain_confusion_matrix\": [\n"}
,{"stream_name":"stdout","time":2008.283086712,"data":"        [\n"}
,{"stream_name":"stdout","time":2008.283090537,"data":"          0,\n"}
,{"stream_name":"stdout","time":2008.283093767,"data":"          0,\n"}
,{"stream_name":"stdout","time":2008.283097061,"data":"          10,\n"}
,{"stream_name":"stdout","time":2008.283100301,"data":"          0,\n"}
,{"stream_name":"stdout","time":2008.283103487,"data":"          0,\n"}
,{"stream_name":"stdout","time":2008.283106657,"data":"          0,\n"}
,{"stream_name":"stdout","time":2008.283109859,"data":"          0,\n"}
,{"stream_name":"stdout","time":2008.283113052,"data":"          0,\n"}
,{"stream_name":"stdout","time":2008.283116234,"data":"          0\n"}
,{"stream_name":"stdout","time":2008.283119434,"data":"        ],\n"}
,{"stream_name":"stdout","time":2008.283122657,"data":"        [\n"}
,{"stream_name":"stdout","time":2008.283125845,"data":"          1,\n"}
,{"stream_name":"stdout","time":2008.283129046,"data":"          0,\n"}
,{"stream_name":"stdout","time":2008.283132233,"data":"          9,\n"}
,{"stream_name":"stdout","time":2008.283135442,"data":"          0,\n"}
,{"stream_name":"stdout","time":2008.283138618,"data":"          0,\n"}
,{"stream_name":"stdout","time":2008.283141843,"data":"          0,\n"}
,{"stream_name":"stdout","time":2008.283146697,"data":"          0,\n"}
,{"stream_name":"stdout","time":2008.283153168,"data":"          0,\n"}
,{"stream_name":"stdout","time":2008.283156042,"data":"          0\n"}
,{"stream_name":"stdout","time":2008.283170078,"data":"        ],\n"}
,{"stream_name":"stdout","time":2008.283174134,"data":"        [\n"}
,{"stream_name":"stdout","time":2008.283178119,"data":"          0,\n"}
,{"stream_name":"stdout","time":2008.283181946,"data":"          0,\n"}
,{"stream_name":"stdout","time":2008.283190287,"data":"          10,\n"}
,{"stream_name":"stdout","time":2008.283193662,"data":"          0,\n"}
,{"stream_name":"stdout","time":2008.283196952,"data":"          0,\n"}
,{"stream_name":"stdout","time":2008.283200147,"data":"          0,\n"}
,{"stream_name":"stdout","time":2008.283203436,"data":"          0,\n"}
,{"stream_name":"stdout","time":2008.283206658,"data":"          0,\n"}
,{"stream_name":"stdout","time":2008.283209842,"data":"          0\n"}
,{"stream_name":"stdout","time":2008.283213059,"data":"        ],\n"}
,{"stream_name":"stdout","time":2008.283216256,"data":"        [\n"}
,{"stream_name":"stdout","time":2008.283219469,"data":"          0,\n"}
,{"stream_name":"stdout","time":2008.283222667,"data":"          0,\n"}
,{"stream_name":"stdout","time":2008.283225884,"data":"          10,\n"}
,{"stream_name":"stdout","time":2008.283229099,"data":"          0,\n"}
,{"stream_name":"stdout","time":2008.283232286,"data":"          0,\n"}
,{"stream_name":"stdout","time":2008.283235539,"data":"          0,\n"}
,{"stream_name":"stdout","time":2008.283238897,"data":"          0,\n"}
,{"stream_name":"stdout","time":2008.283247213,"data":"          0,\n"}
,{"stream_name":"stdout","time":2008.283250052,"data":"          0\n"}
,{"stream_name":"stdout","time":2008.283265207,"data":"        ],\n"}
,{"stream_name":"stdout","time":2008.283272788,"data":"        [\n"}
,{"stream_name":"stdout","time":2008.283276727,"data":"          0,\n"}
,{"stream_name":"stdout","time":2008.283280259,"data":"          0,\n"}
,{"stream_name":"stdout","time":2008.283283479,"data":"          0,\n"}
,{"stream_name":"stdout","time":2008.283286612,"data":"          0,\n"}
,{"stream_name":"stdout","time":2008.28328979,"data":"          0,\n"}
,{"stream_name":"stdout","time":2008.283292972,"data":"          0,\n"}
,{"stream_name":"stdout","time":2008.283296227,"data":"          1,\n"}
,{"stream_name":"stdout","time":2008.283299457,"data":"          9,\n"}
,{"stream_name":"stdout","time":2008.283303534,"data":"          0\n"}
,{"stream_name":"stdout","time":2008.283306789,"data":"        ],\n"}
,{"stream_name":"stdout","time":2008.28330996,"data":"        [\n"}
,{"stream_name":"stdout","time":2008.283313252,"data":"          0,\n"}
,{"stream_name":"stdout","time":2008.283316435,"data":"          0,\n"}
,{"stream_name":"stdout","time":2008.28331966,"data":"          0,\n"}
,{"stream_name":"stdout","time":2008.28332289,"data":"          0,\n"}
,{"stream_name":"stdout","time":2008.283326341,"data":"          0,\n"}
,{"stream_name":"stdout","time":2008.283329458,"data":"          0,\n"}
,{"stream_name":"stdout","time":2008.28333321,"data":"          0,\n"}
,{"stream_name":"stdout","time":2008.28335015,"data":"          10,\n"}
,{"stream_name":"stdout","time":2008.283353865,"data":"          0\n"}
,{"stream_name":"stdout","time":2008.283357089,"data":"        ],\n"}
,{"stream_name":"stdout","time":2008.283360317,"data":"        [\n"}
,{"stream_name":"stdout","time":2008.283363531,"data":"          0,\n"}
,{"stream_name":"stdout","time":2008.283366723,"data":"          0,\n"}
,{"stream_name":"stdout","time":2008.283369975,"data":"          0,\n"}
,{"stream_name":"stdout","time":2008.283374208,"data":"          0,\n"}
,{"stream_name":"stdout","time":2008.283377405,"data":"          0,\n"}
,{"stream_name":"stdout","time":2008.28338066,"data":"          0,\n"}
,{"stream_name":"stdout","time":2008.283383889,"data":"          2,\n"}
,{"stream_name":"stdout","time":2008.283387192,"data":"          8,\n"}
,{"stream_name":"stdout","time":2008.283390468,"data":"          0\n"}
,{"stream_name":"stdout","time":2008.283393988,"data":"        ],\n"}
,{"stream_name":"stdout","time":2008.283397238,"data":"        [\n"}
,{"stream_name":"stdout","time":2008.28340055,"data":"          0,\n"}
,{"stream_name":"stdout","time":2008.283410539,"data":"          0,\n"}
,{"stream_name":"stdout","time":2008.283413375,"data":"          0,\n"}
,{"stream_name":"stdout","time":2008.283429041,"data":"          0,\n"}
,{"stream_name":"stdout","time":2008.283433263,"data":"          0,\n"}
,{"stream_name":"stdout","time":2008.283437097,"data":"          1,\n"}
,{"stream_name":"stdout","time":2008.283441214,"data":"          2,\n"}
,{"stream_name":"stdout","time":2008.283444991,"data":"          7,\n"}
,{"stream_name":"stdout","time":2008.283448196,"data":"          0\n"}
,{"stream_name":"stdout","time":2008.283451425,"data":"        ],\n"}
,{"stream_name":"stdout","time":2008.283454626,"data":"        [\n"}
,{"stream_name":"stdout","time":2008.283457845,"data":"          0,\n"}
,{"stream_name":"stdout","time":2008.283461022,"data":"          0,\n"}
,{"stream_name":"stdout","time":2008.283464223,"data":"          0,\n"}
,{"stream_name":"stdout","time":2008.283467406,"data":"          0,\n"}
,{"stream_name":"stdout","time":2008.283470573,"data":"          0,\n"}
,{"stream_name":"stdout","time":2008.283477603,"data":"          0,\n"}
,{"stream_name":"stdout","time":2008.283480902,"data":"          0,\n"}
,{"stream_name":"stdout","time":2008.283484154,"data":"          0,\n"}
,{"stream_name":"stdout","time":2008.283487357,"data":"          0\n"}
,{"stream_name":"stdout","time":2008.283490539,"data":"        ]\n"}
,{"stream_name":"stdout","time":2008.283493745,"data":"      ]\n"}
,{"stream_name":"stdout","time":2008.283496975,"data":"    },\n"}
,{"stream_name":"stdout","time":2008.283502006,"data":"    {\n"}
,{"stream_name":"stdout","time":2008.283508263,"data":"      \"model_id\": \"Qwen/Qwen2.5-VL-7B-Instruct\",\n"}
,{"stream_name":"stdout","time":2008.283511445,"data":"      \"status\": \"completed\",\n"}
,{"stream_name":"stdout","time":2008.283526948,"data":"      \"mode\": \"hierarchical\",\n"}
,{"stream_name":"stdout","time":2008.28353117,"data":"      \"notes\": \"Batch 3 stronger hierarchical diagnostic if Kaggle assigns two T4 GPUs again.\",\n"}
,{"stream_name":"stdout","time":2008.283535645,"data":"      \"n\": 40,\n"}
,{"stream_name":"stdout","time":2008.28353954,"data":"      \"domain_accuracy\": 0.875,\n"}
,{"stream_name":"stdout","time":2008.283542948,"data":"      \"accuracy\": 0.225,\n"}
,{"stream_name":"stdout","time":2008.283546363,"data":"      \"hierarchical_accuracy\": 0.225,\n"}
,{"stream_name":"stdout","time":2008.28354977,"data":"      \"oracle_domain_accuracy\": 0.25,\n"}
,{"stream_name":"stdout","time":2008.283553147,"data":"      \"domain_strict_json_rate\": 1.0,\n"}
,{"stream_name":"stdout","time":2008.283556546,"data":"      \"subtype_strict_json_rate\": 1.0,\n"}
,{"stream_name":"stdout","time":2008.283559935,"data":"      \"oracle_subtype_strict_json_rate\": 1.0,\n"}
,{"stream_name":"stdout","time":2008.283563347,"data":"      \"seconds\": 677.91,\n"}
,{"stream_name":"stdout","time":2008.283566728,"data":"      \"domain_pred_counts\": {\n"}
,{"stream_name":"stdout","time":2008.283570047,"data":"        \"tumor\": 25,\n"}
,{"stream_name":"stdout","time":2008.283573417,"data":"        \"dementia\": 15\n"}
,{"stream_name":"stdout","time":2008.283576789,"data":"      },\n"}
,{"stream_name":"stdout","time":2008.283580017,"data":"      \"pred_counts\": {\n"}
,{"stream_name":"stdout","time":2008.283583411,"data":"        \"tumor_notumor\": 24,\n"}
,{"stream_name":"stdout","time":2008.283586784,"data":"        \"tumor_pituitary\": 1,\n"}
,{"stream_name":"stdout","time":2008.28359021,"data":"        \"dementia_NonDemented\": 15\n"}
,{"stream_name":"stdout","time":2008.283593775,"data":"      },\n"}
,{"stream_name":"stdout","time":2008.283609928,"data":"      \"oracle_pred_counts\": {\n"}
,{"stream_name":"stdout","time":2008.283624137,"data":"        \"tumor_notumor\": 19,\n"}
,{"stream_name":"stdout","time":2008.283628348,"data":"        \"tumor_pituitary\": 1,\n"}
,{"stream_name":"stdout","time":2008.283632477,"data":"        \"dementia_NonDemented\": 20\n"}
,{"stream_name":"stdout","time":2008.283636572,"data":"      },\n"}
,{"stream_name":"stdout","time":2008.283640348,"data":"      \"domain_classification_report\": \"                  precision    recall  f1-score   support\\n\\n           tumor       0.80      1.00      0.89        20\\n        dementia       1.00      0.75      0.86        20\\nINVALID_OR_PARSE       0.00      0.00      0.00         0\\n\\n        accuracy                           0.88        40\\n       macro avg       0.60      0.58      0.58        40\\n    weighted avg       0.90      0.88      0.87        40\\n\",\n"}
,{"stream_name":"stdout","time":2008.283646041,"data":"      \"classification_report\": \"                           precision    recall  f1-score   support\\n\\n             tumor_glioma       0.00      0.00      0.00         5\\n         tumor_meningioma       0.00      0.00      0.00         5\\n            tumor_notumor       0.21      1.00      0.34         5\\n          tumor_pituitary       0.00      0.00      0.00         5\\n    dementia_MildDemented       0.00      0.00      0.00         5\\ndementia_ModerateDemented       0.00      0.00      0.00         5\\n     dementia_NonDemented       0.27      0.80      0.40         5\\ndementia_VeryMildDemented       0.00      0.00      0.00         5\\n         INVALID_OR_PARSE       0.00      0.00      0.00         0\\n\\n                 accuracy                           0.23        40\\n                macro avg       0.05      0.20      0.08        40\\n             weighted avg       0.06      0.23      0.09        40\\n\",\n"}
,{"stream_name":"stdout","time":2008.283656806,"data":"      \"oracle_domain_classification_report\": \"                           precision    recall  f1-score   support\\n\\n             tumor_glioma       0.00      0.00      0.00         5\\n         tumor_meningioma       0.00      0.00      0.00         5\\n            tumor_notumor       0.26      1.00      0.42         5\\n          tumor_pituitary       0.00      0.00      0.00         5\\n    dementia_MildDemented       0.00      0.00      0.00         5\\ndementia_ModerateDemented       0.00      0.00      0.00         5\\n     dementia_NonDemented       0.25      1.00      0.40         5\\ndementia_VeryMildDemented       0.00      0.00      0.00         5\\n         INVALID_OR_PARSE       0.00      0.00      0.00         0\\n\\n                 accuracy                           0.25        40\\n                macro avg       0.06      0.22      0.09        40\\n             weighted avg       0.06      0.25      0.10        40\\n\",\n"}
,{"stream_name":"stdout","time":2008.283663603,"data":"      \"domain_confusion_matrix_labels\": [\n"}
,{"stream_name":"stdout","time":2008.283667031,"data":"        \"tumor\",\n"}
,{"stream_name":"stdout","time":2008.283670437,"data":"        \"dementia\",\n"}
,{"stream_name":"stdout","time":2008.283673809,"data":"        \"INVALID_OR_PARSE\"\n"}
,{"stream_name":"stdout","time":2008.283677159,"data":"      ],\n"}
,{"stream_name":"stdout","time":2008.283680366,"data":"      \"domain_confusion_matrix\": [\n"}
,{"stream_name":"stdout","time":2008.283683747,"data":"        [\n"}
,{"stream_name":"stdout","time":2008.283687028,"data":"          20,\n"}
,{"stream_name":"stdout","time":2008.283690263,"data":"          0,\n"}
,{"stream_name":"stdout","time":2008.283693574,"data":"          0\n"}
,{"stream_name":"stdout","time":2008.283702216,"data":"        ],\n"}
,{"stream_name":"stdout","time":2008.283705603,"data":"        [\n"}
,{"stream_name":"stdout","time":2008.283721029,"data":"          5,\n"}
,{"stream_name":"stdout","time":2008.283724953,"data":"          15,\n"}
,{"stream_name":"stdout","time":2008.283728907,"data":"          0\n"}
,{"stream_name":"stdout","time":2008.283732904,"data":"        ],\n"}
,{"stream_name":"stdout","time":2008.28373653,"data":"        [\n"}
,{"stream_name":"stdout","time":2008.283739729,"data":"          0,\n"}
,{"stream_name":"stdout","time":2008.283742916,"data":"          0,\n"}
,{"stream_name":"stdout","time":2008.283746141,"data":"          0\n"}
,{"stream_name":"stdout","time":2008.283749359,"data":"        ]\n"}
,{"stream_name":"stdout","time":2008.283752619,"data":"      ],\n"}
,{"stream_name":"stdout","time":2008.283756181,"data":"      \"confusion_matrix_labels\": [\n"}
,{"stream_name":"stdout","time":2008.283759553,"data":"        \"tumor_glioma\",\n"}
,{"stream_name":"stdout","time":2008.283762851,"data":"        \"tumor_meningioma\",\n"}
,{"stream_name":"stdout","time":2008.283769243,"data":"        \"tumor_notumor\",\n"}
,{"stream_name":"stdout","time":2008.283772586,"data":"        \"tumor_pituitary\",\n"}
,{"stream_name":"stdout","time":2008.283775937,"data":"        \"dementia_MildDemented\",\n"}
,{"stream_name":"stdout","time":2008.283779311,"data":"        \"dementia_ModerateDemented\",\n"}
,{"stream_name":"stdout","time":2008.283782669,"data":"        \"dementia_NonDemented\",\n"}
,{"stream_name":"stdout","time":2008.283786043,"data":"        \"dementia_VeryMildDemented\",\n"}
,{"stream_name":"stdout","time":2008.283791373,"data":"        \"INVALID_OR_PARSE\"\n"}
,{"stream_name":"stdout","time":2008.28379805,"data":"      ],\n"}
,{"stream_name":"stdout","time":2008.283800778,"data":"      \"confusion_matrix\": [\n"}
,{"stream_name":"stdout","time":2008.283815509,"data":"        [\n"}
,{"stream_name":"stdout","time":2008.283819589,"data":"          0,\n"}
,{"stream_name":"stdout","time":2008.283823598,"data":"          0,\n"}
,{"stream_name":"stdout","time":2008.283827509,"data":"          5,\n"}
,{"stream_name":"stdout","time":2008.28383118,"data":"          0,\n"}
,{"stream_name":"stdout","time":2008.283834436,"data":"          0,\n"}
,{"stream_name":"stdout","time":2008.283837661,"data":"          0,\n"}
,{"stream_name":"stdout","time":2008.283840871,"data":"          0,\n"}
,{"stream_name":"stdout","time":2008.28384403,"data":"          0,\n"}
,{"stream_name":"stdout","time":2008.283847213,"data":"          0\n"}
,{"stream_name":"stdout","time":2008.283850373,"data":"        ],\n"}
,{"stream_name":"stdout","time":2008.283853592,"data":"        [\n"}
,{"stream_name":"stdout","time":2008.283856769,"data":"          0,\n"}
,{"stream_name":"stdout","time":2008.283860003,"data":"          0,\n"}
,{"stream_name":"stdout","time":2008.283863196,"data":"          4,\n"}
,{"stream_name":"stdout","time":2008.283866389,"data":"          1,\n"}
,{"stream_name":"stdout","time":2008.283869568,"data":"          0,\n"}
,{"stream_name":"stdout","time":2008.283872786,"data":"          0,\n"}
,{"stream_name":"stdout","time":2008.283876056,"data":"          0,\n"}
,{"stream_name":"stdout","time":2008.283879587,"data":"          0,\n"}
,{"stream_name":"stdout","time":2008.283882774,"data":"          0\n"}
,{"stream_name":"stdout","time":2008.283887791,"data":"        ],\n"}
,{"stream_name":"stdout","time":2008.283894028,"data":"        [\n"}
,{"stream_name":"stdout","time":2008.283908039,"data":"          0,\n"}
,{"stream_name":"stdout","time":2008.283911802,"data":"          0,\n"}
,{"stream_name":"stdout","time":2008.283915662,"data":"          5,\n"}
,{"stream_name":"stdout","time":2008.283919235,"data":"          0,\n"}
,{"stream_name":"stdout","time":2008.283923013,"data":"          0,\n"}
,{"stream_name":"stdout","time":2008.283926588,"data":"          0,\n"}
,{"stream_name":"stdout","time":2008.283929809,"data":"          0,\n"}
,{"stream_name":"stdout","time":2008.283932997,"data":"          0,\n"}
,{"stream_name":"stdout","time":2008.28393623,"data":"          0\n"}
,{"stream_name":"stdout","time":2008.283939425,"data":"        ],\n"}
,{"stream_name":"stdout","time":2008.283942614,"data":"        [\n"}
,{"stream_name":"stdout","time":2008.283945799,"data":"          0,\n"}
,{"stream_name":"stdout","time":2008.283949017,"data":"          0,\n"}
,{"stream_name":"stdout","time":2008.28395219,"data":"          5,\n"}
,{"stream_name":"stdout","time":2008.283955434,"data":"          0,\n"}
,{"stream_name":"stdout","time":2008.283958629,"data":"          0,\n"}
,{"stream_name":"stdout","time":2008.283965036,"data":"          0,\n"}
,{"stream_name":"stdout","time":2008.283968298,"data":"          0,\n"}
,{"stream_name":"stdout","time":2008.283971479,"data":"          0,\n"}
,{"stream_name":"stdout","time":2008.283974639,"data":"          0\n"}
,{"stream_name":"stdout","time":2008.283977884,"data":"        ],\n"}
,{"stream_name":"stdout","time":2008.283982953,"data":"        [\n"}
,{"stream_name":"stdout","time":2008.283989193,"data":"          0,\n"}
,{"stream_name":"stdout","time":2008.284003324,"data":"          0,\n"}
,{"stream_name":"stdout","time":2008.284006963,"data":"          1,\n"}
,{"stream_name":"stdout","time":2008.284010746,"data":"          0,\n"}
,{"stream_name":"stdout","time":2008.284014431,"data":"          0,\n"}
,{"stream_name":"stdout","time":2008.284018234,"data":"          0,\n"}
,{"stream_name":"stdout","time":2008.284021836,"data":"          4,\n"}
,{"stream_name":"stdout","time":2008.28402503,"data":"          0,\n"}
,{"stream_name":"stdout","time":2008.284028254,"data":"          0\n"}
,{"stream_name":"stdout","time":2008.284031465,"data":"        ],\n"}
,{"stream_name":"stdout","time":2008.284034645,"data":"        [\n"}
,{"stream_name":"stdout","time":2008.284037864,"data":"          0,\n"}
,{"stream_name":"stdout","time":2008.284041034,"data":"          0,\n"}
,{"stream_name":"stdout","time":2008.284044254,"data":"          1,\n"}
,{"stream_name":"stdout","time":2008.284047459,"data":"          0,\n"}
,{"stream_name":"stdout","time":2008.284050645,"data":"          0,\n"}
,{"stream_name":"stdout","time":2008.284053845,"data":"          0,\n"}
,{"stream_name":"stdout","time":2008.284057008,"data":"          4,\n"}
,{"stream_name":"stdout","time":2008.284060245,"data":"          0,\n"}
,{"stream_name":"stdout","time":2008.28406344,"data":"          0\n"}
,{"stream_name":"stdout","time":2008.284066657,"data":"        ],\n"}
,{"stream_name":"stdout","time":2008.284069842,"data":"        [\n"}
,{"stream_name":"stdout","time":2008.284073047,"data":"          0,\n"}
,{"stream_name":"stdout","time":2008.284078061,"data":"          0,\n"}
,{"stream_name":"stdout","time":2008.284084144,"data":"          1,\n"}
,{"stream_name":"stdout","time":2008.28409776,"data":"          0,\n"}
,{"stream_name":"stdout","time":2008.284101431,"data":"          0,\n"}
,{"stream_name":"stdout","time":2008.284105234,"data":"          0,\n"}
,{"stream_name":"stdout","time":2008.284108777,"data":"          4,\n"}
,{"stream_name":"stdout","time":2008.284112564,"data":"          0,\n"}
,{"stream_name":"stdout","time":2008.284116112,"data":"          0\n"}
,{"stream_name":"stdout","time":2008.284119312,"data":"        ],\n"}
,{"stream_name":"stdout","time":2008.284122545,"data":"        [\n"}
,{"stream_name":"stdout","time":2008.284125725,"data":"          0,\n"}
,{"stream_name":"stdout","time":2008.284128907,"data":"          0,\n"}
,{"stream_name":"stdout","time":2008.284132119,"data":"          2,\n"}
,{"stream_name":"stdout","time":2008.284135455,"data":"          0,\n"}
,{"stream_name":"stdout","time":2008.284138625,"data":"          0,\n"}
,{"stream_name":"stdout","time":2008.284141793,"data":"          0,\n"}
,{"stream_name":"stdout","time":2008.28414501,"data":"          3,\n"}
,{"stream_name":"stdout","time":2008.284148324,"data":"          0,\n"}
,{"stream_name":"stdout","time":2008.284151577,"data":"          0\n"}
,{"stream_name":"stdout","time":2008.284154772,"data":"        ],\n"}
,{"stream_name":"stdout","time":2008.284157949,"data":"        [\n"}
,{"stream_name":"stdout","time":2008.284164243,"data":"          0,\n"}
,{"stream_name":"stdout","time":2008.284167621,"data":"          0,\n"}
,{"stream_name":"stdout","time":2008.284175204,"data":"          0,\n"}
,{"stream_name":"stdout","time":2008.284177937,"data":"          0,\n"}
,{"stream_name":"stdout","time":2008.284180792,"data":"          0,\n"}
,{"stream_name":"stdout","time":2008.284199665,"data":"          0,\n"}
,{"stream_name":"stdout","time":2008.284203612,"data":"          0,\n"}
,{"stream_name":"stdout","time":2008.284207588,"data":"          0,\n"}
,{"stream_name":"stdout","time":2008.28421094,"data":"          0\n"}
,{"stream_name":"stdout","time":2008.28421415,"data":"        ]\n"}
,{"stream_name":"stdout","time":2008.284217353,"data":"      ],\n"}
,{"stream_name":"stdout","time":2008.284220574,"data":"      \"oracle_domain_confusion_matrix\": [\n"}
,{"stream_name":"stdout","time":2008.284224056,"data":"        [\n"}
,{"stream_name":"stdout","time":2008.284227247,"data":"          0,\n"}
,{"stream_name":"stdout","time":2008.284230425,"data":"          0,\n"}
,{"stream_name":"stdout","time":2008.284233639,"data":"          5,\n"}
,{"stream_name":"stdout","time":2008.284236837,"data":"          0,\n"}
,{"stream_name":"stdout","time":2008.28424,"data":"          0,\n"}
,{"stream_name":"stdout","time":2008.284243247,"data":"          0,\n"}
,{"stream_name":"stdout","time":2008.284246475,"data":"          0,\n"}
,{"stream_name":"stdout","time":2008.284249686,"data":"          0,\n"}
,{"stream_name":"stdout","time":2008.284252845,"data":"          0\n"}
,{"stream_name":"stdout","time":2008.284256039,"data":"        ],\n"}
,{"stream_name":"stdout","time":2008.284259251,"data":"        [\n"}
,{"stream_name":"stdout","time":2008.284262542,"data":"          0,\n"}
,{"stream_name":"stdout","time":2008.284270195,"data":"          0,\n"}
,{"stream_name":"stdout","time":2008.284272915,"data":"          4,\n"}
,{"stream_name":"stdout","time":2008.284287507,"data":"          1,\n"}
,{"stream_name":"stdout","time":2008.28429131,"data":"          0,\n"}
,{"stream_name":"stdout","time":2008.284295139,"data":"          0,\n"}
,{"stream_name":"stdout","time":2008.28429883,"data":"          0,\n"}
,{"stream_name":"stdout","time":2008.284302539,"data":"          0,\n"}
,{"stream_name":"stdout","time":2008.284305755,"data":"          0\n"}
,{"stream_name":"stdout","time":2008.284308944,"data":"        ],\n"}
,{"stream_name":"stdout","time":2008.284312071,"data":"        [\n"}
,{"stream_name":"stdout","time":2008.284315231,"data":"          0,\n"}
,{"stream_name":"stdout","time":2008.284318503,"data":"          0,\n"}
,{"stream_name":"stdout","time":2008.284321685,"data":"          5,\n"}
,{"stream_name":"stdout","time":2008.284324854,"data":"          0,\n"}
,{"stream_name":"stdout","time":2008.284328077,"data":"          0,\n"}
,{"stream_name":"stdout","time":2008.284331469,"data":"          0,\n"}
,{"stream_name":"stdout","time":2008.284352969,"data":"          0,\n"}
,{"stream_name":"stdout","time":2008.284357427,"data":"          0,\n"}
,{"stream_name":"stdout","time":2008.284361399,"data":"          0\n"}
,{"stream_name":"stdout","time":2008.284364724,"data":"        ],\n"}
,{"stream_name":"stdout","time":2008.284367953,"data":"        [\n"}
,{"stream_name":"stdout","time":2008.284371662,"data":"          0,\n"}
,{"stream_name":"stdout","time":2008.284374942,"data":"          0,\n"}
,{"stream_name":"stdout","time":2008.284378134,"data":"          5,\n"}
,{"stream_name":"stdout","time":2008.284385074,"data":"          0,\n"}
,{"stream_name":"stdout","time":2008.284388317,"data":"          0,\n"}
,{"stream_name":"stdout","time":2008.284391532,"data":"          0,\n"}
,{"stream_name":"stdout","time":2008.284394749,"data":"          0,\n"}
,{"stream_name":"stdout","time":2008.28439805,"data":"          0,\n"}
,{"stream_name":"stdout","time":2008.284401249,"data":"          0\n"}
,{"stream_name":"stdout","time":2008.284404493,"data":"        ],\n"}
,{"stream_name":"stdout","time":2008.284407743,"data":"        [\n"}
,{"stream_name":"stdout","time":2008.2844122,"data":"          0,\n"}
,{"stream_name":"stdout","time":2008.284417163,"data":"          0,\n"}
,{"stream_name":"stdout","time":2008.284420556,"data":"          0,\n"}
,{"stream_name":"stdout","time":2008.284425587,"data":"          0,\n"}
,{"stream_name":"stdout","time":2008.284428896,"data":"          0,\n"}
,{"stream_name":"stdout","time":2008.284432613,"data":"          0,\n"}
,{"stream_name":"stdout","time":2008.284436466,"data":"          5,\n"}
,{"stream_name":"stdout","time":2008.284440333,"data":"          0,\n"}
,{"stream_name":"stdout","time":2008.284444367,"data":"          0\n"}
,{"stream_name":"stdout","time":2008.284447711,"data":"        ],\n"}
,{"stream_name":"stdout","time":2008.28445099,"data":"        [\n"}
,{"stream_name":"stdout","time":2008.284454233,"data":"          0,\n"}
,{"stream_name":"stdout","time":2008.284457405,"data":"          0,\n"}
,{"stream_name":"stdout","time":2008.284460614,"data":"          0,\n"}
,{"stream_name":"stdout","time":2008.284463841,"data":"          0,\n"}
,{"stream_name":"stdout","time":2008.284467014,"data":"          0,\n"}
,{"stream_name":"stdout","time":2008.284470263,"data":"          0,\n"}
,{"stream_name":"stdout","time":2008.284473468,"data":"          5,\n"}
,{"stream_name":"stdout","time":2008.284476667,"data":"          0,\n"}
,{"stream_name":"stdout","time":2008.28447996,"data":"          0\n"}
,{"stream_name":"stdout","time":2008.284483173,"data":"        ],\n"}
,{"stream_name":"stdout","time":2008.284486321,"data":"        [\n"}
,{"stream_name":"stdout","time":2008.284489538,"data":"          0,\n"}
,{"stream_name":"stdout","time":2008.284492713,"data":"          0,\n"}
,{"stream_name":"stdout","time":2008.284495933,"data":"          0,\n"}
,{"stream_name":"stdout","time":2008.2844993,"data":"          0,\n"}
,{"stream_name":"stdout","time":2008.284507609,"data":"          0,\n"}
,{"stream_name":"stdout","time":2008.284510019,"data":"          0,\n"}
,{"stream_name":"stdout","time":2008.284523828,"data":"          5,\n"}
,{"stream_name":"stdout","time":2008.28452766,"data":"          0,\n"}
,{"stream_name":"stdout","time":2008.284531524,"data":"          0\n"}
,{"stream_name":"stdout","time":2008.284534926,"data":"        ],\n"}
,{"stream_name":"stdout","time":2008.284539553,"data":"        [\n"}
,{"stream_name":"stdout","time":2008.284542945,"data":"          0,\n"}
,{"stream_name":"stdout","time":2008.284546142,"data":"          0,\n"}
,{"stream_name":"stdout","time":2008.28454943,"data":"          0,\n"}
,{"stream_name":"stdout","time":2008.284552643,"data":"          0,\n"}
,{"stream_name":"stdout","time":2008.284555885,"data":"          0,\n"}
,{"stream_name":"stdout","time":2008.28455909,"data":"          0,\n"}
,{"stream_name":"stdout","time":2008.284562228,"data":"          5,\n"}
,{"stream_name":"stdout","time":2008.284565415,"data":"          0,\n"}
,{"stream_name":"stdout","time":2008.284568626,"data":"          0\n"}
,{"stream_name":"stdout","time":2008.284578303,"data":"        ],\n"}
,{"stream_name":"stdout","time":2008.284581631,"data":"        [\n"}
,{"stream_name":"stdout","time":2008.284584845,"data":"          0,\n"}
,{"stream_name":"stdout","time":2008.284588011,"data":"          0,\n"}
,{"stream_name":"stdout","time":2008.284591152,"data":"          0,\n"}
,{"stream_name":"stdout","time":2008.284594446,"data":"          0,\n"}
,{"stream_name":"stdout","time":2008.284603321,"data":"          0,\n"}
,{"stream_name":"stdout","time":2008.284606165,"data":"          0,\n"}
,{"stream_name":"stdout","time":2008.284620812,"data":"          0,\n"}
,{"stream_name":"stdout","time":2008.284625088,"data":"          0,\n"}
,{"stream_name":"stdout","time":2008.2846289,"data":"          0\n"}
,{"stream_name":"stdout","time":2008.284632821,"data":"        ]\n"}
,{"stream_name":"stdout","time":2008.28463652,"data":"      ]\n"}
,{"stream_name":"stdout","time":2008.284639681,"data":"    }\n"}
,{"stream_name":"stdout","time":2008.284642836,"data":"  ],\n"}
,{"stream_name":"stdout","time":2008.284646037,"data":"  \"run_config\": {\n"}
,{"stream_name":"stdout","time":2008.284649328,"data":"    \"run_hierarchical_diagnostic\": true,\n"}
,{"stream_name":"stdout","time":2008.284652821,"data":"    \"run_flat_benchmark\": false,\n"}
,{"stream_name":"stdout","time":2008.284656178,"data":"    \"run_lora\": false\n"}
,{"stream_name":"stdout","time":2008.284659466,"data":"  },\n"}
,{"stream_name":"stdout","time":2008.284662601,"data":"  \"gpu\": {\n"}
,{"stream_name":"stdout","time":2008.284665998,"data":"    \"cuda_available\": true,\n"}
,{"stream_name":"stdout","time":2008.284669379,"data":"    \"gpu_name\": \"Tesla T4\",\n"}
,{"stream_name":"stdout","time":2008.284672758,"data":"    \"total_memory_gb\": 14.56,\n"}
,{"stream_name":"stdout","time":2008.284679633,"data":"    \"nvidia_smi\": \"Mon May 11 19:15:58 2026       \\n+-----------------------------------------------------------------------------------------+\\n| NVIDIA-SMI 580.105.08             Driver Version: 580.105.08     CUDA Version: 13.0     |\\n+-----------------------------------------+------------------------+----------------------+\\n| GPU  Name                 Persistence-M | Bus-Id          Disp.A | Volatile Uncorr. ECC |\\n| Fan  Temp   Perf          Pwr:Usage/Cap |           Memory-Usage | GPU-Util  Compute M. |\\n|                                         |                        |               MIG M. |\\n|=========================================+========================+======================|\\n|   0  Tesla T4                       Off |   00000000:00:04.0 Off |                    0 |\\n| N/A   40C    P8             11W /   70W |       3MiB /  15360MiB |      0%      Default |\\n|                                         |                        |                  N/A |\\n+-----------------------------------------+------------------------+----------------------+\\n|   1  Tesla T4                       Off |   00000000:00:05.0 Off |                    0 |\\n| N/A   38C    P8              9W /   70W |       3MiB /  15360MiB |      0%      Default |\\n|                                         |                        |                  N/A |\\n+-----------------------------------------+------------------------+----------------------+\\n\\n+-----------------------------------------------------------------------------------------+\\n| Processes:                                                                              |\\n|  GPU   GI   CI              PID   Type   Process name                        GPU Memory |\\n|        ID   ID                                                               Usage      |\\n|=========================================================================================|\\n|  No running processes found                                                             |\\n+-----------------------------------------------------------------------------------------+\\n\",\n"}
,{"stream_name":"stdout","time":2008.284713961,"data":"    \"compute_capability\": \"7.5\",\n"}
,{"stream_name":"stdout","time":2008.284718249,"data":"    \"compute_capability_major\": 7,\n"}
,{"stream_name":"stdout","time":2008.284722273,"data":"    \"torch_cuda_supported\": true,\n"}
,{"stream_name":"stdout","time":2008.284725938,"data":"    \"device_count\": 2,\n"}
,{"stream_name":"stdout","time":2008.28473017,"data":"    \"devices\": [\n"}
,{"stream_name":"stdout","time":2008.284733682,"data":"      {\n"}
,{"stream_name":"stdout","time":2008.2847369,"data":"        \"index\": 0,\n"}
,{"stream_name":"stdout","time":2008.284740238,"data":"        \"name\": \"Tesla T4\",\n"}
,{"stream_name":"stdout","time":2008.284744021,"data":"        \"memory_gb\": 14.56,\n"}
,{"stream_name":"stdout","time":2008.284747447,"data":"        \"compute_capability\": \"7.5\"\n"}
,{"stream_name":"stdout","time":2008.284750889,"data":"      },\n"}
,{"stream_name":"stdout","time":2008.284754137,"data":"      {\n"}
,{"stream_name":"stdout","time":2008.284757316,"data":"        \"index\": 1,\n"}
,{"stream_name":"stdout","time":2008.28476073,"data":"        \"name\": \"Tesla T4\",\n"}
,{"stream_name":"stdout","time":2008.28476409,"data":"        \"memory_gb\": 14.56,\n"}
,{"stream_name":"stdout","time":2008.284767625,"data":"        \"compute_capability\": \"7.5\"\n"}
,{"stream_name":"stdout","time":2008.284771041,"data":"      }\n"}
,{"stream_name":"stdout","time":2008.284774369,"data":"    ],\n"}
,{"stream_name":"stdout","time":2008.28477756,"data":"    \"aggregate_memory_gb\": 29.12\n"}
,{"stream_name":"stdout","time":2008.284781,"data":"  },\n"}
,{"stream_name":"stdout","time":2008.284784276,"data":"  \"lora\": {\n"}
,{"stream_name":"stdout","time":2008.284791985,"data":"    \"status\": \"skipped\",\n"}
,{"stream_name":"stdout","time":2008.284794923,"data":"    \"reason\": \"RUN_LORA is false for this batch\"\n"}
,{"stream_name":"stdout","time":2008.284798,"data":"  },\n"}
,{"stream_name":"stdout","time":2008.284812259,"data":"  \"best_hierarchical_model\": {\n"}
,{"stream_name":"stdout","time":2008.284816368,"data":"    \"model_id\": \"Qwen/Qwen2.5-VL-7B-Instruct\",\n"}
,{"stream_name":"stdout","time":2008.284820246,"data":"    \"status\": \"completed\",\n"}
,{"stream_name":"stdout","time":2008.284824491,"data":"    \"mode\": \"hierarchical\",\n"}
,{"stream_name":"stdout","time":2008.284828096,"data":"    \"notes\": \"Batch 3 stronger hierarchical diagnostic if Kaggle assigns two T4 GPUs again.\",\n"}
,{"stream_name":"stdout","time":2008.284831716,"data":"    \"n\": 40,\n"}
,{"stream_name":"stdout","time":2008.284835005,"data":"    \"domain_accuracy\": 0.875,\n"}
,{"stream_name":"stdout","time":2008.284838255,"data":"    \"accuracy\": 0.225,\n"}
,{"stream_name":"stdout","time":2008.284841658,"data":"    \"hierarchical_accuracy\": 0.225,\n"}
,{"stream_name":"stdout","time":2008.284845039,"data":"    \"oracle_domain_accuracy\": 0.25,\n"}
,{"stream_name":"stdout","time":2008.284848474,"data":"    \"domain_strict_json_rate\": 1.0,\n"}
,{"stream_name":"stdout","time":2008.284852276,"data":"    \"subtype_strict_json_rate\": 1.0,\n"}
,{"stream_name":"stdout","time":2008.284855719,"data":"    \"oracle_subtype_strict_json_rate\": 1.0,\n"}
,{"stream_name":"stdout","time":2008.284859082,"data":"    \"seconds\": 677.91,\n"}
,{"stream_name":"stdout","time":2008.284862379,"data":"    \"domain_pred_counts\": {\n"}
,{"stream_name":"stdout","time":2008.28486873,"data":"      \"tumor\": 25,\n"}
,{"stream_name":"stdout","time":2008.284872232,"data":"      \"dementia\": 15\n"}
,{"stream_name":"stdout","time":2008.284875572,"data":"    },\n"}
,{"stream_name":"stdout","time":2008.284878818,"data":"    \"pred_counts\": {\n"}
,{"stream_name":"stdout","time":2008.284884023,"data":"      \"tumor_notumor\": 24,\n"}
,{"stream_name":"stdout","time":2008.284890076,"data":"      \"tumor_pituitary\": 1,\n"}
,{"stream_name":"stdout","time":2008.284904211,"data":"      \"dementia_NonDemented\": 15\n"}
,{"stream_name":"stdout","time":2008.284908523,"data":"    },\n"}
,{"stream_name":"stdout","time":2008.284912152,"data":"    \"oracle_pred_counts\": {\n"}
,{"stream_name":"stdout","time":2008.284916597,"data":"      \"tumor_notumor\": 19,\n"}
,{"stream_name":"stdout","time":2008.284926421,"data":"      \"tumor_pituitary\": 1,\n"}
,{"stream_name":"stdout","time":2008.28492982,"data":"      \"dementia_NonDemented\": 20\n"}
,{"stream_name":"stdout","time":2008.284933198,"data":"    },\n"}
,{"stream_name":"stdout","time":2008.284936559,"data":"    \"domain_classification_report\": \"                  precision    recall  f1-score   support\\n\\n           tumor       0.80      1.00      0.89        20\\n        dementia       1.00      0.75      0.86        20\\nINVALID_OR_PARSE       0.00      0.00      0.00         0\\n\\n        accuracy                           0.88        40\\n       macro avg       0.60      0.58      0.58        40\\n    weighted avg       0.90      0.88      0.87        40\\n\",\n"}
,{"stream_name":"stdout","time":2008.284941827,"data":"    \"classification_report\": \"                           precision    recall  f1-score   support\\n\\n             tumor_glioma       0.00      0.00      0.00         5\\n         tumor_meningioma       0.00      0.00      0.00         5\\n            tumor_notumor       0.21      1.00      0.34         5\\n          tumor_pituitary       0.00      0.00      0.00         5\\n    dementia_MildDemented       0.00      0.00      0.00         5\\ndementia_ModerateDemented       0.00      0.00      0.00         5\\n     dementia_NonDemented       0.27      0.80      0.40         5\\ndementia_VeryMildDemented       0.00      0.00      0.00         5\\n         INVALID_OR_PARSE       0.00      0.00      0.00         0\\n\\n                 accuracy                           0.23        40\\n                macro avg       0.05      0.20      0.08        40\\n             weighted avg       0.06      0.23      0.09        40\\n\",\n"}
,{"stream_name":"stdout","time":2008.284949012,"data":"    \"oracle_domain_classification_report\": \"                           precision    recall  f1-score   support\\n\\n             tumor_glioma       0.00      0.00      0.00         5\\n         tumor_meningioma       0.00      0.00      0.00         5\\n            tumor_notumor       0.26      1.00      0.42         5\\n          tumor_pituitary       0.00      0.00      0.00         5\\n    dementia_MildDemented       0.00      0.00      0.00         5\\ndementia_ModerateDemented       0.00      0.00      0.00         5\\n     dementia_NonDemented       0.25      1.00      0.40         5\\ndementia_VeryMildDemented       0.00      0.00      0.00         5\\n         INVALID_OR_PARSE       0.00      0.00      0.00         0\\n\\n                 accuracy                           0.25        40\\n                macro avg       0.06      0.22      0.09        40\\n             weighted avg       0.06      0.25      0.10        40\\n\",\n"}
,{"stream_name":"stdout","time":2008.284955699,"data":"    \"domain_confusion_matrix_labels\": [\n"}
,{"stream_name":"stdout","time":2008.284959127,"data":"      \"tumor\",\n"}
,{"stream_name":"stdout","time":2008.284962472,"data":"      \"dementia\",\n"}
,{"stream_name":"stdout","time":2008.284969739,"data":"      \"INVALID_OR_PARSE\"\n"}
,{"stream_name":"stdout","time":2008.284973294,"data":"    ],\n"}
,{"stream_name":"stdout","time":2008.284980889,"data":"    \"domain_confusion_matrix\": [\n"}
,{"stream_name":"stdout","time":2008.284983707,"data":"      [\n"}
,{"stream_name":"stdout","time":2008.284986398,"data":"        20,\n"}
,{"stream_name":"stdout","time":2008.28500098,"data":"        0,\n"}
,{"stream_name":"stdout","time":2008.285005042,"data":"        0\n"}
,{"stream_name":"stdout","time":2008.285009064,"data":"      ],\n"}
,{"stream_name":"stdout","time":2008.285012831,"data":"      [\n"}
,{"stream_name":"stdout","time":2008.285016491,"data":"        5,\n"}
,{"stream_name":"stdout","time":2008.285019625,"data":"        15,\n"}
,{"stream_name":"stdout","time":2008.285022872,"data":"        0\n"}
,{"stream_name":"stdout","time":2008.285025993,"data":"      ],\n"}
,{"stream_name":"stdout","time":2008.285029188,"data":"      [\n"}
,{"stream_name":"stdout","time":2008.285032484,"data":"        0,\n"}
,{"stream_name":"stdout","time":2008.28503574,"data":"        0,\n"}
,{"stream_name":"stdout","time":2008.285038944,"data":"        0\n"}
,{"stream_name":"stdout","time":2008.285042124,"data":"      ]\n"}
,{"stream_name":"stdout","time":2008.285045306,"data":"    ],\n"}
,{"stream_name":"stdout","time":2008.285048581,"data":"    \"confusion_matrix_labels\": [\n"}
,{"stream_name":"stdout","time":2008.285051987,"data":"      \"tumor_glioma\",\n"}
,{"stream_name":"stdout","time":2008.285055354,"data":"      \"tumor_meningioma\",\n"}
,{"stream_name":"stdout","time":2008.2850587,"data":"      \"tumor_notumor\",\n"}
,{"stream_name":"stdout","time":2008.285061991,"data":"      \"tumor_pituitary\",\n"}
,{"stream_name":"stdout","time":2008.28506525,"data":"      \"dementia_MildDemented\",\n"}
,{"stream_name":"stdout","time":2008.285068639,"data":"      \"dementia_ModerateDemented\",\n"}
,{"stream_name":"stdout","time":2008.285073882,"data":"      \"dementia_NonDemented\",\n"}
,{"stream_name":"stdout","time":2008.285079924,"data":"      \"dementia_VeryMildDemented\",\n"}
,{"stream_name":"stdout","time":2008.285094058,"data":"      \"INVALID_OR_PARSE\"\n"}
,{"stream_name":"stdout","time":2008.285098001,"data":"    ],\n"}
,{"stream_name":"stdout","time":2008.285101977,"data":"    \"confusion_matrix\": [\n"}
,{"stream_name":"stdout","time":2008.285106014,"data":"      [\n"}
,{"stream_name":"stdout","time":2008.285109893,"data":"        0,\n"}
,{"stream_name":"stdout","time":2008.285113181,"data":"        0,\n"}
,{"stream_name":"stdout","time":2008.285116352,"data":"        5,\n"}
,{"stream_name":"stdout","time":2008.285119542,"data":"        0,\n"}
,{"stream_name":"stdout","time":2008.285122705,"data":"        0,\n"}
,{"stream_name":"stdout","time":2008.285125915,"data":"        0,\n"}
,{"stream_name":"stdout","time":2008.285129191,"data":"        0,\n"}
,{"stream_name":"stdout","time":2008.285132366,"data":"        0,\n"}
,{"stream_name":"stdout","time":2008.285135559,"data":"        0\n"}
,{"stream_name":"stdout","time":2008.28513878,"data":"      ],\n"}
,{"stream_name":"stdout","time":2008.285141944,"data":"      [\n"}
,{"stream_name":"stdout","time":2008.285145127,"data":"        0,\n"}
,{"stream_name":"stdout","time":2008.285148329,"data":"        0,\n"}
,{"stream_name":"stdout","time":2008.285151492,"data":"        4,\n"}
,{"stream_name":"stdout","time":2008.285154747,"data":"        1,\n"}
,{"stream_name":"stdout","time":2008.285157939,"data":"        0,\n"}
,{"stream_name":"stdout","time":2008.285164461,"data":"        0,\n"}
,{"stream_name":"stdout","time":2008.285172661,"data":"        0,\n"}
,{"stream_name":"stdout","time":2008.285175465,"data":"        0,\n"}
,{"stream_name":"stdout","time":2008.285194979,"data":"        0\n"}
,{"stream_name":"stdout","time":2008.285199131,"data":"      ],\n"}
,{"stream_name":"stdout","time":2008.285202975,"data":"      [\n"}
,{"stream_name":"stdout","time":2008.285206787,"data":"        0,\n"}
,{"stream_name":"stdout","time":2008.285209998,"data":"        0,\n"}
,{"stream_name":"stdout","time":2008.285213156,"data":"        5,\n"}
,{"stream_name":"stdout","time":2008.285216377,"data":"        0,\n"}
,{"stream_name":"stdout","time":2008.285219525,"data":"        0,\n"}
,{"stream_name":"stdout","time":2008.285222668,"data":"        0,\n"}
,{"stream_name":"stdout","time":2008.285225863,"data":"        0,\n"}
,{"stream_name":"stdout","time":2008.285229018,"data":"        0,\n"}
,{"stream_name":"stdout","time":2008.285232264,"data":"        0\n"}
,{"stream_name":"stdout","time":2008.285235417,"data":"      ],\n"}
,{"stream_name":"stdout","time":2008.285238614,"data":"      [\n"}
,{"stream_name":"stdout","time":2008.285241737,"data":"        0,\n"}
,{"stream_name":"stdout","time":2008.285244917,"data":"        0,\n"}
,{"stream_name":"stdout","time":2008.285248073,"data":"        5,\n"}
,{"stream_name":"stdout","time":2008.285251229,"data":"        0,\n"}
,{"stream_name":"stdout","time":2008.285254385,"data":"        0,\n"}
,{"stream_name":"stdout","time":2008.285257587,"data":"        0,\n"}
,{"stream_name":"stdout","time":2008.285262537,"data":"        0,\n"}
,{"stream_name":"stdout","time":2008.285268327,"data":"        0,\n"}
,{"stream_name":"stdout","time":2008.285271158,"data":"        0\n"}
,{"stream_name":"stdout","time":2008.285285229,"data":"      ],\n"}
,{"stream_name":"stdout","time":2008.28528934,"data":"      [\n"}
,{"stream_name":"stdout","time":2008.285293032,"data":"        0,\n"}
,{"stream_name":"stdout","time":2008.285296781,"data":"        0,\n"}
,{"stream_name":"stdout","time":2008.285300192,"data":"        1,\n"}
,{"stream_name":"stdout","time":2008.285303387,"data":"        0,\n"}
,{"stream_name":"stdout","time":2008.285306562,"data":"        0,\n"}
,{"stream_name":"stdout","time":2008.285309787,"data":"        0,\n"}
,{"stream_name":"stdout","time":2008.285313035,"data":"        4,\n"}
,{"stream_name":"stdout","time":2008.285316249,"data":"        0,\n"}
,{"stream_name":"stdout","time":2008.285319405,"data":"        0\n"}
,{"stream_name":"stdout","time":2008.285322607,"data":"      ],\n"}
,{"stream_name":"stdout","time":2008.285325802,"data":"      [\n"}
,{"stream_name":"stdout","time":2008.285329033,"data":"        0,\n"}
,{"stream_name":"stdout","time":2008.285332602,"data":"        0,\n"}
,{"stream_name":"stdout","time":2008.285350185,"data":"        1,\n"}
,{"stream_name":"stdout","time":2008.285354078,"data":"        0,\n"}
,{"stream_name":"stdout","time":2008.285357435,"data":"        0,\n"}
,{"stream_name":"stdout","time":2008.285360637,"data":"        0,\n"}
,{"stream_name":"stdout","time":2008.285364302,"data":"        4,\n"}
,{"stream_name":"stdout","time":2008.285367534,"data":"        0,\n"}
,{"stream_name":"stdout","time":2008.285370774,"data":"        0\n"}
,{"stream_name":"stdout","time":2008.28537396,"data":"      ],\n"}
,{"stream_name":"stdout","time":2008.285377131,"data":"      [\n"}
,{"stream_name":"stdout","time":2008.28538031,"data":"        0,\n"}
,{"stream_name":"stdout","time":2008.28538701,"data":"        0,\n"}
,{"stream_name":"stdout","time":2008.285390278,"data":"        1,\n"}
,{"stream_name":"stdout","time":2008.285393542,"data":"        0,\n"}
,{"stream_name":"stdout","time":2008.285396783,"data":"        0,\n"}
,{"stream_name":"stdout","time":2008.28540001,"data":"        0,\n"}
,{"stream_name":"stdout","time":2008.285403877,"data":"        4,\n"}
,{"stream_name":"stdout","time":2008.285408937,"data":"        0,\n"}
,{"stream_name":"stdout","time":2008.285415553,"data":"        0\n"}
,{"stream_name":"stdout","time":2008.285430603,"data":"      ],\n"}
,{"stream_name":"stdout","time":2008.285434442,"data":"      [\n"}
,{"stream_name":"stdout","time":2008.285438253,"data":"        0,\n"}
,{"stream_name":"stdout","time":2008.285442114,"data":"        0,\n"}
,{"stream_name":"stdout","time":2008.285445939,"data":"        2,\n"}
,{"stream_name":"stdout","time":2008.28544958,"data":"        0,\n"}
,{"stream_name":"stdout","time":2008.285452822,"data":"        0,\n"}
,{"stream_name":"stdout","time":2008.28545598,"data":"        0,\n"}
,{"stream_name":"stdout","time":2008.285459173,"data":"        3,\n"}
,{"stream_name":"stdout","time":2008.285462355,"data":"        0,\n"}
,{"stream_name":"stdout","time":2008.285465544,"data":"        0\n"}
,{"stream_name":"stdout","time":2008.285468815,"data":"      ],\n"}
,{"stream_name":"stdout","time":2008.285473221,"data":"      [\n"}
,{"stream_name":"stdout","time":2008.28547646,"data":"        0,\n"}
,{"stream_name":"stdout","time":2008.285479712,"data":"        0,\n"}
,{"stream_name":"stdout","time":2008.28548289,"data":"        0,\n"}
,{"stream_name":"stdout","time":2008.285486078,"data":"        0,\n"}
,{"stream_name":"stdout","time":2008.285489338,"data":"        0,\n"}
,{"stream_name":"stdout","time":2008.285492572,"data":"        0,\n"}
,{"stream_name":"stdout","time":2008.285495861,"data":"        0,\n"}
,{"stream_name":"stdout","time":2008.285499123,"data":"        0,\n"}
,{"stream_name":"stdout","time":2008.285504219,"data":"        0\n"}
,{"stream_name":"stdout","time":2008.28551097,"data":"      ]\n"}
,{"stream_name":"stdout","time":2008.285513833,"data":"    ],\n"}
,{"stream_name":"stdout","time":2008.285528433,"data":"    \"oracle_domain_confusion_matrix\": [\n"}
,{"stream_name":"stdout","time":2008.285532547,"data":"      [\n"}
,{"stream_name":"stdout","time":2008.28553644,"data":"        0,\n"}
,{"stream_name":"stdout","time":2008.285540301,"data":"        0,\n"}
,{"stream_name":"stdout","time":2008.28554396,"data":"        5,\n"}
,{"stream_name":"stdout","time":2008.285547165,"data":"        0,\n"}
,{"stream_name":"stdout","time":2008.285550432,"data":"        0,\n"}
,{"stream_name":"stdout","time":2008.285553621,"data":"        0,\n"}
,{"stream_name":"stdout","time":2008.285556796,"data":"        0,\n"}
,{"stream_name":"stdout","time":2008.285559959,"data":"        0,\n"}
,{"stream_name":"stdout","time":2008.285563133,"data":"        0\n"}
,{"stream_name":"stdout","time":2008.285566435,"data":"      ],\n"}
,{"stream_name":"stdout","time":2008.285569598,"data":"      [\n"}
,{"stream_name":"stdout","time":2008.285572772,"data":"        0,\n"}
,{"stream_name":"stdout","time":2008.285575953,"data":"        0,\n"}
,{"stream_name":"stdout","time":2008.285579108,"data":"        4,\n"}
,{"stream_name":"stdout","time":2008.28558228,"data":"        1,\n"}
,{"stream_name":"stdout","time":2008.285585445,"data":"        0,\n"}
,{"stream_name":"stdout","time":2008.285588633,"data":"        0,\n"}
,{"stream_name":"stdout","time":2008.285598627,"data":"        0,\n"}
,{"stream_name":"stdout","time":2008.285605438,"data":"        0,\n"}
,{"stream_name":"stdout","time":2008.285608195,"data":"        0\n"}
,{"stream_name":"stdout","time":2008.285624643,"data":"      ],\n"}
,{"stream_name":"stdout","time":2008.285628988,"data":"      [\n"}
,{"stream_name":"stdout","time":2008.285632676,"data":"        0,\n"}
,{"stream_name":"stdout","time":2008.285636699,"data":"        0,\n"}
,{"stream_name":"stdout","time":2008.285640394,"data":"        5,\n"}
,{"stream_name":"stdout","time":2008.285643652,"data":"        0,\n"}
,{"stream_name":"stdout","time":2008.285646855,"data":"        0,\n"}
,{"stream_name":"stdout","time":2008.285650074,"data":"        0,\n"}
,{"stream_name":"stdout","time":2008.285653253,"data":"        0,\n"}
,{"stream_name":"stdout","time":2008.285656511,"data":"        0,\n"}
,{"stream_name":"stdout","time":2008.285659754,"data":"        0\n"}
,{"stream_name":"stdout","time":2008.285663069,"data":"      ],\n"}
,{"stream_name":"stdout","time":2008.285666206,"data":"      [\n"}
,{"stream_name":"stdout","time":2008.285669486,"data":"        0,\n"}
,{"stream_name":"stdout","time":2008.285672709,"data":"        0,\n"}
,{"stream_name":"stdout","time":2008.285675963,"data":"        5,\n"}
,{"stream_name":"stdout","time":2008.285679184,"data":"        0,\n"}
,{"stream_name":"stdout","time":2008.285682482,"data":"        0,\n"}
,{"stream_name":"stdout","time":2008.285685694,"data":"        0,\n"}
,{"stream_name":"stdout","time":2008.285688912,"data":"        0,\n"}
,{"stream_name":"stdout","time":2008.285692144,"data":"        0,\n"}
,{"stream_name":"stdout","time":2008.285697004,"data":"        0\n"}
,{"stream_name":"stdout","time":2008.285703478,"data":"      ],\n"}
,{"stream_name":"stdout","time":2008.285706238,"data":"      [\n"}
,{"stream_name":"stdout","time":2008.285720523,"data":"        0,\n"}
,{"stream_name":"stdout","time":2008.285724569,"data":"        0,\n"}
,{"stream_name":"stdout","time":2008.285728528,"data":"        0,\n"}
,{"stream_name":"stdout","time":2008.285732403,"data":"        0,\n"}
,{"stream_name":"stdout","time":2008.28573607,"data":"        0,\n"}
,{"stream_name":"stdout","time":2008.285739324,"data":"        0,\n"}
,{"stream_name":"stdout","time":2008.285742495,"data":"        5,\n"}
,{"stream_name":"stdout","time":2008.285745653,"data":"        0,\n"}
,{"stream_name":"stdout","time":2008.285748824,"data":"        0\n"}
,{"stream_name":"stdout","time":2008.285752019,"data":"      ],\n"}
,{"stream_name":"stdout","time":2008.285755217,"data":"      [\n"}
,{"stream_name":"stdout","time":2008.285758388,"data":"        0,\n"}
,{"stream_name":"stdout","time":2008.285761604,"data":"        0,\n"}
,{"stream_name":"stdout","time":2008.285764791,"data":"        0,\n"}
,{"stream_name":"stdout","time":2008.285767963,"data":"        0,\n"}
,{"stream_name":"stdout","time":2008.285771165,"data":"        0,\n"}
,{"stream_name":"stdout","time":2008.285774338,"data":"        0,\n"}
,{"stream_name":"stdout","time":2008.285777503,"data":"        5,\n"}
,{"stream_name":"stdout","time":2008.285780697,"data":"        0,\n"}
,{"stream_name":"stdout","time":2008.285784012,"data":"        0\n"}
,{"stream_name":"stdout","time":2008.285787251,"data":"      ],\n"}
,{"stream_name":"stdout","time":2008.285792327,"data":"      [\n"}
,{"stream_name":"stdout","time":2008.285800117,"data":"        0,\n"}
,{"stream_name":"stdout","time":2008.285820663,"data":"        0,\n"}
,{"stream_name":"stdout","time":2008.285828849,"data":"        0,\n"}
,{"stream_name":"stdout","time":2008.285833054,"data":"        0,\n"}
,{"stream_name":"stdout","time":2008.285836779,"data":"        0,\n"}
,{"stream_name":"stdout","time":2008.285840019,"data":"        0,\n"}
,{"stream_name":"stdout","time":2008.285843241,"data":"        5,\n"}
,{"stream_name":"stdout","time":2008.285846506,"data":"        0,\n"}
,{"stream_name":"stdout","time":2008.285849683,"data":"        0\n"}
,{"stream_name":"stdout","time":2008.285852973,"data":"      ],\n"}
,{"stream_name":"stdout","time":2008.285856206,"data":"      [\n"}
,{"stream_name":"stdout","time":2008.285859373,"data":"        0,\n"}
,{"stream_name":"stdout","time":2008.285862581,"data":"        0,\n"}
,{"stream_name":"stdout","time":2008.285865808,"data":"        0,\n"}
,{"stream_name":"stdout","time":2008.285869035,"data":"        0,\n"}
,{"stream_name":"stdout","time":2008.285872376,"data":"        0,\n"}
,{"stream_name":"stdout","time":2008.285875596,"data":"        0,\n"}
,{"stream_name":"stdout","time":2008.285878798,"data":"        5,\n"}
,{"stream_name":"stdout","time":2008.285881979,"data":"        0,\n"}
,{"stream_name":"stdout","time":2008.285885171,"data":"        0\n"}
,{"stream_name":"stdout","time":2008.285888328,"data":"      ],\n"}
,{"stream_name":"stdout","time":2008.285893348,"data":"      [\n"}
,{"stream_name":"stdout","time":2008.285899674,"data":"        0,\n"}
,{"stream_name":"stdout","time":2008.285902379,"data":"        0,\n"}
,{"stream_name":"stdout","time":2008.285916813,"data":"        0,\n"}
,{"stream_name":"stdout","time":2008.285920902,"data":"        0,\n"}
,{"stream_name":"stdout","time":2008.285924951,"data":"        0,\n"}
,{"stream_name":"stdout","time":2008.285928844,"data":"        0,\n"}
,{"stream_name":"stdout","time":2008.285932549,"data":"        0,\n"}
,{"stream_name":"stdout","time":2008.285935724,"data":"        0,\n"}
,{"stream_name":"stdout","time":2008.285939341,"data":"        0\n"}
,{"stream_name":"stdout","time":2008.285942641,"data":"      ]\n"}
,{"stream_name":"stdout","time":2008.285945998,"data":"    ]\n"}
,{"stream_name":"stdout","time":2008.285949173,"data":"  }\n"}
,{"stream_name":"stdout","time":2008.285952368,"data":"}\n"}
,{"stream_name":"stdout","time":2008.285955551,"data":"\n"}
,{"stream_name":"stdout","time":2008.285958816,"data":"Main zip output: /kaggle/working/tumor_multimodal_kaggle_outputs.zip\n"}
,{"stream_name":"stderr","time":2014.418723319,"data":"/usr/local/lib/python3.12/dist-packages/mistune.py:435: SyntaxWarning: invalid escape sequence '\\|'\n"}
,{"stream_name":"stderr","time":2014.418759963,"data":"  cells[i][c] = re.sub('\\\\\\\\\\|', '|', cell)\n"}
,{"stream_name":"stderr","time":2014.729892793,"data":"/usr/local/lib/python3.12/dist-packages/nbconvert/filters/filter_links.py:36: SyntaxWarning: invalid escape sequence '\\_'\n"}
,{"stream_name":"stderr","time":2014.729920949,"data":"  text = re.sub(r'_', '\\_', text) # Escape underscores in display text\n"}
,{"stream_name":"stderr","time":2015.37684744,"data":"[NbConvertApp] Converting notebook __script__.ipynb to html\n"}
,{"stream_name":"stderr","time":2016.873135486,"data":"[NbConvertApp] Writing 519315 bytes to __results__.html\n"}
]