sha256,path,split,domain,eight_class,split_set
274db9ff91b7644245b9418a0cdece2b6b9cef7ee4fa71cdfaf4bff29826c90c,data/alzheimers/MildDemented/013c7086-9972-4193-8544-31c9fbb49072.jpg,test,dementia,dementia_MildDemented,"test,train"
274db9ff91b7644245b9418a0cdece2b6b9cef7ee4fa71cdfaf4bff29826c90c,data/alzheimers/MildDemented/30b46873-e074-4bc6-aa16-6fba24cbc180.jpg,test,dementia,dementia_MildDemented,"test,train"
274db9ff91b7644245b9418a0cdece2b6b9cef7ee4fa71cdfaf4bff29826c90c,data/alzheimers/MildDemented/f23f5dae-b5e2-4da0-a7a6-2417ddf27f76.jpg,test,dementia,dementia_MildDemented,"test,train"
274db9ff91b7644245b9418a0cdece2b6b9cef7ee4fa71cdfaf4bff29826c90c,data/alzheimers/MildDemented/06b13257-4ec2-4eef-a281-c52366e56712.jpg,train,dementia,dementia_MildDemented,"test,train"
728e35d137031ee37965e2b4a138fc1b579e38d91caba8be8b060bdf13b8979c,data/alzheimers/MildDemented/0f12004f-775a-4a97-9798-ea4797c2589d.jpg,test,dementia,dementia_MildDemented,"test,train"
728e35d137031ee37965e2b4a138fc1b579e38d91caba8be8b060bdf13b8979c,data/alzheimers/MildDemented/a4c04b3d-33d1-4cd7-8eb1-c601bf4116d2.jpg,train,dementia,dementia_MildDemented,"test,train"
23582987fbd8214c0925ba2a149345542f1b069427cfcee9bd4daada4a46bd50,data/alzheimers/MildDemented/1273fe93-1a50-4fd3-86ec-3c0feb1c184b.jpg,test,dementia,dementia_MildDemented,"test,train"
23582987fbd8214c0925ba2a149345542f1b069427cfcee9bd4daada4a46bd50,data/alzheimers/MildDemented/0812d816-2285-4baa-a04b-93c493919593.jpg,train,dementia,dementia_MildDemented,"test,train"
bd783109478763c55e755053051fd3e1dc0f380203ed7d08d5c158891bb32495,data/alzheimers/MildDemented/130ca9ac-2da6-47ef-bc07-59af106a48ed.jpg,test,dementia,dementia_MildDemented,"test,train"
bd783109478763c55e755053051fd3e1dc0f380203ed7d08d5c158891bb32495,data/alzheimers/MildDemented/d2b107a0-a53e-4085-b182-6eb09a993708.jpg,train,dementia,dementia_MildDemented,"test,train"
bd783109478763c55e755053051fd3e1dc0f380203ed7d08d5c158891bb32495,data/alzheimers/MildDemented/e765be7a-34e3-47bb-9ab4-c36e83f9616f.jpg,train,dementia,dementia_MildDemented,"test,train"
7c9f68078fe1e361d27c3a447fc98e06a79c36c466962bf8af73411185c39032,data/alzheimers/MildDemented/164bb7d8-5618-4475-ae8d-05265450603c.jpg,test,dementia,dementia_MildDemented,"test,train"
7c9f68078fe1e361d27c3a447fc98e06a79c36c466962bf8af73411185c39032,data/alzheimers/MildDemented/51487c01-963f-4b8f-8340-dce2c979a313.jpg,train,dementia,dementia_MildDemented,"test,train"
c8ee405d7015538e49b27b487d5adf8b3459d5ff9eb0ca08d4cae03040835db1,data/alzheimers/MildDemented/20b5cbc3-f6dc-408d-a2c9-3870fd30e56d.jpg,test,dementia,dementia_MildDemented,"test,train"
c8ee405d7015538e49b27b487d5adf8b3459d5ff9eb0ca08d4cae03040835db1,data/alzheimers/MildDemented/e063db73-004e-459d-a7ac-593661a611be.jpg,train,dementia,dementia_MildDemented,"test,train"
168b82867e96cff50ae5498397b6e14ce09d0a744ec7216e39c929c47d0f699f,data/alzheimers/MildDemented/21bd8611-1d89-47d3-a251-676ee4fb366c.jpg,test,dementia,dementia_MildDemented,"test,train"
168b82867e96cff50ae5498397b6e14ce09d0a744ec7216e39c929c47d0f699f,data/alzheimers/MildDemented/e9f072c1-d501-4b00-b803-24ff0ad0e814.jpg,train,dementia,dementia_MildDemented,"test,train"
5bdccbf6ad1a96b3740c3c6331a853af1cfdc563d2f7fb6306d326ae0c290d4a,data/alzheimers/MildDemented/2b568cb2-85b0-4c2d-a2f7-ff895eb6627d.jpg,test,dementia,dementia_MildDemented,"test,val"
5bdccbf6ad1a96b3740c3c6331a853af1cfdc563d2f7fb6306d326ae0c290d4a,data/alzheimers/MildDemented/e9f197a2-4549-48ec-a073-c2394fd8caeb.jpg,val,dementia,dementia_MildDemented,"test,val"
9965e621c506866731ee8a03d9e56302b627b6e126c4fc8b3c64b90f84801be7,data/alzheimers/MildDemented/2d9adebb-76f9-4802-b185-2aab23b5f7f1.jpg,test,dementia,dementia_MildDemented,"test,train"
9965e621c506866731ee8a03d9e56302b627b6e126c4fc8b3c64b90f84801be7,data/alzheimers/MildDemented/3f119133-623c-4a2c-814a-f30254267c83.jpg,train,dementia,dementia_MildDemented,"test,train"
8eca345a4daa81b8119203865fdd4268170d4901d497724be5655ece2020f94f,data/alzheimers/MildDemented/310246e3-5d63-401a-9e9e-1b1a4cb314dd.jpg,test,dementia,dementia_MildDemented,"test,train"
8eca345a4daa81b8119203865fdd4268170d4901d497724be5655ece2020f94f,data/alzheimers/MildDemented/12e88bf4-0793-4c1a-acd0-d57afd46b1d0.jpg,train,dementia,dementia_MildDemented,"test,train"
8eca345a4daa81b8119203865fdd4268170d4901d497724be5655ece2020f94f,data/alzheimers/MildDemented/8411f6d2-ec91-44ed-985b-0d0dbad8868d.jpg,train,dementia,dementia_MildDemented,"test,train"
62f3a6f33375f9cf8cf64bcbf4d2fdc49d6830104cc4b5628bd79fcd3701009d,data/alzheimers/MildDemented/35adee01-cbfd-4ed8-a414-96765aa0ce01.jpg,test,dementia,dementia_MildDemented,"test,train"
62f3a6f33375f9cf8cf64bcbf4d2fdc49d6830104cc4b5628bd79fcd3701009d,data/alzheimers/MildDemented/44397b60-6ebb-4e7e-b55a-96d744076086.jpg,train,dementia,dementia_MildDemented,"test,train"
ed019b6d2cafc13b0d464e9bb2911d140dd4420a40b150c76f943621516ce762,data/alzheimers/MildDemented/49524aaa-f834-4ab8-bc32-b8391d593bec.jpg,test,dementia,dementia_MildDemented,"test,train"
ed019b6d2cafc13b0d464e9bb2911d140dd4420a40b150c76f943621516ce762,data/alzheimers/MildDemented/980067dc-9bb8-49d0-b4e5-9ba3db169847.jpg,train,dementia,dementia_MildDemented,"test,train"
93b921747c0fabd2736afd2b987407a50c68682109efc5c57a225bf08ed85a8d,data/alzheimers/MildDemented/4d7eb813-60d2-45da-bed8-13e546159529.jpg,test,dementia,dementia_MildDemented,"test,train"
93b921747c0fabd2736afd2b987407a50c68682109efc5c57a225bf08ed85a8d,data/alzheimers/MildDemented/9e2041ad-8306-4b1f-b286-8ffa6073de26.jpg,train,dementia,dementia_MildDemented,"test,train"
93b921747c0fabd2736afd2b987407a50c68682109efc5c57a225bf08ed85a8d,data/alzheimers/MildDemented/a8f1d8d5-401e-4e6c-9ca9-7f52023f27b7.jpg,train,dementia,dementia_MildDemented,"test,train"
141bb412caa621b9b8d0d354bcd963bab583dd3886a8400217039b8a07daacdd,data/alzheimers/MildDemented/505bcd0a-6618-4060-b693-2dd65c4ff940.jpg,test,dementia,dementia_MildDemented,"test,train"
141bb412caa621b9b8d0d354bcd963bab583dd3886a8400217039b8a07daacdd,data/alzheimers/MildDemented/3d9094dd-d34f-4d20-9b43-f36d9c7f0ea9.jpg,train,dementia,dementia_MildDemented,"test,train"
4b7ec07590568a4c2684283b76b81b36221c49a73f17308e8a8e1dc80a11598e,data/alzheimers/MildDemented/55bee1c1-b8a0-460b-b860-d81a171cddd9.jpg,test,dementia,dementia_MildDemented,"test,train"
4b7ec07590568a4c2684283b76b81b36221c49a73f17308e8a8e1dc80a11598e,data/alzheimers/MildDemented/63414359-d522-48be-bfbf-2946e53479cb.jpg,train,dementia,dementia_MildDemented,"test,train"
4b7ec07590568a4c2684283b76b81b36221c49a73f17308e8a8e1dc80a11598e,data/alzheimers/MildDemented/a964197b-5a0c-46cd-8343-7450c00b324a.jpg,train,dementia,dementia_MildDemented,"test,train"
5653ba597db4e7c1dbe84465b30e01728545f435c798a07df4cba36af85b4a05,data/alzheimers/MildDemented/591e8694-a598-4a02-bf43-6b507a7b346f.jpg,test,dementia,dementia_MildDemented,"test,train"
5653ba597db4e7c1dbe84465b30e01728545f435c798a07df4cba36af85b4a05,data/alzheimers/MildDemented/0dec3a1d-adfe-40cb-8b52-0d8eda9030f3.jpg,train,dementia,dementia_MildDemented,"test,train"
9312ff35ea5edc5fde03f5cdb99969e3ff3c13a803db797636e07d512be56105,data/alzheimers/MildDemented/59b264a9-727a-4a2d-9752-154d73e79df9.jpg,test,dementia,dementia_MildDemented,"test,train"
9312ff35ea5edc5fde03f5cdb99969e3ff3c13a803db797636e07d512be56105,data/alzheimers/MildDemented/3045c931-418c-43b0-8e7f-dded905b4210.jpg,train,dementia,dementia_MildDemented,"test,train"
9312ff35ea5edc5fde03f5cdb99969e3ff3c13a803db797636e07d512be56105,data/alzheimers/MildDemented/aac67657-d185-4ce6-9660-062549a14f54.jpg,train,dementia,dementia_MildDemented,"test,train"
e2fabf5432a7e319283493f798080e98de897d9f21ece5854deb3124ef2374c2,data/alzheimers/MildDemented/646de98a-1763-4415-8b05-82ed482d537d.jpg,test,dementia,dementia_MildDemented,"test,val"
e2fabf5432a7e319283493f798080e98de897d9f21ece5854deb3124ef2374c2,data/alzheimers/MildDemented/303c1b70-c90e-4862-a341-c3085d615e30.jpg,val,dementia,dementia_MildDemented,"test,val"
e2fabf5432a7e319283493f798080e98de897d9f21ece5854deb3124ef2374c2,data/alzheimers/MildDemented/f88152bb-a358-411d-88a7-4e778b6486f8.jpg,val,dementia,dementia_MildDemented,"test,val"
c0ac7f3d1af781002c97453750d1d8839a7549377be8dc8505cfbb4930b59f4e,data/alzheimers/MildDemented/78530356-6c41-4388-9a8f-0703c799dc30.jpg,test,dementia,dementia_MildDemented,"test,val"
c0ac7f3d1af781002c97453750d1d8839a7549377be8dc8505cfbb4930b59f4e,data/alzheimers/MildDemented/e15d974a-9686-47fa-9a09-b1f1bb192865.jpg,val,dementia,dementia_MildDemented,"test,val"
d240b0cff6c276b2036c9c68bb7e83c922c9f0c6c980b9094a783cb0a74144d1,data/alzheimers/MildDemented/81088830-a896-4734-a4bd-ff08d26ca50a.jpg,test,dementia,dementia_MildDemented,"test,train"
d240b0cff6c276b2036c9c68bb7e83c922c9f0c6c980b9094a783cb0a74144d1,data/alzheimers/MildDemented/55c59924-fab7-4212-9ee0-3c956b52791b.jpg,train,dementia,dementia_MildDemented,"test,train"
902b57318dc3d09994410172a6a3cf7e0aefb68989119fdf2879d5b1562262b5,data/alzheimers/MildDemented/8962d027-2e54-4e6e-9756-df7434478ae3.jpg,test,dementia,dementia_MildDemented,"test,train"
902b57318dc3d09994410172a6a3cf7e0aefb68989119fdf2879d5b1562262b5,data/alzheimers/MildDemented/980dcfc1-2146-45fd-8146-1a6cc8f8e453.jpg,train,dementia,dementia_MildDemented,"test,train"
347b10087957ca890c5a1e931ada4275e386b191949ef6a5ce79835a0b6f5959,data/alzheimers/MildDemented/8b099bbb-eef7-4524-879d-9dd2c4161d11.jpg,test,dementia,dementia_MildDemented,"test,train"
347b10087957ca890c5a1e931ada4275e386b191949ef6a5ce79835a0b6f5959,data/alzheimers/MildDemented/43605372-d40a-4e79-b02d-21ac6c13c696.jpg,train,dementia,dementia_MildDemented,"test,train"
4c56ec41c8ca608bbfb6a458a07a1a6d432e17cc3589e84dc25a25bc658f8eba,data/alzheimers/MildDemented/ab1bb416-b4f9-44db-bc39-620888f76e88.jpg,test,dementia,dementia_MildDemented,"test,val"
4c56ec41c8ca608bbfb6a458a07a1a6d432e17cc3589e84dc25a25bc658f8eba,data/alzheimers/MildDemented/8fe6e91f-3375-418d-bbcc-187048115456.jpg,val,dementia,dementia_MildDemented,"test,val"
8b75a867b08cd8340c756d2fa028b83a2f81b9a14099c30b8ca09684b8a77b66,data/alzheimers/MildDemented/b63947f6-d8f4-4cfe-8be2-a5885842b069.jpg,test,dementia,dementia_MildDemented,"test,val"
8b75a867b08cd8340c756d2fa028b83a2f81b9a14099c30b8ca09684b8a77b66,data/alzheimers/MildDemented/df26c9b7-276b-4d73-bcee-c9d72f656a05.jpg,val,dementia,dementia_MildDemented,"test,val"
493cc3de34bb865efd70e115260d24c321ea8d657e2fb77be69b3c7651feeac6,data/alzheimers/MildDemented/bc9e3029-b516-403d-9b8e-06574476de26.jpg,test,dementia,dementia_MildDemented,"test,train"
493cc3de34bb865efd70e115260d24c321ea8d657e2fb77be69b3c7651feeac6,data/alzheimers/MildDemented/d8c9744f-5ea5-498d-9174-e588a6bf5082.jpg,train,dementia,dementia_MildDemented,"test,train"
59bae9835842cf2b6d2818c05525e12bf655834c68a068305167fbfc697f5e11,data/alzheimers/MildDemented/c78bae1b-c038-4c62-a365-f83ebc96a5bc.jpg,test,dementia,dementia_MildDemented,"test,train"
59bae9835842cf2b6d2818c05525e12bf655834c68a068305167fbfc697f5e11,data/alzheimers/MildDemented/73f31462-5611-41d8-b170-59c55486e45c.jpg,train,dementia,dementia_MildDemented,"test,train"
4d6257524b5fcef75ae3ab72a9ee290cb2cdd14d072ca27313428d0c30add0fc,data/alzheimers/MildDemented/cc61852e-db6d-48d2-9d1f-68ccb2fa131b.jpg,test,dementia,dementia_MildDemented,"test,val"
4d6257524b5fcef75ae3ab72a9ee290cb2cdd14d072ca27313428d0c30add0fc,data/alzheimers/MildDemented/87ee85b9-69f0-48ab-b16d-5936ebc3b370.jpg,val,dementia,dementia_MildDemented,"test,val"
11376fa3e479544e98838896eda0a55e2a5822d67b7155805091652c74391eb8,data/alzheimers/MildDemented/d1ab217f-b14b-4f19-925d-a8695b5bb466.jpg,test,dementia,dementia_MildDemented,"test,train"
11376fa3e479544e98838896eda0a55e2a5822d67b7155805091652c74391eb8,data/alzheimers/MildDemented/31b6d19a-0e53-43db-85d5-8f44e5faa959.jpg,train,dementia,dementia_MildDemented,"test,train"
11376fa3e479544e98838896eda0a55e2a5822d67b7155805091652c74391eb8,data/alzheimers/MildDemented/94907192-ac1b-449b-b532-e5351c57556b.jpg,train,dementia,dementia_MildDemented,"test,train"
dfe349bd1166c0e92e42bc105254fb93ff33f199374d290e0c5adfb5bb41a156,data/alzheimers/MildDemented/d9e1b0d0-016f-42fa-8fae-ed1bab3135ba.jpg,test,dementia,dementia_MildDemented,"test,train"
dfe349bd1166c0e92e42bc105254fb93ff33f199374d290e0c5adfb5bb41a156,data/alzheimers/MildDemented/3aaa09a6-1a23-4dd5-827b-82240576086e.jpg,train,dementia,dementia_MildDemented,"test,train"
9a6c5c2c1b638e1914b4f5331f1e51f870227b5d98597713046ab1e23133075f,data/alzheimers/MildDemented/e3930401-0253-4cfd-b0e9-68950d16f741.jpg,test,dementia,dementia_MildDemented,"test,train"
9a6c5c2c1b638e1914b4f5331f1e51f870227b5d98597713046ab1e23133075f,data/alzheimers/MildDemented/dfe748c3-7071-4c76-a27b-50ffb96b1f47.jpg,train,dementia,dementia_MildDemented,"test,train"
44f7973672d1ee9b18b7a40df4f43e19f42a9613ee3c622d9d741572948a8498,data/alzheimers/MildDemented/ee5e55c8-e65c-4d56-a185-98816d08c36b.jpg,test,dementia,dementia_MildDemented,"test,train"
44f7973672d1ee9b18b7a40df4f43e19f42a9613ee3c622d9d741572948a8498,data/alzheimers/MildDemented/36d066b7-8d4b-48a7-8396-fe59867fc8d6.jpg,train,dementia,dementia_MildDemented,"test,train"
4c38f1e55e37884812e64ea54d62b118d07320d4fb17c4dab4a1cb3b934e00e6,data/alzheimers/ModerateDemented/038d9e9c-f1f1-41dc-bd44-8e155b619d3f.jpg,test,dementia,dementia_ModerateDemented,"test,train"
4c38f1e55e37884812e64ea54d62b118d07320d4fb17c4dab4a1cb3b934e00e6,data/alzheimers/ModerateDemented/20315ef9-e979-42dd-9284-418374716fcc.jpg,test,dementia,dementia_ModerateDemented,"test,train"
4c38f1e55e37884812e64ea54d62b118d07320d4fb17c4dab4a1cb3b934e00e6,data/alzheimers/ModerateDemented/1ae2a870-0ffd-4570-8122-2d9d32e1fb61.jpg,train,dementia,dementia_ModerateDemented,"test,train"
4c38f1e55e37884812e64ea54d62b118d07320d4fb17c4dab4a1cb3b934e00e6,data/alzheimers/ModerateDemented/5ef736bd-61f5-426f-b464-184f9725635e.jpg,train,dementia,dementia_ModerateDemented,"test,train"
4c38f1e55e37884812e64ea54d62b118d07320d4fb17c4dab4a1cb3b934e00e6,data/alzheimers/ModerateDemented/7792a9d7-30f5-4f94-a536-06414212da53.jpg,train,dementia,dementia_ModerateDemented,"test,train"
4c38f1e55e37884812e64ea54d62b118d07320d4fb17c4dab4a1cb3b934e00e6,data/alzheimers/ModerateDemented/e40c2582-742a-4770-9969-808c25c5a5c9.jpg,train,dementia,dementia_ModerateDemented,"test,train"
4c38f1e55e37884812e64ea54d62b118d07320d4fb17c4dab4a1cb3b934e00e6,data/alzheimers/ModerateDemented/eb6ebdf7-7aea-4f4d-98ad-23374ae18ea1.jpg,train,dementia,dementia_ModerateDemented,"test,train"
34ae88e35ddeef5353de346327efedef8732168d898f36bcb64d0e11f7a42673,data/alzheimers/ModerateDemented/05117d65-77df-4a0d-b25e-1130ebaab534.jpg,test,dementia,dementia_ModerateDemented,"test,train"
34ae88e35ddeef5353de346327efedef8732168d898f36bcb64d0e11f7a42673,data/alzheimers/ModerateDemented/62912fb3-0c43-44bc-9508-623c433a48f4.jpg,test,dementia,dementia_ModerateDemented,"test,train"
34ae88e35ddeef5353de346327efedef8732168d898f36bcb64d0e11f7a42673,data/alzheimers/ModerateDemented/93bcace8-44d4-44cd-baf6-3fa5b0edb657.jpg,train,dementia,dementia_ModerateDemented,"test,train"
34ae88e35ddeef5353de346327efedef8732168d898f36bcb64d0e11f7a42673,data/alzheimers/ModerateDemented/ac5fd48d-b17e-417d-b2cd-e3cb01ab40fa.jpg,train,dementia,dementia_ModerateDemented,"test,train"
34ae88e35ddeef5353de346327efedef8732168d898f36bcb64d0e11f7a42673,data/alzheimers/ModerateDemented/b76f0e70-c25e-47fa-8f52-2081b32669a6.jpg,train,dementia,dementia_ModerateDemented,"test,train"
34ae88e35ddeef5353de346327efedef8732168d898f36bcb64d0e11f7a42673,data/alzheimers/ModerateDemented/d08adb49-6fa4-466f-ac21-447a62974bf0.jpg,train,dementia,dementia_ModerateDemented,"test,train"
34ae88e35ddeef5353de346327efedef8732168d898f36bcb64d0e11f7a42673,data/alzheimers/ModerateDemented/db221e8a-6429-4b6d-8e71-646a66168769.jpg,train,dementia,dementia_ModerateDemented,"test,train"
34ae88e35ddeef5353de346327efedef8732168d898f36bcb64d0e11f7a42673,data/alzheimers/ModerateDemented/f3d2656a-3f16-43fb-aa83-427ed03bf801.jpg,train,dementia,dementia_ModerateDemented,"test,train"
6f718e33031145fa5ef4fde1899c5277c5a122c6fe2d2975dfc06a318e8588b2,data/alzheimers/ModerateDemented/0565f244-eb15-434d-976c-f9eeaa6704ba.jpg,test,dementia,dementia_ModerateDemented,"test,train"
6f718e33031145fa5ef4fde1899c5277c5a122c6fe2d2975dfc06a318e8588b2,data/alzheimers/ModerateDemented/4ccf1da6-dacc-408e-86ec-50e14d96c3bd.jpg,test,dementia,dementia_ModerateDemented,"test,train"
6f718e33031145fa5ef4fde1899c5277c5a122c6fe2d2975dfc06a318e8588b2,data/alzheimers/ModerateDemented/692726b0-23ed-4e53-b73a-74e24a09c26b.jpg,train,dementia,dementia_ModerateDemented,"test,train"
6f718e33031145fa5ef4fde1899c5277c5a122c6fe2d2975dfc06a318e8588b2,data/alzheimers/ModerateDemented/812e26a3-5c18-45d6-9c7b-bf50a02f5473.jpg,train,dementia,dementia_ModerateDemented,"test,train"
6f718e33031145fa5ef4fde1899c5277c5a122c6fe2d2975dfc06a318e8588b2,data/alzheimers/ModerateDemented/8eec1f5f-aea5-4feb-b9f8-0980824a529c.jpg,train,dementia,dementia_ModerateDemented,"test,train"
6f718e33031145fa5ef4fde1899c5277c5a122c6fe2d2975dfc06a318e8588b2,data/alzheimers/ModerateDemented/d7c3a2a1-7748-4f93-9405-9dacbf0808a0.jpg,train,dementia,dementia_ModerateDemented,"test,train"
9c73a33a4ee191f00c23cb8616899155287fa32903e5126472b5dfc39ae7c58c,data/alzheimers/ModerateDemented/0d3df21a-3e67-47e3-8732-e5db056f0ce2.jpg,test,dementia,dementia_ModerateDemented,"test,train,val"
9c73a33a4ee191f00c23cb8616899155287fa32903e5126472b5dfc39ae7c58c,data/alzheimers/ModerateDemented/2dc5a9f0-ee4c-4bae-b8a5-858eefd19f51.jpg,train,dementia,dementia_ModerateDemented,"test,train,val"
9c73a33a4ee191f00c23cb8616899155287fa32903e5126472b5dfc39ae7c58c,data/alzheimers/ModerateDemented/61dd369b-ff1b-409c-82a6-0e56cb3c70a9.jpg,train,dementia,dementia_ModerateDemented,"test,train,val"
9c73a33a4ee191f00c23cb8616899155287fa32903e5126472b5dfc39ae7c58c,data/alzheimers/ModerateDemented/6df064dd-1932-40fa-82e1-deb8059ce735.jpg,train,dementia,dementia_ModerateDemented,"test,train,val"
9c73a33a4ee191f00c23cb8616899155287fa32903e5126472b5dfc39ae7c58c,data/alzheimers/ModerateDemented/dccd67a1-8aa4-4cee-9724-f1edd9d84f31.jpg,train,dementia,dementia_ModerateDemented,"test,train,val"
9c73a33a4ee191f00c23cb8616899155287fa32903e5126472b5dfc39ae7c58c,data/alzheimers/ModerateDemented/da9e6b7f-6997-4dc3-9745-a627287c86c8.jpg,val,dementia,dementia_ModerateDemented,"test,train,val"
9c73a33a4ee191f00c23cb8616899155287fa32903e5126472b5dfc39ae7c58c,data/alzheimers/ModerateDemented/fea35e1d-f91b-4a13-a34d-484dfef5d017.jpg,val,dementia,dementia_ModerateDemented,"test,train,val"
d513d9dc8f12aeb1efa4f001298efbd966bdb51b9c2e76f134f9df50ee2b3f2e,data/alzheimers/ModerateDemented/0e89b875-bfda-4579-8746-681fc6dd0790.jpg,test,dementia,dementia_ModerateDemented,"test,train"
d513d9dc8f12aeb1efa4f001298efbd966bdb51b9c2e76f134f9df50ee2b3f2e,data/alzheimers/ModerateDemented/1d97a90f-a44d-4805-ae90-23a56339b262.jpg,train,dementia,dementia_ModerateDemented,"test,train"
d513d9dc8f12aeb1efa4f001298efbd966bdb51b9c2e76f134f9df50ee2b3f2e,data/alzheimers/ModerateDemented/225785dc-5864-473b-a044-713247f47ade.jpg,train,dementia,dementia_ModerateDemented,"test,train"
d513d9dc8f12aeb1efa4f001298efbd966bdb51b9c2e76f134f9df50ee2b3f2e,data/alzheimers/ModerateDemented/26ad45c3-e0ed-4433-ad92-d9b4517cee45.jpg,train,dementia,dementia_ModerateDemented,"test,train"
d513d9dc8f12aeb1efa4f001298efbd966bdb51b9c2e76f134f9df50ee2b3f2e,data/alzheimers/ModerateDemented/4f144e87-4915-46e2-8916-fd48348bcb5c.jpg,train,dementia,dementia_ModerateDemented,"test,train"
3168747b234857f61214f6d40e9380b17829644288362826cfc6c6e85ade5d9a,data/alzheimers/ModerateDemented/12c95cb3-8164-4d06-8d6f-ac148819710f.jpg,test,dementia,dementia_ModerateDemented,"test,train"
3168747b234857f61214f6d40e9380b17829644288362826cfc6c6e85ade5d9a,data/alzheimers/ModerateDemented/61b79586-ee09-46d8-8bbb-91774e187124.jpg,test,dementia,dementia_ModerateDemented,"test,train"
3168747b234857f61214f6d40e9380b17829644288362826cfc6c6e85ade5d9a,data/alzheimers/ModerateDemented/1d11f020-0223-447d-a204-71a1d6177be0.jpg,train,dementia,dementia_ModerateDemented,"test,train"
3168747b234857f61214f6d40e9380b17829644288362826cfc6c6e85ade5d9a,data/alzheimers/ModerateDemented/53dbf9cd-9f64-4166-a944-0710227b155c.jpg,train,dementia,dementia_ModerateDemented,"test,train"
3168747b234857f61214f6d40e9380b17829644288362826cfc6c6e85ade5d9a,data/alzheimers/ModerateDemented/6371a976-832c-477e-b869-023ee36de4ce.jpg,train,dementia,dementia_ModerateDemented,"test,train"
3168747b234857f61214f6d40e9380b17829644288362826cfc6c6e85ade5d9a,data/alzheimers/ModerateDemented/7faf857a-e2a2-4a71-a972-70ec337ea9e1.jpg,train,dementia,dementia_ModerateDemented,"test,train"
3168747b234857f61214f6d40e9380b17829644288362826cfc6c6e85ade5d9a,data/alzheimers/ModerateDemented/a15d5e05-979e-4788-b64d-7a05a4225c98.jpg,train,dementia,dementia_ModerateDemented,"test,train"
3168747b234857f61214f6d40e9380b17829644288362826cfc6c6e85ade5d9a,data/alzheimers/ModerateDemented/b5307f1a-9c77-47d8-b06c-b5c06a7362b5.jpg,train,dementia,dementia_ModerateDemented,"test,train"
3168747b234857f61214f6d40e9380b17829644288362826cfc6c6e85ade5d9a,data/alzheimers/ModerateDemented/d932729e-ba8c-461c-8e86-91f61dc4aee0.jpg,train,dementia,dementia_ModerateDemented,"test,train"
3168747b234857f61214f6d40e9380b17829644288362826cfc6c6e85ade5d9a,data/alzheimers/ModerateDemented/f582ff03-4df5-4c6f-8999-d3e49d1c9b03.jpg,train,dementia,dementia_ModerateDemented,"test,train"
e64fe435717a4a0d30900bf2306149879eeea822f861daa4abc896994dd2cdf2,data/alzheimers/ModerateDemented/1b8e4932-f62c-4a18-95e8-fc4d5d670ce3.jpg,test,dementia,dementia_ModerateDemented,"test,train,val"
e64fe435717a4a0d30900bf2306149879eeea822f861daa4abc896994dd2cdf2,data/alzheimers/ModerateDemented/c1eede38-bea5-47db-94f6-66c9baa2cdb2.jpg,test,dementia,dementia_ModerateDemented,"test,train,val"
e64fe435717a4a0d30900bf2306149879eeea822f861daa4abc896994dd2cdf2,data/alzheimers/ModerateDemented/38279754-6738-45d6-9fa8-b9b2af659972.jpg,train,dementia,dementia_ModerateDemented,"test,train,val"
e64fe435717a4a0d30900bf2306149879eeea822f861daa4abc896994dd2cdf2,data/alzheimers/ModerateDemented/51987e7f-c624-449c-bd13-d93fbcc5c247.jpg,train,dementia,dementia_ModerateDemented,"test,train,val"
e64fe435717a4a0d30900bf2306149879eeea822f861daa4abc896994dd2cdf2,data/alzheimers/ModerateDemented/73825f50-5cc7-4d4a-8a43-5204e4243ed1.jpg,train,dementia,dementia_ModerateDemented,"test,train,val"
e64fe435717a4a0d30900bf2306149879eeea822f861daa4abc896994dd2cdf2,data/alzheimers/ModerateDemented/edbb052f-620d-490f-9ac0-07f9176c02a1.jpg,train,dementia,dementia_ModerateDemented,"test,train,val"
e64fe435717a4a0d30900bf2306149879eeea822f861daa4abc896994dd2cdf2,data/alzheimers/ModerateDemented/80f09470-162d-4265-85a1-5a6aa1093030.jpg,val,dementia,dementia_ModerateDemented,"test,train,val"
623d9cdd4c96b985239d48ebcbbb11dd81d375f8e2142556e8cc0cc434efe474,data/alzheimers/ModerateDemented/1da53c9e-cfc3-46b1-a75d-f27fdf5f85cf.jpg,test,dementia,dementia_ModerateDemented,"test,train"
623d9cdd4c96b985239d48ebcbbb11dd81d375f8e2142556e8cc0cc434efe474,data/alzheimers/ModerateDemented/3237edb4-e47c-4ff1-92bb-6aa365508869.jpg,test,dementia,dementia_ModerateDemented,"test,train"
623d9cdd4c96b985239d48ebcbbb11dd81d375f8e2142556e8cc0cc434efe474,data/alzheimers/ModerateDemented/545b1390-ee67-4d8d-9bec-9aeaa1cbc13c.jpg,train,dementia,dementia_ModerateDemented,"test,train"
623d9cdd4c96b985239d48ebcbbb11dd81d375f8e2142556e8cc0cc434efe474,data/alzheimers/ModerateDemented/d0ba9fc1-a6d6-4ff0-b88b-e7367a910b86.jpg,train,dementia,dementia_ModerateDemented,"test,train"
eee73ea36f4991a594341837f68f45a3847200d1bfbccf60cb85dfdf9d102518,data/alzheimers/ModerateDemented/2506f088-8b1b-4ffd-a2ea-bad446adea37.jpg,test,dementia,dementia_ModerateDemented,"test,train"
eee73ea36f4991a594341837f68f45a3847200d1bfbccf60cb85dfdf9d102518,data/alzheimers/ModerateDemented/94af0e60-d7f3-4d5b-a6d5-f43fc1012de7.jpg,test,dementia,dementia_ModerateDemented,"test,train"
eee73ea36f4991a594341837f68f45a3847200d1bfbccf60cb85dfdf9d102518,data/alzheimers/ModerateDemented/22f6c01e-3586-4420-9f20-f027c8dcaed1.jpg,train,dementia,dementia_ModerateDemented,"test,train"
eee73ea36f4991a594341837f68f45a3847200d1bfbccf60cb85dfdf9d102518,data/alzheimers/ModerateDemented/29597a56-f231-4449-b81d-9abe138a1612.jpg,train,dementia,dementia_ModerateDemented,"test,train"
eee73ea36f4991a594341837f68f45a3847200d1bfbccf60cb85dfdf9d102518,data/alzheimers/ModerateDemented/47f2a7e0-b760-40c7-98e0-84aa877e831d.jpg,train,dementia,dementia_ModerateDemented,"test,train"
eee73ea36f4991a594341837f68f45a3847200d1bfbccf60cb85dfdf9d102518,data/alzheimers/ModerateDemented/862bec63-2cb2-4662-bd04-6132f2ff9770.jpg,train,dementia,dementia_ModerateDemented,"test,train"
eee73ea36f4991a594341837f68f45a3847200d1bfbccf60cb85dfdf9d102518,data/alzheimers/ModerateDemented/96b84cc7-2c93-4d96-8fb0-b336c19f211a.jpg,train,dementia,dementia_ModerateDemented,"test,train"
eee73ea36f4991a594341837f68f45a3847200d1bfbccf60cb85dfdf9d102518,data/alzheimers/ModerateDemented/bc74078d-d1b2-45e2-8be8-5ef73f5e16a6.jpg,train,dementia,dementia_ModerateDemented,"test,train"
eee73ea36f4991a594341837f68f45a3847200d1bfbccf60cb85dfdf9d102518,data/alzheimers/ModerateDemented/f10490a9-f405-4df4-a09f-cac12d9bd185.jpg,train,dementia,dementia_ModerateDemented,"test,train"
1c4b4624ebf9e992724332a2aa40194e29ba59f96860abef0612a97a804a9f1e,data/alzheimers/ModerateDemented/256c23d0-34af-47b0-b8ed-b3905bc53327.jpg,test,dementia,dementia_ModerateDemented,"test,train,val"
1c4b4624ebf9e992724332a2aa40194e29ba59f96860abef0612a97a804a9f1e,data/alzheimers/ModerateDemented/c0f5f89f-265d-4470-996e-660701a8be02.jpg,test,dementia,dementia_ModerateDemented,"test,train,val"
1c4b4624ebf9e992724332a2aa40194e29ba59f96860abef0612a97a804a9f1e,data/alzheimers/ModerateDemented/ce192dc9-8e5e-4262-9f90-62d8618a2d19.jpg,test,dementia,dementia_ModerateDemented,"test,train,val"
1c4b4624ebf9e992724332a2aa40194e29ba59f96860abef0612a97a804a9f1e,data/alzheimers/ModerateDemented/0d4b00b6-1a90-4be0-b505-0c433c94b42b.jpg,train,dementia,dementia_ModerateDemented,"test,train,val"
1c4b4624ebf9e992724332a2aa40194e29ba59f96860abef0612a97a804a9f1e,data/alzheimers/ModerateDemented/59ed0df3-7056-4af9-950e-d92a0f45e5b2.jpg,train,dementia,dementia_ModerateDemented,"test,train,val"
1c4b4624ebf9e992724332a2aa40194e29ba59f96860abef0612a97a804a9f1e,data/alzheimers/ModerateDemented/5b82295a-e872-4e4c-bf48-4b7092600c54.jpg,train,dementia,dementia_ModerateDemented,"test,train,val"
1c4b4624ebf9e992724332a2aa40194e29ba59f96860abef0612a97a804a9f1e,data/alzheimers/ModerateDemented/8a232286-a475-4ea6-90de-4573c6a7e23c.jpg,train,dementia,dementia_ModerateDemented,"test,train,val"
1c4b4624ebf9e992724332a2aa40194e29ba59f96860abef0612a97a804a9f1e,data/alzheimers/ModerateDemented/c30a4ad4-e84b-42a3-b359-fcbd2bd68622.jpg,train,dementia,dementia_ModerateDemented,"test,train,val"
1c4b4624ebf9e992724332a2aa40194e29ba59f96860abef0612a97a804a9f1e,data/alzheimers/ModerateDemented/d20c762e-df38-4ec0-8eab-a7140f27a7d6.jpg,train,dementia,dementia_ModerateDemented,"test,train,val"
1c4b4624ebf9e992724332a2aa40194e29ba59f96860abef0612a97a804a9f1e,data/alzheimers/ModerateDemented/38f9fa88-134b-4be1-a48c-a4f78dcf5df0.jpg,val,dementia,dementia_ModerateDemented,"test,train,val"
a23989fc23a8742890e5e3ee133c303f5914296a0d509d928fd6744ff3f56b42,data/alzheimers/ModerateDemented/2d80315c-1093-4b59-ba04-d9d11d4b8467.jpg,test,dementia,dementia_ModerateDemented,"test,train"
a23989fc23a8742890e5e3ee133c303f5914296a0d509d928fd6744ff3f56b42,data/alzheimers/ModerateDemented/6bb18b95-dfa4-446a-ab6a-84781abb0d9f.jpg,test,dementia,dementia_ModerateDemented,"test,train"
a23989fc23a8742890e5e3ee133c303f5914296a0d509d928fd6744ff3f56b42,data/alzheimers/ModerateDemented/f1e938dc-5418-4301-9447-6c0647870439.jpg,test,dementia,dementia_ModerateDemented,"test,train"
a23989fc23a8742890e5e3ee133c303f5914296a0d509d928fd6744ff3f56b42,data/alzheimers/ModerateDemented/82fdfd38-10f8-461d-b438-c9b0d0ed9d61.jpg,train,dementia,dementia_ModerateDemented,"test,train"
a23989fc23a8742890e5e3ee133c303f5914296a0d509d928fd6744ff3f56b42,data/alzheimers/ModerateDemented/9095eb15-1e2b-45df-841a-631e4af43b3f.jpg,train,dementia,dementia_ModerateDemented,"test,train"
a23989fc23a8742890e5e3ee133c303f5914296a0d509d928fd6744ff3f56b42,data/alzheimers/ModerateDemented/a7f0f49f-c124-40ff-af69-53504d068bb1.jpg,train,dementia,dementia_ModerateDemented,"test,train"
a23989fc23a8742890e5e3ee133c303f5914296a0d509d928fd6744ff3f56b42,data/alzheimers/ModerateDemented/b9acf86f-a06c-4780-846e-4459dae00051.jpg,train,dementia,dementia_ModerateDemented,"test,train"
93976c520f118708547e0c6da296c9295b38c743006683603a6d6acdd6cf117f,data/alzheimers/ModerateDemented/2e888922-cbdf-4200-bb33-dafd0dc6f5c9.jpg,test,dementia,dementia_ModerateDemented,"test,train"
93976c520f118708547e0c6da296c9295b38c743006683603a6d6acdd6cf117f,data/alzheimers/ModerateDemented/c4fe9901-ca17-4c92-8177-cd957ad58729.jpg,test,dementia,dementia_ModerateDemented,"test,train"
93976c520f118708547e0c6da296c9295b38c743006683603a6d6acdd6cf117f,data/alzheimers/ModerateDemented/85689c65-75a4-4c96-9499-98486fe55a51.jpg,train,dementia,dementia_ModerateDemented,"test,train"
93976c520f118708547e0c6da296c9295b38c743006683603a6d6acdd6cf117f,data/alzheimers/ModerateDemented/a1b9b624-53d6-43f5-a4ac-71d5168dc645.jpg,train,dementia,dementia_ModerateDemented,"test,train"
93976c520f118708547e0c6da296c9295b38c743006683603a6d6acdd6cf117f,data/alzheimers/ModerateDemented/cf8935cd-e840-45d4-ab2c-12c46d9bdb57.jpg,train,dementia,dementia_ModerateDemented,"test,train"
93976c520f118708547e0c6da296c9295b38c743006683603a6d6acdd6cf117f,data/alzheimers/ModerateDemented/f8c1f0e5-42e9-47e8-83f7-b65c49b6af98.jpg,train,dementia,dementia_ModerateDemented,"test,train"
a0366e88279c5346eef7a73e9c5ce55feb756be87dd5c8a16b4070a7ee4d9b0c,data/alzheimers/ModerateDemented/2eb82764-d842-47b3-b098-066f60b511ef.jpg,test,dementia,dementia_ModerateDemented,"test,train,val"
a0366e88279c5346eef7a73e9c5ce55feb756be87dd5c8a16b4070a7ee4d9b0c,data/alzheimers/ModerateDemented/3a07aae0-c731-4c2c-8bd4-b808052cf317.jpg,train,dementia,dementia_ModerateDemented,"test,train,val"
a0366e88279c5346eef7a73e9c5ce55feb756be87dd5c8a16b4070a7ee4d9b0c,data/alzheimers/ModerateDemented/dfd7c50a-5608-485c-9764-781e94bdf93c.jpg,train,dementia,dementia_ModerateDemented,"test,train,val"
a0366e88279c5346eef7a73e9c5ce55feb756be87dd5c8a16b4070a7ee4d9b0c,data/alzheimers/ModerateDemented/e6b4ed95-8481-4764-8166-4acd68c7e14e.jpg,train,dementia,dementia_ModerateDemented,"test,train,val"
a0366e88279c5346eef7a73e9c5ce55feb756be87dd5c8a16b4070a7ee4d9b0c,data/alzheimers/ModerateDemented/f07efb4a-6113-4055-bc07-12afcac24623.jpg,train,dementia,dementia_ModerateDemented,"test,train,val"
a0366e88279c5346eef7a73e9c5ce55feb756be87dd5c8a16b4070a7ee4d9b0c,data/alzheimers/ModerateDemented/bc36d69a-cf53-40b8-b326-684d0d26d252.jpg,val,dementia,dementia_ModerateDemented,"test,train,val"
cdd0af6bd739033130c0110fcabfc51474f55750294a4416f7c7192e19630435,data/alzheimers/ModerateDemented/380e3bb2-e11c-463c-8278-15277a8d633e.jpg,test,dementia,dementia_ModerateDemented,"test,train"
cdd0af6bd739033130c0110fcabfc51474f55750294a4416f7c7192e19630435,data/alzheimers/ModerateDemented/bf969bf1-2754-455d-a2c7-11f56cb5eada.jpg,test,dementia,dementia_ModerateDemented,"test,train"
cdd0af6bd739033130c0110fcabfc51474f55750294a4416f7c7192e19630435,data/alzheimers/ModerateDemented/1c63dcd4-98ae-4f83-ac1e-d92a40ed0f96.jpg,train,dementia,dementia_ModerateDemented,"test,train"
cdd0af6bd739033130c0110fcabfc51474f55750294a4416f7c7192e19630435,data/alzheimers/ModerateDemented/8d9b9358-4fc5-433c-a345-51c42b7f4988.jpg,train,dementia,dementia_ModerateDemented,"test,train"
cdd0af6bd739033130c0110fcabfc51474f55750294a4416f7c7192e19630435,data/alzheimers/ModerateDemented/aa1c1611-762c-42e4-bc49-051a980c8754.jpg,train,dementia,dementia_ModerateDemented,"test,train"
1f2ed9e5f47d5ed653ab45ca42d80a9148ac6bb12b4bb68a758d637e3d327609,data/alzheimers/ModerateDemented/3f0671ed-ded8-44a6-b2ec-f29e3ec306a7.jpg,test,dementia,dementia_ModerateDemented,"test,train,val"
1f2ed9e5f47d5ed653ab45ca42d80a9148ac6bb12b4bb68a758d637e3d327609,data/alzheimers/ModerateDemented/50b4bf08-764e-494b-9786-1cc992f248c2.jpg,test,dementia,dementia_ModerateDemented,"test,train,val"
1f2ed9e5f47d5ed653ab45ca42d80a9148ac6bb12b4bb68a758d637e3d327609,data/alzheimers/ModerateDemented/b3184369-cf01-4b4e-84ff-4d9d5b80f382.jpg,test,dementia,dementia_ModerateDemented,"test,train,val"
1f2ed9e5f47d5ed653ab45ca42d80a9148ac6bb12b4bb68a758d637e3d327609,data/alzheimers/ModerateDemented/4eb2b109-590a-4336-b109-4b9f73344565.jpg,train,dementia,dementia_ModerateDemented,"test,train,val"
1f2ed9e5f47d5ed653ab45ca42d80a9148ac6bb12b4bb68a758d637e3d327609,data/alzheimers/ModerateDemented/ef906ed3-ad9e-4f47-8156-3a50883c5e07.jpg,train,dementia,dementia_ModerateDemented,"test,train,val"
1f2ed9e5f47d5ed653ab45ca42d80a9148ac6bb12b4bb68a758d637e3d327609,data/alzheimers/ModerateDemented/752309c8-462a-49d9-83f7-c5ee949999fd.jpg,val,dementia,dementia_ModerateDemented,"test,train,val"
892458249756a1af993f25780ceca16e765772fb354f14fade6b49b5408edaa4,data/alzheimers/ModerateDemented/406430b8-1fd4-4058-b6a9-dcad30bf52a0.jpg,test,dementia,dementia_ModerateDemented,"test,train,val"
892458249756a1af993f25780ceca16e765772fb354f14fade6b49b5408edaa4,data/alzheimers/ModerateDemented/51c3e218-861f-42ac-8929-7910ab163fd9.jpg,test,dementia,dementia_ModerateDemented,"test,train,val"
892458249756a1af993f25780ceca16e765772fb354f14fade6b49b5408edaa4,data/alzheimers/ModerateDemented/7c4912bf-0d99-498d-8c3c-98f73470f6d7.jpg,test,dementia,dementia_ModerateDemented,"test,train,val"
892458249756a1af993f25780ceca16e765772fb354f14fade6b49b5408edaa4,data/alzheimers/ModerateDemented/77ea6fb7-02cf-41c6-a0ed-864f69c482e4.jpg,train,dementia,dementia_ModerateDemented,"test,train,val"
892458249756a1af993f25780ceca16e765772fb354f14fade6b49b5408edaa4,data/alzheimers/ModerateDemented/86d0850c-5d67-46d9-8afb-e4c554942deb.jpg,train,dementia,dementia_ModerateDemented,"test,train,val"
892458249756a1af993f25780ceca16e765772fb354f14fade6b49b5408edaa4,data/alzheimers/ModerateDemented/dc6d0ed6-6ccb-4f2d-a4ad-3cd5b94126f8.jpg,train,dementia,dementia_ModerateDemented,"test,train,val"
892458249756a1af993f25780ceca16e765772fb354f14fade6b49b5408edaa4,data/alzheimers/ModerateDemented/634fe337-0931-4cc3-a09c-d2eca55ff4c0.jpg,val,dementia,dementia_ModerateDemented,"test,train,val"
603a10183a6a60e22b4a084cc8e9e45d8da41be9ea6edc481c8956223bd5f5bb,data/alzheimers/ModerateDemented/425afdb1-bdf3-42c3-9943-bfbf7a6ff1f8.jpg,test,dementia,dementia_ModerateDemented,"test,train,val"
603a10183a6a60e22b4a084cc8e9e45d8da41be9ea6edc481c8956223bd5f5bb,data/alzheimers/ModerateDemented/3c8e9142-69fc-4d7a-8c3b-852bdd9b20e7.jpg,train,dementia,dementia_ModerateDemented,"test,train,val"
603a10183a6a60e22b4a084cc8e9e45d8da41be9ea6edc481c8956223bd5f5bb,data/alzheimers/ModerateDemented/4378ffe0-eb48-4fa1-abde-755774324ec9.jpg,train,dementia,dementia_ModerateDemented,"test,train,val"
603a10183a6a60e22b4a084cc8e9e45d8da41be9ea6edc481c8956223bd5f5bb,data/alzheimers/ModerateDemented/a0988bea-c14e-4528-aeed-5e56465b46ab.jpg,train,dementia,dementia_ModerateDemented,"test,train,val"
603a10183a6a60e22b4a084cc8e9e45d8da41be9ea6edc481c8956223bd5f5bb,data/alzheimers/ModerateDemented/d96637e1-06cb-4b3e-a176-a822c178db5c.jpg,train,dementia,dementia_ModerateDemented,"test,train,val"
603a10183a6a60e22b4a084cc8e9e45d8da41be9ea6edc481c8956223bd5f5bb,data/alzheimers/ModerateDemented/ee42f44f-fe36-4809-bcb8-a8b2b874cab8.jpg,train,dementia,dementia_ModerateDemented,"test,train,val"
603a10183a6a60e22b4a084cc8e9e45d8da41be9ea6edc481c8956223bd5f5bb,data/alzheimers/ModerateDemented/5cd5537e-1a85-41ae-bad5-0254b22abe06.jpg,val,dementia,dementia_ModerateDemented,"test,train,val"
603a10183a6a60e22b4a084cc8e9e45d8da41be9ea6edc481c8956223bd5f5bb,data/alzheimers/ModerateDemented/f939b3d7-73a4-4857-9ed2-4b04c026c708.jpg,val,dementia,dementia_ModerateDemented,"test,train,val"
805bd941672f99cb5145b69d38521a3e074bf659e1ee1aaf983747234c043a49,data/alzheimers/ModerateDemented/4268fdf2-b753-439e-8b06-8a27b409c1f7.jpg,test,dementia,dementia_ModerateDemented,"test,train"
805bd941672f99cb5145b69d38521a3e074bf659e1ee1aaf983747234c043a49,data/alzheimers/ModerateDemented/fb18dbac-29a5-490f-8dc5-cc73f9c7c4eb.jpg,test,dementia,dementia_ModerateDemented,"test,train"
805bd941672f99cb5145b69d38521a3e074bf659e1ee1aaf983747234c043a49,data/alzheimers/ModerateDemented/75f834af-dd64-4302-a4e6-ca00c8f48628.jpg,train,dementia,dementia_ModerateDemented,"test,train"
805bd941672f99cb5145b69d38521a3e074bf659e1ee1aaf983747234c043a49,data/alzheimers/ModerateDemented/9bab821d-4efb-4446-8bf7-fb617e70f9e2.jpg,train,dementia,dementia_ModerateDemented,"test,train"
805bd941672f99cb5145b69d38521a3e074bf659e1ee1aaf983747234c043a49,data/alzheimers/ModerateDemented/ab8160cd-7367-4d71-8ef8-a5947f25c84d.jpg,train,dementia,dementia_ModerateDemented,"test,train"
ef0c6da7c41071cab2494d945a3ed2c0a124523bec5584e62745fdfbd6a76826,data/alzheimers/ModerateDemented/553811ee-cda3-4cc6-8ce5-ffb430ff6df4.jpg,test,dementia,dementia_ModerateDemented,"test,train,val"
ef0c6da7c41071cab2494d945a3ed2c0a124523bec5584e62745fdfbd6a76826,data/alzheimers/ModerateDemented/217476da-d4e2-4fca-affb-fa256041b4b3.jpg,train,dementia,dementia_ModerateDemented,"test,train,val"
ef0c6da7c41071cab2494d945a3ed2c0a124523bec5584e62745fdfbd6a76826,data/alzheimers/ModerateDemented/9a93ac4b-34b8-4255-b0c4-f5562da2d786.jpg,train,dementia,dementia_ModerateDemented,"test,train,val"
ef0c6da7c41071cab2494d945a3ed2c0a124523bec5584e62745fdfbd6a76826,data/alzheimers/ModerateDemented/e4d8bf06-f406-4aed-a744-45a40fcc5202.jpg,train,dementia,dementia_ModerateDemented,"test,train,val"
ef0c6da7c41071cab2494d945a3ed2c0a124523bec5584e62745fdfbd6a76826,data/alzheimers/ModerateDemented/cdeb03ae-e575-4bc1-95b7-dc308885884d.jpg,val,dementia,dementia_ModerateDemented,"test,train,val"
ef0c6da7c41071cab2494d945a3ed2c0a124523bec5584e62745fdfbd6a76826,data/alzheimers/ModerateDemented/f033bcdf-04c2-45fb-8ea1-fd530efb2936.jpg,val,dementia,dementia_ModerateDemented,"test,train,val"
d990049b9aecc51ab04c45afc15a39e059ec4ca2c4b765b980b8bd8beb951397,data/alzheimers/ModerateDemented/55392e6e-d70e-4e7f-8a20-39edcbd56342.jpg,test,dementia,dementia_ModerateDemented,"test,train,val"
d990049b9aecc51ab04c45afc15a39e059ec4ca2c4b765b980b8bd8beb951397,data/alzheimers/ModerateDemented/62db29ad-01bf-4b76-9ec8-ec2a0c3f01ca.jpg,test,dementia,dementia_ModerateDemented,"test,train,val"
d990049b9aecc51ab04c45afc15a39e059ec4ca2c4b765b980b8bd8beb951397,data/alzheimers/ModerateDemented/7f21bdb2-6de2-46f6-9576-368c1a290471.jpg,test,dementia,dementia_ModerateDemented,"test,train,val"
d990049b9aecc51ab04c45afc15a39e059ec4ca2c4b765b980b8bd8beb951397,data/alzheimers/ModerateDemented/d30e51c3-9386-4b12-b674-dd9171568c42.jpg,test,dementia,dementia_ModerateDemented,"test,train,val"
d990049b9aecc51ab04c45afc15a39e059ec4ca2c4b765b980b8bd8beb951397,data/alzheimers/ModerateDemented/146ae5a1-3967-4c14-aabc-1c828d2b0ef0.jpg,train,dementia,dementia_ModerateDemented,"test,train,val"
d990049b9aecc51ab04c45afc15a39e059ec4ca2c4b765b980b8bd8beb951397,data/alzheimers/ModerateDemented/290d8967-fcd7-4e80-9ac6-f353830b54be.jpg,train,dementia,dementia_ModerateDemented,"test,train,val"
d990049b9aecc51ab04c45afc15a39e059ec4ca2c4b765b980b8bd8beb951397,data/alzheimers/ModerateDemented/3e0d8ca4-d56e-4564-9637-6235d44d7ceb.jpg,train,dementia,dementia_ModerateDemented,"test,train,val"
d990049b9aecc51ab04c45afc15a39e059ec4ca2c4b765b980b8bd8beb951397,data/alzheimers/ModerateDemented/8c5a56ff-04c8-44eb-a990-8e3ad25b3838.jpg,train,dementia,dementia_ModerateDemented,"test,train,val"
d990049b9aecc51ab04c45afc15a39e059ec4ca2c4b765b980b8bd8beb951397,data/alzheimers/ModerateDemented/9d3c1c19-ea68-47b6-b9aa-1fbaac5affdc.jpg,train,dementia,dementia_ModerateDemented,"test,train,val"
d990049b9aecc51ab04c45afc15a39e059ec4ca2c4b765b980b8bd8beb951397,data/alzheimers/ModerateDemented/a3491264-cd24-4959-ba58-cbfbe223859b.jpg,train,dementia,dementia_ModerateDemented,"test,train,val"
d990049b9aecc51ab04c45afc15a39e059ec4ca2c4b765b980b8bd8beb951397,data/alzheimers/ModerateDemented/07783111-2019-4075-90a9-6b9c894def82.jpg,val,dementia,dementia_ModerateDemented,"test,train,val"
d990049b9aecc51ab04c45afc15a39e059ec4ca2c4b765b980b8bd8beb951397,data/alzheimers/ModerateDemented/31b93e10-5726-4db5-a436-855c77edfb51.jpg,val,dementia,dementia_ModerateDemented,"test,train,val"
0e1dc97f77e68d705a1dc891acaee4c89fd2194f2bdfcf15e9bce80b5a38537e,data/alzheimers/ModerateDemented/55888612-d245-4b9c-a537-da34fe3b081c.jpg,test,dementia,dementia_ModerateDemented,"test,train"
0e1dc97f77e68d705a1dc891acaee4c89fd2194f2bdfcf15e9bce80b5a38537e,data/alzheimers/ModerateDemented/84192f71-a08b-4a97-a969-664ed366ece3.jpg,test,dementia,dementia_ModerateDemented,"test,train"
0e1dc97f77e68d705a1dc891acaee4c89fd2194f2bdfcf15e9bce80b5a38537e,data/alzheimers/ModerateDemented/c6ddcb68-82fe-4ee4-9097-80b86df0d511.jpg,test,dementia,dementia_ModerateDemented,"test,train"
0e1dc97f77e68d705a1dc891acaee4c89fd2194f2bdfcf15e9bce80b5a38537e,data/alzheimers/ModerateDemented/e09d09b0-884f-4948-9e2b-0c38588bd3b3.jpg,test,dementia,dementia_ModerateDemented,"test,train"
0e1dc97f77e68d705a1dc891acaee4c89fd2194f2bdfcf15e9bce80b5a38537e,data/alzheimers/ModerateDemented/33b537df-5596-437e-bc56-56425c55b5aa.jpg,train,dementia,dementia_ModerateDemented,"test,train"
0e1dc97f77e68d705a1dc891acaee4c89fd2194f2bdfcf15e9bce80b5a38537e,data/alzheimers/ModerateDemented/40d5ef77-2547-4e7c-aa58-fa507816b6ee.jpg,train,dementia,dementia_ModerateDemented,"test,train"
0e1dc97f77e68d705a1dc891acaee4c89fd2194f2bdfcf15e9bce80b5a38537e,data/alzheimers/ModerateDemented/5d59a3ba-9791-4004-87dc-4660206b1831.jpg,train,dementia,dementia_ModerateDemented,"test,train"
0e1dc97f77e68d705a1dc891acaee4c89fd2194f2bdfcf15e9bce80b5a38537e,data/alzheimers/ModerateDemented/6965d3ef-33e7-4d4c-acac-7f5769446081.jpg,train,dementia,dementia_ModerateDemented,"test,train"
0e1dc97f77e68d705a1dc891acaee4c89fd2194f2bdfcf15e9bce80b5a38537e,data/alzheimers/ModerateDemented/c5972561-d041-4bde-8492-97fd36aba0fe.jpg,train,dementia,dementia_ModerateDemented,"test,train"
79d7739b4e54a6fea28cbede1a24ac3b1e672a409dc3d8e10371b75310e549a1,data/alzheimers/ModerateDemented/57c1d37c-f401-4ca2-a2b8-bb67b59b5f01.jpg,test,dementia,dementia_ModerateDemented,"test,train,val"
79d7739b4e54a6fea28cbede1a24ac3b1e672a409dc3d8e10371b75310e549a1,data/alzheimers/ModerateDemented/1ddadbda-3d9d-4b96-9b28-545fc0e61f15.jpg,train,dementia,dementia_ModerateDemented,"test,train,val"
79d7739b4e54a6fea28cbede1a24ac3b1e672a409dc3d8e10371b75310e549a1,data/alzheimers/ModerateDemented/b31f9b84-fac1-4faa-bea4-5ea6d1339cf6.jpg,train,dementia,dementia_ModerateDemented,"test,train,val"
79d7739b4e54a6fea28cbede1a24ac3b1e672a409dc3d8e10371b75310e549a1,data/alzheimers/ModerateDemented/27237a82-ed0f-42bb-8309-a4d0c572b38f.jpg,val,dementia,dementia_ModerateDemented,"test,train,val"
1571c79606014caa01de067c7a4269dbc8757326166571e3a110e82e8afa33b6,data/alzheimers/ModerateDemented/5b786738-ca91-46ea-ac8f-ef878efadd21.jpg,test,dementia,dementia_ModerateDemented,"test,train"
1571c79606014caa01de067c7a4269dbc8757326166571e3a110e82e8afa33b6,data/alzheimers/ModerateDemented/8dc7fc82-4b0b-4ea2-9ebd-0d6913f51b3b.jpg,test,dementia,dementia_ModerateDemented,"test,train"
1571c79606014caa01de067c7a4269dbc8757326166571e3a110e82e8afa33b6,data/alzheimers/ModerateDemented/3a7509f8-e660-47cd-a71f-cfec52a6f14f.jpg,train,dementia,dementia_ModerateDemented,"test,train"
1571c79606014caa01de067c7a4269dbc8757326166571e3a110e82e8afa33b6,data/alzheimers/ModerateDemented/56459a96-5656-413b-8fce-1b6205cf1d7c.jpg,train,dementia,dementia_ModerateDemented,"test,train"
1571c79606014caa01de067c7a4269dbc8757326166571e3a110e82e8afa33b6,data/alzheimers/ModerateDemented/5b7268eb-1861-4b5d-b977-345c9a1bd8fb.jpg,train,dementia,dementia_ModerateDemented,"test,train"
1571c79606014caa01de067c7a4269dbc8757326166571e3a110e82e8afa33b6,data/alzheimers/ModerateDemented/61cb54bf-6700-48c9-91d9-bb8d86b88132.jpg,train,dementia,dementia_ModerateDemented,"test,train"
1571c79606014caa01de067c7a4269dbc8757326166571e3a110e82e8afa33b6,data/alzheimers/ModerateDemented/8d686a6a-6842-40e9-a8cb-24e29ffc0232.jpg,train,dementia,dementia_ModerateDemented,"test,train"
1571c79606014caa01de067c7a4269dbc8757326166571e3a110e82e8afa33b6,data/alzheimers/ModerateDemented/9b7df46b-1dae-4738-a4a1-1bc557475dc1.jpg,train,dementia,dementia_ModerateDemented,"test,train"
1241b93f11872f355a003b70888d50ef742401ab76d017727609d49ba0318a07,data/alzheimers/ModerateDemented/66851bfd-3a6d-4e25-8522-d4424c4d8f73.jpg,test,dementia,dementia_ModerateDemented,"test,train"
1241b93f11872f355a003b70888d50ef742401ab76d017727609d49ba0318a07,data/alzheimers/ModerateDemented/67846724-9c5b-4d59-b47d-aa1057c8caec.jpg,test,dementia,dementia_ModerateDemented,"test,train"
1241b93f11872f355a003b70888d50ef742401ab76d017727609d49ba0318a07,data/alzheimers/ModerateDemented/21915f6f-696f-4c0a-b086-997da60faddd.jpg,train,dementia,dementia_ModerateDemented,"test,train"
1241b93f11872f355a003b70888d50ef742401ab76d017727609d49ba0318a07,data/alzheimers/ModerateDemented/367b5c48-97ab-4c58-9b9c-3a2bb4ea2c63.jpg,train,dementia,dementia_ModerateDemented,"test,train"
1241b93f11872f355a003b70888d50ef742401ab76d017727609d49ba0318a07,data/alzheimers/ModerateDemented/8dbe3356-b453-493e-a5a6-93b93438b14f.jpg,train,dementia,dementia_ModerateDemented,"test,train"
1241b93f11872f355a003b70888d50ef742401ab76d017727609d49ba0318a07,data/alzheimers/ModerateDemented/b6539efe-aa7b-4cc6-b910-802483d80e3a.jpg,train,dementia,dementia_ModerateDemented,"test,train"
1241b93f11872f355a003b70888d50ef742401ab76d017727609d49ba0318a07,data/alzheimers/ModerateDemented/bc6e572b-fb07-4f42-81dd-ebe1946275f0.jpg,train,dementia,dementia_ModerateDemented,"test,train"
1241b93f11872f355a003b70888d50ef742401ab76d017727609d49ba0318a07,data/alzheimers/ModerateDemented/fac751d9-cd20-48ad-9754-83fee06ed3e9.jpg,train,dementia,dementia_ModerateDemented,"test,train"
804a1047c20a35e689bddb98313463c13e6d4a2131597101917cc7c80ab9f298,data/alzheimers/ModerateDemented/6721a7cb-90dd-4d49-8348-9cec48b0d4f2.jpg,test,dementia,dementia_ModerateDemented,"test,train"
804a1047c20a35e689bddb98313463c13e6d4a2131597101917cc7c80ab9f298,data/alzheimers/ModerateDemented/198d2a7d-a79c-4527-b08f-d9a723dbcac6.jpg,train,dementia,dementia_ModerateDemented,"test,train"
804a1047c20a35e689bddb98313463c13e6d4a2131597101917cc7c80ab9f298,data/alzheimers/ModerateDemented/45fc3d10-6603-4c74-86cc-7f057a0f428e.jpg,train,dementia,dementia_ModerateDemented,"test,train"
804a1047c20a35e689bddb98313463c13e6d4a2131597101917cc7c80ab9f298,data/alzheimers/ModerateDemented/d3025473-3a1d-42c1-9df7-30e72dea90dd.jpg,train,dementia,dementia_ModerateDemented,"test,train"
804a1047c20a35e689bddb98313463c13e6d4a2131597101917cc7c80ab9f298,data/alzheimers/ModerateDemented/d587a2bd-8bae-4b97-9569-131e87fed145.jpg,train,dementia,dementia_ModerateDemented,"test,train"
6e7fda9c5318f1a7bcf388c0f81daedb53931d8ab6d62f1e7b47ca74c2ee9bf0,data/alzheimers/ModerateDemented/67bb5307-1fb6-4716-95e6-b8efffd51f82.jpg,test,dementia,dementia_ModerateDemented,"test,train,val"
6e7fda9c5318f1a7bcf388c0f81daedb53931d8ab6d62f1e7b47ca74c2ee9bf0,data/alzheimers/ModerateDemented/95376de5-b3dc-4b86-81c9-7932051df7e3.jpg,test,dementia,dementia_ModerateDemented,"test,train,val"
6e7fda9c5318f1a7bcf388c0f81daedb53931d8ab6d62f1e7b47ca74c2ee9bf0,data/alzheimers/ModerateDemented/13e9f7a6-f831-4a0f-bb9d-ae54d5290cd8.jpg,train,dementia,dementia_ModerateDemented,"test,train,val"
6e7fda9c5318f1a7bcf388c0f81daedb53931d8ab6d62f1e7b47ca74c2ee9bf0,data/alzheimers/ModerateDemented/141574bb-8ad2-4449-9db3-8281b0876a94.jpg,train,dementia,dementia_ModerateDemented,"test,train,val"
6e7fda9c5318f1a7bcf388c0f81daedb53931d8ab6d62f1e7b47ca74c2ee9bf0,data/alzheimers/ModerateDemented/3836e659-e8ca-4c31-b1f8-97b645c89ac6.jpg,train,dementia,dementia_ModerateDemented,"test,train,val"
6e7fda9c5318f1a7bcf388c0f81daedb53931d8ab6d62f1e7b47ca74c2ee9bf0,data/alzheimers/ModerateDemented/662a8a31-2e80-44ce-8d29-6265e4679766.jpg,train,dementia,dementia_ModerateDemented,"test,train,val"
6e7fda9c5318f1a7bcf388c0f81daedb53931d8ab6d62f1e7b47ca74c2ee9bf0,data/alzheimers/ModerateDemented/d861abc2-4a8a-4c00-bcff-fc2ed5b68907.jpg,train,dementia,dementia_ModerateDemented,"test,train,val"
6e7fda9c5318f1a7bcf388c0f81daedb53931d8ab6d62f1e7b47ca74c2ee9bf0,data/alzheimers/ModerateDemented/2faa6292-d6bc-4889-bc27-48da5c54de70.jpg,val,dementia,dementia_ModerateDemented,"test,train,val"
6e7fda9c5318f1a7bcf388c0f81daedb53931d8ab6d62f1e7b47ca74c2ee9bf0,data/alzheimers/ModerateDemented/b59f9866-8beb-430b-b563-0c4c82bfdf49.jpg,val,dementia,dementia_ModerateDemented,"test,train,val"
8b4cc49c8b872a05239dadba9fd1ceb27cc954cb3b71f06582032223218ec6e4,data/alzheimers/ModerateDemented/6a9bca2f-85e6-4955-8a81-1ed5e626fa93.jpg,test,dementia,dementia_ModerateDemented,"test,train"
8b4cc49c8b872a05239dadba9fd1ceb27cc954cb3b71f06582032223218ec6e4,data/alzheimers/ModerateDemented/7186ce75-6561-477c-80be-cbfb668e65c5.jpg,test,dementia,dementia_ModerateDemented,"test,train"
8b4cc49c8b872a05239dadba9fd1ceb27cc954cb3b71f06582032223218ec6e4,data/alzheimers/ModerateDemented/bd31fd02-0df5-45df-b6db-302872f4759b.jpg,test,dementia,dementia_ModerateDemented,"test,train"
8b4cc49c8b872a05239dadba9fd1ceb27cc954cb3b71f06582032223218ec6e4,data/alzheimers/ModerateDemented/4a87dbbb-b103-4d9f-88dc-9c8560af163b.jpg,train,dementia,dementia_ModerateDemented,"test,train"
8b4cc49c8b872a05239dadba9fd1ceb27cc954cb3b71f06582032223218ec6e4,data/alzheimers/ModerateDemented/61a36c5f-b47b-4776-a0b7-2c52a3a9ea5e.jpg,train,dementia,dementia_ModerateDemented,"test,train"
8b4cc49c8b872a05239dadba9fd1ceb27cc954cb3b71f06582032223218ec6e4,data/alzheimers/ModerateDemented/765f5d50-64e0-4cc8-9763-a6e97af14adf.jpg,train,dementia,dementia_ModerateDemented,"test,train"
8b4cc49c8b872a05239dadba9fd1ceb27cc954cb3b71f06582032223218ec6e4,data/alzheimers/ModerateDemented/77695451-5b65-4284-baf9-99453098ba2a.jpg,train,dementia,dementia_ModerateDemented,"test,train"
8b4cc49c8b872a05239dadba9fd1ceb27cc954cb3b71f06582032223218ec6e4,data/alzheimers/ModerateDemented/81afc8cd-6f8a-4e1b-a278-af2c61f08c5c.jpg,train,dementia,dementia_ModerateDemented,"test,train"
8b4cc49c8b872a05239dadba9fd1ceb27cc954cb3b71f06582032223218ec6e4,data/alzheimers/ModerateDemented/c74d5243-4cc7-4cd8-8586-e483af66f774.jpg,train,dementia,dementia_ModerateDemented,"test,train"
6abfb92ff78dc45e7bb7039a85ba5b59bb993ba432a6faa0bdee3394e1d8186a,data/alzheimers/ModerateDemented/6d7ca0af-b110-432e-971c-5795e023356a.jpg,test,dementia,dementia_ModerateDemented,"test,train,val"
6abfb92ff78dc45e7bb7039a85ba5b59bb993ba432a6faa0bdee3394e1d8186a,data/alzheimers/ModerateDemented/229037c7-e1ba-4add-9f59-e5548e8a39a8.jpg,train,dementia,dementia_ModerateDemented,"test,train,val"
6abfb92ff78dc45e7bb7039a85ba5b59bb993ba432a6faa0bdee3394e1d8186a,data/alzheimers/ModerateDemented/933ea5c6-ee34-4d94-9496-4f33998888c5.jpg,train,dementia,dementia_ModerateDemented,"test,train,val"
6abfb92ff78dc45e7bb7039a85ba5b59bb993ba432a6faa0bdee3394e1d8186a,data/alzheimers/ModerateDemented/9e4b5be5-192d-46b6-b72b-45ccecb57c01.jpg,train,dementia,dementia_ModerateDemented,"test,train,val"
6abfb92ff78dc45e7bb7039a85ba5b59bb993ba432a6faa0bdee3394e1d8186a,data/alzheimers/ModerateDemented/a90c7a30-7597-4884-9811-e898f89ff5fc.jpg,train,dementia,dementia_ModerateDemented,"test,train,val"
6abfb92ff78dc45e7bb7039a85ba5b59bb993ba432a6faa0bdee3394e1d8186a,data/alzheimers/ModerateDemented/dbe74fdc-15fb-4a16-9779-d0053e881afa.jpg,train,dementia,dementia_ModerateDemented,"test,train,val"
6abfb92ff78dc45e7bb7039a85ba5b59bb993ba432a6faa0bdee3394e1d8186a,data/alzheimers/ModerateDemented/4f0c9d3f-c89b-41af-843d-b52d4d84bc41.jpg,val,dementia,dementia_ModerateDemented,"test,train,val"
55c6a3fba9969613237181a4d521e149d469d1354a7658730238e419e2090249,data/alzheimers/ModerateDemented/8c529a27-0e4c-454c-8f5b-fa0d08bf31b3.jpg,test,dementia,dementia_ModerateDemented,"test,train"
55c6a3fba9969613237181a4d521e149d469d1354a7658730238e419e2090249,data/alzheimers/ModerateDemented/cafe6bc4-b276-4384-a4bf-5bb5bd899f87.jpg,test,dementia,dementia_ModerateDemented,"test,train"
55c6a3fba9969613237181a4d521e149d469d1354a7658730238e419e2090249,data/alzheimers/ModerateDemented/7c25a778-a2e4-4ddd-b336-7766bec9bc87.jpg,train,dementia,dementia_ModerateDemented,"test,train"
55c6a3fba9969613237181a4d521e149d469d1354a7658730238e419e2090249,data/alzheimers/ModerateDemented/7e409cba-94e9-4776-9e56-17542a43d33f.jpg,train,dementia,dementia_ModerateDemented,"test,train"
55c6a3fba9969613237181a4d521e149d469d1354a7658730238e419e2090249,data/alzheimers/ModerateDemented/80b36b58-58cc-4f65-bddb-54ffb4709cdd.jpg,train,dementia,dementia_ModerateDemented,"test,train"
55c6a3fba9969613237181a4d521e149d469d1354a7658730238e419e2090249,data/alzheimers/ModerateDemented/a40e6ab0-b7eb-49d7-822a-041be7e361ee.jpg,train,dementia,dementia_ModerateDemented,"test,train"
55c6a3fba9969613237181a4d521e149d469d1354a7658730238e419e2090249,data/alzheimers/ModerateDemented/bb8e7731-84de-4d08-bb40-33f896368210.jpg,train,dementia,dementia_ModerateDemented,"test,train"
55c6a3fba9969613237181a4d521e149d469d1354a7658730238e419e2090249,data/alzheimers/ModerateDemented/c7ee5ef0-5aae-4173-93f3-a2c843e57e1e.jpg,train,dementia,dementia_ModerateDemented,"test,train"
55c6a3fba9969613237181a4d521e149d469d1354a7658730238e419e2090249,data/alzheimers/ModerateDemented/ead9ab08-73e3-431f-a900-79929184f485.jpg,train,dementia,dementia_ModerateDemented,"test,train"
1b506925e663aab9615ca41a4ebceea87cbd15995f0d3c5745b5ca55ee198c88,data/alzheimers/ModerateDemented/8d2c5f78-310e-4a46-8ab7-9b11049abe8d.jpg,test,dementia,dementia_ModerateDemented,"test,train,val"
1b506925e663aab9615ca41a4ebceea87cbd15995f0d3c5745b5ca55ee198c88,data/alzheimers/ModerateDemented/f8a44900-b58e-4351-8311-0cd61ec38088.jpg,test,dementia,dementia_ModerateDemented,"test,train,val"
1b506925e663aab9615ca41a4ebceea87cbd15995f0d3c5745b5ca55ee198c88,data/alzheimers/ModerateDemented/13d633d8-3315-42e1-9298-c37c22be7654.jpg,train,dementia,dementia_ModerateDemented,"test,train,val"
1b506925e663aab9615ca41a4ebceea87cbd15995f0d3c5745b5ca55ee198c88,data/alzheimers/ModerateDemented/3a034443-2769-465c-9641-08bb235663c1.jpg,train,dementia,dementia_ModerateDemented,"test,train,val"
1b506925e663aab9615ca41a4ebceea87cbd15995f0d3c5745b5ca55ee198c88,data/alzheimers/ModerateDemented/b4bed821-c5f3-420c-93a3-1ce17df90e0c.jpg,train,dementia,dementia_ModerateDemented,"test,train,val"
1b506925e663aab9615ca41a4ebceea87cbd15995f0d3c5745b5ca55ee198c88,data/alzheimers/ModerateDemented/53f620f3-29c3-4391-b607-486acb7340fe.jpg,val,dementia,dementia_ModerateDemented,"test,train,val"
49dc5a1e8278cee458244bd53bb11c9be0aa053aa4308609b80b095de86af03f,data/alzheimers/ModerateDemented/8d41abec-76a1-44cd-8aa8-9cc40255328e.jpg,test,dementia,dementia_ModerateDemented,"test,train,val"
49dc5a1e8278cee458244bd53bb11c9be0aa053aa4308609b80b095de86af03f,data/alzheimers/ModerateDemented/29453afe-1797-4a45-b125-7a59d5fab3a5.jpg,train,dementia,dementia_ModerateDemented,"test,train,val"
49dc5a1e8278cee458244bd53bb11c9be0aa053aa4308609b80b095de86af03f,data/alzheimers/ModerateDemented/51cb13dd-4d66-4353-a2d6-4c14a471631d.jpg,train,dementia,dementia_ModerateDemented,"test,train,val"
49dc5a1e8278cee458244bd53bb11c9be0aa053aa4308609b80b095de86af03f,data/alzheimers/ModerateDemented/667cfc54-bc7d-4279-9021-8cf375b04f73.jpg,train,dementia,dementia_ModerateDemented,"test,train,val"
49dc5a1e8278cee458244bd53bb11c9be0aa053aa4308609b80b095de86af03f,data/alzheimers/ModerateDemented/a5836670-abdd-4204-910a-e06e3d5bd354.jpg,train,dementia,dementia_ModerateDemented,"test,train,val"
49dc5a1e8278cee458244bd53bb11c9be0aa053aa4308609b80b095de86af03f,data/alzheimers/ModerateDemented/d6e35bc9-2105-4b40-8374-6a02efe12b25.jpg,train,dementia,dementia_ModerateDemented,"test,train,val"
49dc5a1e8278cee458244bd53bb11c9be0aa053aa4308609b80b095de86af03f,data/alzheimers/ModerateDemented/f9a1c76a-5993-4337-bdc5-4c5eb16bb853.jpg,train,dementia,dementia_ModerateDemented,"test,train,val"
49dc5a1e8278cee458244bd53bb11c9be0aa053aa4308609b80b095de86af03f,data/alzheimers/ModerateDemented/32f1f168-d147-4535-a91d-c1df7e723faa.jpg,val,dementia,dementia_ModerateDemented,"test,train,val"
49dc5a1e8278cee458244bd53bb11c9be0aa053aa4308609b80b095de86af03f,data/alzheimers/ModerateDemented/427dd188-4ce0-455b-9771-7d6cad9a7713.jpg,val,dementia,dementia_ModerateDemented,"test,train,val"
49dc5a1e8278cee458244bd53bb11c9be0aa053aa4308609b80b095de86af03f,data/alzheimers/ModerateDemented/c20cae2a-cf0f-4f8a-beab-424913266955.jpg,val,dementia,dementia_ModerateDemented,"test,train,val"
c26c28350488936714d0f25980b414181c10ca125de4f90e8181c74c932514f7,data/alzheimers/ModerateDemented/8e3f8bb6-d5cf-442d-b7ff-dd71d45b1b74.jpg,test,dementia,dementia_ModerateDemented,"test,train"
c26c28350488936714d0f25980b414181c10ca125de4f90e8181c74c932514f7,data/alzheimers/ModerateDemented/d020cf4b-297e-4a0f-a479-3ee19d2b80dd.jpg,test,dementia,dementia_ModerateDemented,"test,train"
c26c28350488936714d0f25980b414181c10ca125de4f90e8181c74c932514f7,data/alzheimers/ModerateDemented/23231b7c-2a84-4517-a936-865e897d4303.jpg,train,dementia,dementia_ModerateDemented,"test,train"
c26c28350488936714d0f25980b414181c10ca125de4f90e8181c74c932514f7,data/alzheimers/ModerateDemented/3beb47c5-f546-4bcc-bc39-50be952d87ee.jpg,train,dementia,dementia_ModerateDemented,"test,train"
c26c28350488936714d0f25980b414181c10ca125de4f90e8181c74c932514f7,data/alzheimers/ModerateDemented/93665060-c0ef-41e1-b948-8969fef1c494.jpg,train,dementia,dementia_ModerateDemented,"test,train"
c26c28350488936714d0f25980b414181c10ca125de4f90e8181c74c932514f7,data/alzheimers/ModerateDemented/9e5a0bec-6728-4a96-8644-1e9d18f82941.jpg,train,dementia,dementia_ModerateDemented,"test,train"
c30b8c2fbe3a6580398e402a80d4375ce9f4db83ef90097e3656b4a45b503cdd,data/alzheimers/ModerateDemented/9dbf77d3-28a5-4448-b10a-cc91fd23e193.jpg,test,dementia,dementia_ModerateDemented,"test,train"
c30b8c2fbe3a6580398e402a80d4375ce9f4db83ef90097e3656b4a45b503cdd,data/alzheimers/ModerateDemented/15221248-b369-41d9-8558-8c3f9dc880da.jpg,train,dementia,dementia_ModerateDemented,"test,train"
c30b8c2fbe3a6580398e402a80d4375ce9f4db83ef90097e3656b4a45b503cdd,data/alzheimers/ModerateDemented/1de56466-9913-4aad-9e83-92b16d180129.jpg,train,dementia,dementia_ModerateDemented,"test,train"
c30b8c2fbe3a6580398e402a80d4375ce9f4db83ef90097e3656b4a45b503cdd,data/alzheimers/ModerateDemented/2a4924e2-574c-4529-995a-1a80519a4819.jpg,train,dementia,dementia_ModerateDemented,"test,train"
c30b8c2fbe3a6580398e402a80d4375ce9f4db83ef90097e3656b4a45b503cdd,data/alzheimers/ModerateDemented/aa5996fb-aefe-4123-8777-d1ba24eacd31.jpg,train,dementia,dementia_ModerateDemented,"test,train"
c30b8c2fbe3a6580398e402a80d4375ce9f4db83ef90097e3656b4a45b503cdd,data/alzheimers/ModerateDemented/c02dc57d-645d-43f2-a11f-26053949a828.jpg,train,dementia,dementia_ModerateDemented,"test,train"
74c7127624c289570bc1f500c917da0a00a03c7e3c44d4c3c2873ea43fcc580e,data/alzheimers/ModerateDemented/9e610c51-b792-4a00-bf34-10eefae10dd3.jpg,test,dementia,dementia_ModerateDemented,"test,train,val"
74c7127624c289570bc1f500c917da0a00a03c7e3c44d4c3c2873ea43fcc580e,data/alzheimers/ModerateDemented/a14d7d4d-bdd2-4a24-9492-d234f554a8f5.jpg,test,dementia,dementia_ModerateDemented,"test,train,val"
74c7127624c289570bc1f500c917da0a00a03c7e3c44d4c3c2873ea43fcc580e,data/alzheimers/ModerateDemented/c25ba333-dcc9-4a9f-a37c-d4bd299be670.jpg,test,dementia,dementia_ModerateDemented,"test,train,val"
74c7127624c289570bc1f500c917da0a00a03c7e3c44d4c3c2873ea43fcc580e,data/alzheimers/ModerateDemented/19388af7-be0c-4324-bcbe-116acf60119d.jpg,train,dementia,dementia_ModerateDemented,"test,train,val"
74c7127624c289570bc1f500c917da0a00a03c7e3c44d4c3c2873ea43fcc580e,data/alzheimers/ModerateDemented/2b3e9380-93a0-4751-b4ab-03ed9c3dc2d8.jpg,train,dementia,dementia_ModerateDemented,"test,train,val"
74c7127624c289570bc1f500c917da0a00a03c7e3c44d4c3c2873ea43fcc580e,data/alzheimers/ModerateDemented/6753a59b-d177-448f-be0b-01a1c7d966d7.jpg,train,dementia,dementia_ModerateDemented,"test,train,val"
74c7127624c289570bc1f500c917da0a00a03c7e3c44d4c3c2873ea43fcc580e,data/alzheimers/ModerateDemented/6ff1e037-f681-496b-8e79-271f6d6694d5.jpg,train,dementia,dementia_ModerateDemented,"test,train,val"
74c7127624c289570bc1f500c917da0a00a03c7e3c44d4c3c2873ea43fcc580e,data/alzheimers/ModerateDemented/b93f3190-937c-4bac-b39c-8fee767030f8.jpg,train,dementia,dementia_ModerateDemented,"test,train,val"
74c7127624c289570bc1f500c917da0a00a03c7e3c44d4c3c2873ea43fcc580e,data/alzheimers/ModerateDemented/f8df1f42-fc78-4571-8ce3-c12efad0ba8e.jpg,train,dementia,dementia_ModerateDemented,"test,train,val"
74c7127624c289570bc1f500c917da0a00a03c7e3c44d4c3c2873ea43fcc580e,data/alzheimers/ModerateDemented/fb114965-5573-428f-b6b0-f367246baa5f.jpg,train,dementia,dementia_ModerateDemented,"test,train,val"
74c7127624c289570bc1f500c917da0a00a03c7e3c44d4c3c2873ea43fcc580e,data/alzheimers/ModerateDemented/9f30b56d-d3ea-40ca-8874-e0715fd7c2e9.jpg,val,dementia,dementia_ModerateDemented,"test,train,val"
74c7127624c289570bc1f500c917da0a00a03c7e3c44d4c3c2873ea43fcc580e,data/alzheimers/ModerateDemented/f177feab-9828-4d6f-a44a-22a2b55068f9.jpg,val,dementia,dementia_ModerateDemented,"test,train,val"
356a4d069d4f411e876c3943e4803c2c008c88af87c69e36d36c1df93f8191e5,data/alzheimers/ModerateDemented/9f365c3b-b207-4d00-a729-1239911d08e6.jpg,test,dementia,dementia_ModerateDemented,"test,train"
356a4d069d4f411e876c3943e4803c2c008c88af87c69e36d36c1df93f8191e5,data/alzheimers/ModerateDemented/6f8a30bc-ab3d-48a1-a3cb-0bf22bf15758.jpg,train,dementia,dementia_ModerateDemented,"test,train"
356a4d069d4f411e876c3943e4803c2c008c88af87c69e36d36c1df93f8191e5,data/alzheimers/ModerateDemented/beb54d28-9cae-4ad1-a8ad-d8d1df5d7910.jpg,train,dementia,dementia_ModerateDemented,"test,train"
8c7b0fb651fcc0b3c77770c47473521713d60ce91591373890233f94c5f00b7f,data/alzheimers/ModerateDemented/a4bd4b7a-6411-4635-8345-9960f5bd8f86.jpg,test,dementia,dementia_ModerateDemented,"test,train,val"
8c7b0fb651fcc0b3c77770c47473521713d60ce91591373890233f94c5f00b7f,data/alzheimers/ModerateDemented/aaf64605-0a7e-47ca-90ab-fc22ce4223d4.jpg,test,dementia,dementia_ModerateDemented,"test,train,val"
8c7b0fb651fcc0b3c77770c47473521713d60ce91591373890233f94c5f00b7f,data/alzheimers/ModerateDemented/3b80637b-b527-4eeb-80f8-6ec81bf19d1d.jpg,train,dementia,dementia_ModerateDemented,"test,train,val"
8c7b0fb651fcc0b3c77770c47473521713d60ce91591373890233f94c5f00b7f,data/alzheimers/ModerateDemented/71d92a0f-aa29-4f63-98d4-393c9e10195b.jpg,train,dementia,dementia_ModerateDemented,"test,train,val"
8c7b0fb651fcc0b3c77770c47473521713d60ce91591373890233f94c5f00b7f,data/alzheimers/ModerateDemented/d3a69fb2-67f5-4542-838f-72fc7f641ed1.jpg,train,dementia,dementia_ModerateDemented,"test,train,val"
8c7b0fb651fcc0b3c77770c47473521713d60ce91591373890233f94c5f00b7f,data/alzheimers/ModerateDemented/e007eda2-13fd-479e-adc9-8b04f4be9da1.jpg,train,dementia,dementia_ModerateDemented,"test,train,val"
8c7b0fb651fcc0b3c77770c47473521713d60ce91591373890233f94c5f00b7f,data/alzheimers/ModerateDemented/fb0d17de-3461-4071-867e-4e73402e200d.jpg,train,dementia,dementia_ModerateDemented,"test,train,val"
8c7b0fb651fcc0b3c77770c47473521713d60ce91591373890233f94c5f00b7f,data/alzheimers/ModerateDemented/1faaee25-243f-47a1-aea8-bf02ac3662b5.jpg,val,dementia,dementia_ModerateDemented,"test,train,val"
c63807bdb11d7ef596ed9d05e07f7899915bbb846382c9966430f0434df8fca5,data/alzheimers/ModerateDemented/ab0a526b-ad55-4cf4-9499-7d98af84562f.jpg,test,dementia,dementia_ModerateDemented,"test,train"
c63807bdb11d7ef596ed9d05e07f7899915bbb846382c9966430f0434df8fca5,data/alzheimers/ModerateDemented/25eb1c9a-f24d-43df-8e92-d6441ce3ccc1.jpg,train,dementia,dementia_ModerateDemented,"test,train"
c63807bdb11d7ef596ed9d05e07f7899915bbb846382c9966430f0434df8fca5,data/alzheimers/ModerateDemented/450edd44-4e95-4c2e-93bd-d4548c2bdc02.jpg,train,dementia,dementia_ModerateDemented,"test,train"
c63807bdb11d7ef596ed9d05e07f7899915bbb846382c9966430f0434df8fca5,data/alzheimers/ModerateDemented/a5180a47-8728-40d4-8805-96a45749d86c.jpg,train,dementia,dementia_ModerateDemented,"test,train"
bcb1b3caf717e7ba1304fcf1d2889bd2db584d5320bba59bd25971f3f8561c2c,data/alzheimers/ModerateDemented/b17f8300-8c51-4458-95f3-200132446780.jpg,test,dementia,dementia_ModerateDemented,"test,train"
bcb1b3caf717e7ba1304fcf1d2889bd2db584d5320bba59bd25971f3f8561c2c,data/alzheimers/ModerateDemented/5eb672e8-e914-40f6-acc1-8b9f396647f7.jpg,train,dementia,dementia_ModerateDemented,"test,train"
bcb1b3caf717e7ba1304fcf1d2889bd2db584d5320bba59bd25971f3f8561c2c,data/alzheimers/ModerateDemented/8bd32954-e81e-4d96-910f-87231c2c9209.jpg,train,dementia,dementia_ModerateDemented,"test,train"
bcb1b3caf717e7ba1304fcf1d2889bd2db584d5320bba59bd25971f3f8561c2c,data/alzheimers/ModerateDemented/b1651927-7647-4ea6-9c6b-57481bb9de30.jpg,train,dementia,dementia_ModerateDemented,"test,train"
bcb1b3caf717e7ba1304fcf1d2889bd2db584d5320bba59bd25971f3f8561c2c,data/alzheimers/ModerateDemented/d0b82aef-ae6e-436e-9582-246974b8e2bc.jpg,train,dementia,dementia_ModerateDemented,"test,train"
7ebf45a2da536cc01e050b955a2297eef4a64508393b17139f47560ad9d6e9aa,data/alzheimers/ModerateDemented/b491f29e-837b-4778-b55b-911591d3371a.jpg,test,dementia,dementia_ModerateDemented,"test,train,val"
7ebf45a2da536cc01e050b955a2297eef4a64508393b17139f47560ad9d6e9aa,data/alzheimers/ModerateDemented/12f598f5-11e4-4ca5-9c06-1082ff13d733.jpg,train,dementia,dementia_ModerateDemented,"test,train,val"
7ebf45a2da536cc01e050b955a2297eef4a64508393b17139f47560ad9d6e9aa,data/alzheimers/ModerateDemented/75bc5dfc-2134-43d8-ad0d-bab91ca8fb60.jpg,train,dementia,dementia_ModerateDemented,"test,train,val"
7ebf45a2da536cc01e050b955a2297eef4a64508393b17139f47560ad9d6e9aa,data/alzheimers/ModerateDemented/ac6deea1-fe07-4146-a29b-b1c076d51d76.jpg,train,dementia,dementia_ModerateDemented,"test,train,val"
7ebf45a2da536cc01e050b955a2297eef4a64508393b17139f47560ad9d6e9aa,data/alzheimers/ModerateDemented/0c104434-c62e-41bc-9c37-dacf9c258e00.jpg,val,dementia,dementia_ModerateDemented,"test,train,val"
24f8c2305bcd42862b0de9cdaab0a636f1e35021671d637c41b7dae1c88d35c5,data/alzheimers/ModerateDemented/c5ab1eb0-e2b8-410d-b010-5951593a4e49.jpg,test,dementia,dementia_ModerateDemented,"test,train"
24f8c2305bcd42862b0de9cdaab0a636f1e35021671d637c41b7dae1c88d35c5,data/alzheimers/ModerateDemented/408c5424-ce3b-468b-9d72-e15cde4ec6c6.jpg,train,dementia,dementia_ModerateDemented,"test,train"
ee9f06906403a293bcb4a90f78d283fb73a4f350cd30459d9d6bb6378802ea21,data/alzheimers/ModerateDemented/dd0c2dc4-9623-40ea-93e5-0c406f8281e8.jpg,test,dementia,dementia_ModerateDemented,"test,train"
ee9f06906403a293bcb4a90f78d283fb73a4f350cd30459d9d6bb6378802ea21,data/alzheimers/ModerateDemented/f1c65490-91aa-4777-a4f6-e686d5f3d3bf.jpg,train,dementia,dementia_ModerateDemented,"test,train"
46905878b92ba1c1a400ac2cf6e12e141bb9743a90a9fa42194eb12021f6eedd,data/alzheimers/ModerateDemented/ebcea909-3b44-43b7-b053-aee46c5e03f3.jpg,test,dementia,dementia_ModerateDemented,"test,train"
46905878b92ba1c1a400ac2cf6e12e141bb9743a90a9fa42194eb12021f6eedd,data/alzheimers/ModerateDemented/01d1cf2d-9d6d-4901-80a1-06c7ec66b53f.jpg,train,dementia,dementia_ModerateDemented,"test,train"
46905878b92ba1c1a400ac2cf6e12e141bb9743a90a9fa42194eb12021f6eedd,data/alzheimers/ModerateDemented/0fdd7984-409b-4069-960d-fb433b5d2b4b.jpg,train,dementia,dementia_ModerateDemented,"test,train"
46905878b92ba1c1a400ac2cf6e12e141bb9743a90a9fa42194eb12021f6eedd,data/alzheimers/ModerateDemented/22e70d7a-c63d-4677-9064-23ffe521b890.jpg,train,dementia,dementia_ModerateDemented,"test,train"
46905878b92ba1c1a400ac2cf6e12e141bb9743a90a9fa42194eb12021f6eedd,data/alzheimers/ModerateDemented/a826e29a-01e8-4068-995c-f00e93d4886f.jpg,train,dementia,dementia_ModerateDemented,"test,train"
09f34b1920f798eaaad9e562746086e0f8c0cd67d0a66c6b62967d165a2202d3,data/alzheimers/ModerateDemented/ee23c2e3-dd93-4172-b196-4a241d7d8e7f.jpg,test,dementia,dementia_ModerateDemented,"test,train"
09f34b1920f798eaaad9e562746086e0f8c0cd67d0a66c6b62967d165a2202d3,data/alzheimers/ModerateDemented/b2f5a3df-8613-42f6-b1f9-ce8487824a7e.jpg,train,dementia,dementia_ModerateDemented,"test,train"
09f34b1920f798eaaad9e562746086e0f8c0cd67d0a66c6b62967d165a2202d3,data/alzheimers/ModerateDemented/b4ff58ed-f104-4c70-893d-497513b42a27.jpg,train,dementia,dementia_ModerateDemented,"test,train"
11cfaca38810e851854d77910a836d5ff5362aa781722bf1b90bc8dfe324b893,data/alzheimers/ModerateDemented/fc2176df-68f3-486d-a803-63cf7aaac974.jpg,test,dementia,dementia_ModerateDemented,"test,train,val"
11cfaca38810e851854d77910a836d5ff5362aa781722bf1b90bc8dfe324b893,data/alzheimers/ModerateDemented/51367d68-ef89-457e-8bb1-67ec403ddb96.jpg,train,dementia,dementia_ModerateDemented,"test,train,val"
11cfaca38810e851854d77910a836d5ff5362aa781722bf1b90bc8dfe324b893,data/alzheimers/ModerateDemented/88f278e7-83e5-434b-a5c4-96ec2173d7e6.jpg,train,dementia,dementia_ModerateDemented,"test,train,val"
11cfaca38810e851854d77910a836d5ff5362aa781722bf1b90bc8dfe324b893,data/alzheimers/ModerateDemented/96f8680b-2a2f-4073-b865-1024920d97a7.jpg,train,dementia,dementia_ModerateDemented,"test,train,val"
11cfaca38810e851854d77910a836d5ff5362aa781722bf1b90bc8dfe324b893,data/alzheimers/ModerateDemented/49180a93-ef46-4827-8e75-8485fd3f8ca5.jpg,val,dementia,dementia_ModerateDemented,"test,train,val"
11cfaca38810e851854d77910a836d5ff5362aa781722bf1b90bc8dfe324b893,data/alzheimers/ModerateDemented/783baade-8346-4e01-b191-650ab58cd692.jpg,val,dementia,dementia_ModerateDemented,"test,train,val"
11cfaca38810e851854d77910a836d5ff5362aa781722bf1b90bc8dfe324b893,data/alzheimers/ModerateDemented/f4bf8e66-14f5-47cf-b176-0cf271f27fd8.jpg,val,dementia,dementia_ModerateDemented,"test,train,val"
6256c52bc6e65c2b26cf152c1360c39ad0adb1d9619906ff4b92827734ecc393,data/alzheimers/NonDemented/0edeff6a-d95a-4551-ab80-49bf9775abaf.jpg,test,dementia,dementia_NonDemented,"test,train"
6256c52bc6e65c2b26cf152c1360c39ad0adb1d9619906ff4b92827734ecc393,data/alzheimers/NonDemented/62191e9a-bb27-49d6-bce0-8c29717caa4e.jpg,train,dementia,dementia_NonDemented,"test,train"
c7620b6382f319b75d73333c4907ae410f4120e6193105c090a2c619e9b6b4ee,data/alzheimers/NonDemented/c0c261c4-33f2-4fbf-94c7-40c29bfe7af4.jpg,test,dementia,dementia_NonDemented,"test,train"
c7620b6382f319b75d73333c4907ae410f4120e6193105c090a2c619e9b6b4ee,data/alzheimers/NonDemented/69061e34-134d-4f8a-80da-b3a9d33ed58a.jpg,train,dementia,dementia_NonDemented,"test,train"
4c09c5d68bd30cd81be9457b8818a1fb05b3cf518300e910217ae46b2aceca43,data/alzheimers/NonDemented/df708f00-86a3-4433-af3d-0a3e69603c4c.jpg,test,dementia,dementia_NonDemented,"test,train"
4c09c5d68bd30cd81be9457b8818a1fb05b3cf518300e910217ae46b2aceca43,data/alzheimers/NonDemented/f82d7725-c319-4abf-b900-8d0f7d224c3e.jpg,train,dementia,dementia_NonDemented,"test,train"
855b99adf5696d733fa8a6ac25ec7a58d2bad70ca0ff96a6112598454c591331,data/alzheimers/NonDemented/f6af0c7c-c02a-4c46-bac4-d15a8684851c.jpg,test,dementia,dementia_NonDemented,"test,val"
855b99adf5696d733fa8a6ac25ec7a58d2bad70ca0ff96a6112598454c591331,data/alzheimers/NonDemented/60375936-8c3b-48da-93f2-6b56a994c6f6.jpg,val,dementia,dementia_NonDemented,"test,val"
d8ccc4044aa642cc1b426277c0a10425f0354b187de66ecaaa0dd9309b23a3f9,data/alzheimers/VeryMildDemented/0831850c-b3f3-4535-b6f4-2936d8d4c72d.jpg,test,dementia,dementia_VeryMildDemented,"test,train"
d8ccc4044aa642cc1b426277c0a10425f0354b187de66ecaaa0dd9309b23a3f9,data/alzheimers/VeryMildDemented/32798d4f-82ec-4db3-a723-cbda9ddbd45f.jpg,train,dementia,dementia_VeryMildDemented,"test,train"
52627a37ad812dc83824ff41e7ca748bf2b0f46a3b30f6b57e8a7267e24f12da,data/alzheimers/VeryMildDemented/169a5389-5c7f-4a85-9e03-ac43796f43bf.jpg,test,dementia,dementia_VeryMildDemented,"test,train"
52627a37ad812dc83824ff41e7ca748bf2b0f46a3b30f6b57e8a7267e24f12da,data/alzheimers/VeryMildDemented/5b1ad773-182d-410d-8d33-32ba41b4a620.jpg,train,dementia,dementia_VeryMildDemented,"test,train"
66172566da358773acb179fb339a77b34d16252343637b56a947912986924ae5,data/alzheimers/VeryMildDemented/827d2498-dc8b-4084-bea2-141347fe7d1d.jpg,test,dementia,dementia_VeryMildDemented,"test,val"
66172566da358773acb179fb339a77b34d16252343637b56a947912986924ae5,data/alzheimers/VeryMildDemented/612c0d42-f567-4126-9708-eb5af6b11318.jpg,val,dementia,dementia_VeryMildDemented,"test,val"
96a64fafc269ffe15414c781eaa0bc202277a62c6be3e06abb48ebae923840b2,data/alzheimers/VeryMildDemented/a3f9aab8-cf11-4b73-a729-7fa96dba7017.jpg,test,dementia,dementia_VeryMildDemented,"test,train"
96a64fafc269ffe15414c781eaa0bc202277a62c6be3e06abb48ebae923840b2,data/alzheimers/VeryMildDemented/5c1664ef-b382-4529-9221-f203a2d2efdf.jpg,train,dementia,dementia_VeryMildDemented,"test,train"
960155b05ea8f0ddcbcd3a5e29905c2a4b55832f03e5b7d6491c73955960d278,data/brain_tumor/Testing/meningioma/Te-me_0135.jpg,test,tumor,tumor_meningioma,"test,train"
960155b05ea8f0ddcbcd3a5e29905c2a4b55832f03e5b7d6491c73955960d278,data/brain_tumor/Training/meningioma/Tr-me_0071.jpg,train,tumor,tumor_meningioma,"test,train"
f3d00bbb942117c2fb62466414d3c466ca283b678200fe87424e4128b80b2dba,data/brain_tumor/Testing/meningioma/Te-me_0143.jpg,test,tumor,tumor_meningioma,"test,train"
f3d00bbb942117c2fb62466414d3c466ca283b678200fe87424e4128b80b2dba,data/brain_tumor/Training/meningioma/Tr-me_0283.jpg,train,tumor,tumor_meningioma,"test,train"
9af05acd768793e89fc6776c3af838b0bf0747cfc3a3737e1cd3af44ea09c930,data/brain_tumor/Testing/notumor/Te-noTr_0001.jpg,test,tumor,tumor_notumor,"test,train,val"
9af05acd768793e89fc6776c3af838b0bf0747cfc3a3737e1cd3af44ea09c930,data/brain_tumor/Testing/notumor/Te-no_0031.jpg,test,tumor,tumor_notumor,"test,train,val"
9af05acd768793e89fc6776c3af838b0bf0747cfc3a3737e1cd3af44ea09c930,data/brain_tumor/Testing/notumor/Te-no_0067.jpg,test,tumor,tumor_notumor,"test,train,val"
9af05acd768793e89fc6776c3af838b0bf0747cfc3a3737e1cd3af44ea09c930,data/brain_tumor/Testing/notumor/Te-no_0084.jpg,test,tumor,tumor_notumor,"test,train,val"
9af05acd768793e89fc6776c3af838b0bf0747cfc3a3737e1cd3af44ea09c930,data/brain_tumor/Training/notumor/Tr-no_0347.jpg,train,tumor,tumor_notumor,"test,train,val"
9af05acd768793e89fc6776c3af838b0bf0747cfc3a3737e1cd3af44ea09c930,data/brain_tumor/Training/notumor/Tr-no_0373.jpg,train,tumor,tumor_notumor,"test,train,val"
9af05acd768793e89fc6776c3af838b0bf0747cfc3a3737e1cd3af44ea09c930,data/brain_tumor/Training/notumor/Tr-no_1088.jpg,train,tumor,tumor_notumor,"test,train,val"
9af05acd768793e89fc6776c3af838b0bf0747cfc3a3737e1cd3af44ea09c930,data/brain_tumor/Training/notumor/Tr-no_0331.jpg,val,tumor,tumor_notumor,"test,train,val"
039d0eb6b8493db695929536aa7476f8c472381a7c20de981bfe7e0bdd875a82,data/brain_tumor/Testing/notumor/Te-noTr_0002.jpg,test,tumor,tumor_notumor,"test,train"
039d0eb6b8493db695929536aa7476f8c472381a7c20de981bfe7e0bdd875a82,data/brain_tumor/Training/notumor/Tr-no_0253.jpg,train,tumor,tumor_notumor,"test,train"
f1aa73c33c56a13b8fe3b256ba2e6e3d2d84ddc6f3ed814d874bc88726ac1f9d,data/brain_tumor/Testing/notumor/Te-noTr_0003.jpg,test,tumor,tumor_notumor,"test,train"
f1aa73c33c56a13b8fe3b256ba2e6e3d2d84ddc6f3ed814d874bc88726ac1f9d,data/brain_tumor/Training/notumor/Tr-no_0320.jpg,train,tumor,tumor_notumor,"test,train"
e834d68ccf89fc7d5f8a93f0718fb614dd3591102ee4ed5c5d851ac43dbd9e1c,data/brain_tumor/Testing/notumor/Te-noTr_0004.jpg,test,tumor,tumor_notumor,"test,train"
e834d68ccf89fc7d5f8a93f0718fb614dd3591102ee4ed5c5d851ac43dbd9e1c,data/brain_tumor/Training/notumor/Tr-no_0255.jpg,train,tumor,tumor_notumor,"test,train"
d8ea17fdb98908199591b41310c56ae6a2b90408287403a45333653e079944b1,data/brain_tumor/Testing/notumor/Te-noTr_0005.jpg,test,tumor,tumor_notumor,"test,train"
d8ea17fdb98908199591b41310c56ae6a2b90408287403a45333653e079944b1,data/brain_tumor/Training/notumor/Tr-no_0258.jpg,train,tumor,tumor_notumor,"test,train"
49d44a7fd256a35903b981a4c7fbd2c3adc0f87f24ed0cf34d83a91aa13441b0,data/brain_tumor/Testing/notumor/Te-noTr_0006.jpg,test,tumor,tumor_notumor,"test,val"
49d44a7fd256a35903b981a4c7fbd2c3adc0f87f24ed0cf34d83a91aa13441b0,data/brain_tumor/Training/notumor/Tr-no_0260.jpg,val,tumor,tumor_notumor,"test,val"
41d847d03ff8e8a80fde982029492adf6c622dc7d78fad2db48b14287c552296,data/brain_tumor/Testing/notumor/Te-noTr_0007.jpg,test,tumor,tumor_notumor,"test,train"
41d847d03ff8e8a80fde982029492adf6c622dc7d78fad2db48b14287c552296,data/brain_tumor/Testing/notumor/Te-no_0088.jpg,test,tumor,tumor_notumor,"test,train"
41d847d03ff8e8a80fde982029492adf6c622dc7d78fad2db48b14287c552296,data/brain_tumor/Training/notumor/Tr-no_0352.jpg,train,tumor,tumor_notumor,"test,train"
41d847d03ff8e8a80fde982029492adf6c622dc7d78fad2db48b14287c552296,data/brain_tumor/Training/notumor/Tr-no_1089.jpg,train,tumor,tumor_notumor,"test,train"
f90baa21f7026f0f5c8595cb4c58a728618b80c679b18dbb42f4e77420262ac5,data/brain_tumor/Testing/notumor/Te-noTr_0008.jpg,test,tumor,tumor_notumor,"test,train"
f90baa21f7026f0f5c8595cb4c58a728618b80c679b18dbb42f4e77420262ac5,data/brain_tumor/Training/notumor/Tr-no_1090.jpg,train,tumor,tumor_notumor,"test,train"
71b3de7ee123124b0cf239be46cde689f527b1b56127ff7668cabca4c6384513,data/brain_tumor/Testing/notumor/Te-noTr_0009.jpg,test,tumor,tumor_notumor,"test,train"
71b3de7ee123124b0cf239be46cde689f527b1b56127ff7668cabca4c6384513,data/brain_tumor/Training/notumor/Tr-no_1091.jpg,train,tumor,tumor_notumor,"test,train"
0d68dc0d87d099ad046fac3ec1359db1561e1c5d45a43e7c91e02a9f2f393df8,data/brain_tumor/Testing/notumor/Te-no_0010.jpg,test,tumor,tumor_notumor,"test,train"
0d68dc0d87d099ad046fac3ec1359db1561e1c5d45a43e7c91e02a9f2f393df8,data/brain_tumor/Training/notumor/Tr-no_1039.jpg,train,tumor,tumor_notumor,"test,train"
136e27954eca1b7b887f3700f412b2c531153938a0d721d1557a94c3362497c2,data/brain_tumor/Testing/notumor/Te-no_0011.jpg,test,tumor,tumor_notumor,"test,train"
136e27954eca1b7b887f3700f412b2c531153938a0d721d1557a94c3362497c2,data/brain_tumor/Testing/notumor/Te-no_0048.jpg,test,tumor,tumor_notumor,"test,train"
136e27954eca1b7b887f3700f412b2c531153938a0d721d1557a94c3362497c2,data/brain_tumor/Testing/notumor/Te-no_0053.jpg,test,tumor,tumor_notumor,"test,train"
136e27954eca1b7b887f3700f412b2c531153938a0d721d1557a94c3362497c2,data/brain_tumor/Testing/notumor/Te-no_0068.jpg,test,tumor,tumor_notumor,"test,train"
136e27954eca1b7b887f3700f412b2c531153938a0d721d1557a94c3362497c2,data/brain_tumor/Testing/notumor/Te-no_0087.jpg,test,tumor,tumor_notumor,"test,train"
136e27954eca1b7b887f3700f412b2c531153938a0d721d1557a94c3362497c2,data/brain_tumor/Training/notumor/Tr-no_0224.jpg,train,tumor,tumor_notumor,"test,train"
136e27954eca1b7b887f3700f412b2c531153938a0d721d1557a94c3362497c2,data/brain_tumor/Training/notumor/Tr-no_0268.jpg,train,tumor,tumor_notumor,"test,train"
136e27954eca1b7b887f3700f412b2c531153938a0d721d1557a94c3362497c2,data/brain_tumor/Training/notumor/Tr-no_0332.jpg,train,tumor,tumor_notumor,"test,train"
136e27954eca1b7b887f3700f412b2c531153938a0d721d1557a94c3362497c2,data/brain_tumor/Training/notumor/Tr-no_0350.jpg,train,tumor,tumor_notumor,"test,train"
136e27954eca1b7b887f3700f412b2c531153938a0d721d1557a94c3362497c2,data/brain_tumor/Training/notumor/Tr-no_0982.jpg,train,tumor,tumor_notumor,"test,train"
d07ac7d4c62a45c3ca88e4b57cf485acd22b5d5f5e519110f769eb0cd9169d47,data/brain_tumor/Testing/notumor/Te-no_0012.jpg,test,tumor,tumor_notumor,"test,train"
d07ac7d4c62a45c3ca88e4b57cf485acd22b5d5f5e519110f769eb0cd9169d47,data/brain_tumor/Testing/notumor/Te-no_0044.jpg,test,tumor,tumor_notumor,"test,train"
d07ac7d4c62a45c3ca88e4b57cf485acd22b5d5f5e519110f769eb0cd9169d47,data/brain_tumor/Testing/notumor/Te-no_0055.jpg,test,tumor,tumor_notumor,"test,train"
d07ac7d4c62a45c3ca88e4b57cf485acd22b5d5f5e519110f769eb0cd9169d47,data/brain_tumor/Testing/notumor/Te-no_0061.jpg,test,tumor,tumor_notumor,"test,train"
d07ac7d4c62a45c3ca88e4b57cf485acd22b5d5f5e519110f769eb0cd9169d47,data/brain_tumor/Training/notumor/Tr-no_0180.jpg,train,tumor,tumor_notumor,"test,train"
d07ac7d4c62a45c3ca88e4b57cf485acd22b5d5f5e519110f769eb0cd9169d47,data/brain_tumor/Training/notumor/Tr-no_0291.jpg,train,tumor,tumor_notumor,"test,train"
d07ac7d4c62a45c3ca88e4b57cf485acd22b5d5f5e519110f769eb0cd9169d47,data/brain_tumor/Training/notumor/Tr-no_0324.jpg,train,tumor,tumor_notumor,"test,train"
d07ac7d4c62a45c3ca88e4b57cf485acd22b5d5f5e519110f769eb0cd9169d47,data/brain_tumor/Training/notumor/Tr-no_0984.jpg,train,tumor,tumor_notumor,"test,train"
1cc081e753d825a7a043b7968fa48c166d3518426790468025d6674794791327,data/brain_tumor/Testing/notumor/Te-no_0014.jpg,test,tumor,tumor_notumor,"test,train"
1cc081e753d825a7a043b7968fa48c166d3518426790468025d6674794791327,data/brain_tumor/Training/notumor/Tr-no_1173.jpg,train,tumor,tumor_notumor,"test,train"
9cb0bd6ba354991ae933b55af58ca040f3b8db01add876aba09159d7badd3599,data/brain_tumor/Testing/notumor/Te-no_0016.jpg,test,tumor,tumor_notumor,"test,train"
9cb0bd6ba354991ae933b55af58ca040f3b8db01add876aba09159d7badd3599,data/brain_tumor/Training/notumor/Tr-no_1147.jpg,train,tumor,tumor_notumor,"test,train"
39c0884fa9dfa4bf3e2464f41480e240ad7db4eded8a5b1ced54c772956746e1,data/brain_tumor/Testing/notumor/Te-no_0017.jpg,test,tumor,tumor_notumor,"test,train"
39c0884fa9dfa4bf3e2464f41480e240ad7db4eded8a5b1ced54c772956746e1,data/brain_tumor/Training/notumor/Tr-no_1159.jpg,train,tumor,tumor_notumor,"test,train"
4f3c00ef520660295576c472a0cafc9f1bb400d736b352b736966af08bf09235,data/brain_tumor/Testing/notumor/Te-no_0018.jpg,test,tumor,tumor_notumor,"test,train"
4f3c00ef520660295576c472a0cafc9f1bb400d736b352b736966af08bf09235,data/brain_tumor/Testing/notumor/Te-no_0070.jpg,test,tumor,tumor_notumor,"test,train"
4f3c00ef520660295576c472a0cafc9f1bb400d736b352b736966af08bf09235,data/brain_tumor/Training/notumor/Tr-no_0334.jpg,train,tumor,tumor_notumor,"test,train"
4f3c00ef520660295576c472a0cafc9f1bb400d736b352b736966af08bf09235,data/brain_tumor/Training/notumor/Tr-no_0974.jpg,train,tumor,tumor_notumor,"test,train"
7b73d6019deb1482bc5fb7027f12719bea983c8eb0b0c0f3e95feb61c90fafb3,data/brain_tumor/Testing/notumor/Te-no_0019.jpg,test,tumor,tumor_notumor,"test,train"
7b73d6019deb1482bc5fb7027f12719bea983c8eb0b0c0f3e95feb61c90fafb3,data/brain_tumor/Testing/notumor/Te-no_0062.jpg,test,tumor,tumor_notumor,"test,train"
7b73d6019deb1482bc5fb7027f12719bea983c8eb0b0c0f3e95feb61c90fafb3,data/brain_tumor/Testing/notumor/Te-no_0073.jpg,test,tumor,tumor_notumor,"test,train"
7b73d6019deb1482bc5fb7027f12719bea983c8eb0b0c0f3e95feb61c90fafb3,data/brain_tumor/Training/notumor/Tr-no_0325.jpg,train,tumor,tumor_notumor,"test,train"
7b73d6019deb1482bc5fb7027f12719bea983c8eb0b0c0f3e95feb61c90fafb3,data/brain_tumor/Training/notumor/Tr-no_0336.jpg,train,tumor,tumor_notumor,"test,train"
7b73d6019deb1482bc5fb7027f12719bea983c8eb0b0c0f3e95feb61c90fafb3,data/brain_tumor/Training/notumor/Tr-no_1183.jpg,train,tumor,tumor_notumor,"test,train"
9d338079dd3288665657816ebeec6ada298761e0ff9f4c22a59f05c46768db14,data/brain_tumor/Testing/notumor/Te-no_0021.jpg,test,tumor,tumor_notumor,"test,train,val"
9d338079dd3288665657816ebeec6ada298761e0ff9f4c22a59f05c46768db14,data/brain_tumor/Testing/notumor/Te-no_0072.jpg,test,tumor,tumor_notumor,"test,train,val"
9d338079dd3288665657816ebeec6ada298761e0ff9f4c22a59f05c46768db14,data/brain_tumor/Training/notumor/Tr-no_0978.jpg,train,tumor,tumor_notumor,"test,train,val"
9d338079dd3288665657816ebeec6ada298761e0ff9f4c22a59f05c46768db14,data/brain_tumor/Training/notumor/Tr-no_0335.jpg,val,tumor,tumor_notumor,"test,train,val"
9d338079dd3288665657816ebeec6ada298761e0ff9f4c22a59f05c46768db14,data/brain_tumor/Training/notumor/Tr-no_0394.jpg,val,tumor,tumor_notumor,"test,train,val"
f2d9f0979df98ce2e4aab669d3c141ca02ebce9eb15775267bfd6d4eae2a7d7f,data/brain_tumor/Testing/notumor/Te-no_0022.jpg,test,tumor,tumor_notumor,"test,train"
f2d9f0979df98ce2e4aab669d3c141ca02ebce9eb15775267bfd6d4eae2a7d7f,data/brain_tumor/Testing/notumor/Te-no_0075.jpg,test,tumor,tumor_notumor,"test,train"
f2d9f0979df98ce2e4aab669d3c141ca02ebce9eb15775267bfd6d4eae2a7d7f,data/brain_tumor/Training/notumor/Tr-no_0069.jpg,train,tumor,tumor_notumor,"test,train"
f2d9f0979df98ce2e4aab669d3c141ca02ebce9eb15775267bfd6d4eae2a7d7f,data/brain_tumor/Training/notumor/Tr-no_0338.jpg,train,tumor,tumor_notumor,"test,train"
f2d9f0979df98ce2e4aab669d3c141ca02ebce9eb15775267bfd6d4eae2a7d7f,data/brain_tumor/Training/notumor/Tr-no_1084.jpg,train,tumor,tumor_notumor,"test,train"
c6b37dbcc8c59a18f68c4ecde7f081eb0caa8cae6edb6d438e11170f0736bf01,data/brain_tumor/Testing/notumor/Te-no_0023.jpg,test,tumor,tumor_notumor,"test,train"
c6b37dbcc8c59a18f68c4ecde7f081eb0caa8cae6edb6d438e11170f0736bf01,data/brain_tumor/Training/notumor/Tr-no_0179.jpg,train,tumor,tumor_notumor,"test,train"
c6b37dbcc8c59a18f68c4ecde7f081eb0caa8cae6edb6d438e11170f0736bf01,data/brain_tumor/Training/notumor/Tr-no_1141.jpg,train,tumor,tumor_notumor,"test,train"
1fe1db4adc37442001e9e054e3a990efa31b7db7cdb0a3d2711afbf346f9094b,data/brain_tumor/Testing/notumor/Te-no_0024.jpg,test,tumor,tumor_notumor,"test,train"
1fe1db4adc37442001e9e054e3a990efa31b7db7cdb0a3d2711afbf346f9094b,data/brain_tumor/Training/notumor/Tr-no_0290.jpg,train,tumor,tumor_notumor,"test,train"
053a6036a57e58922ce011f713ddb44f78af390306aa055803e24338eb977075,data/brain_tumor/Testing/notumor/Te-no_0025.jpg,test,tumor,tumor_notumor,"test,train"
053a6036a57e58922ce011f713ddb44f78af390306aa055803e24338eb977075,data/brain_tumor/Training/notumor/Tr-no_0329.jpg,train,tumor,tumor_notumor,"test,train"
9c3b00e6b1f5fcb23d3ebf1a8b04f9517691cc7b7e2cfdbde375625c920b97a6,data/brain_tumor/Testing/notumor/Te-no_0026.jpg,test,tumor,tumor_notumor,"test,val"
9c3b00e6b1f5fcb23d3ebf1a8b04f9517691cc7b7e2cfdbde375625c920b97a6,data/brain_tumor/Training/notumor/Tr-no_0340.jpg,val,tumor,tumor_notumor,"test,val"
9c3b00e6b1f5fcb23d3ebf1a8b04f9517691cc7b7e2cfdbde375625c920b97a6,data/brain_tumor/Training/notumor/Tr-no_1153.jpg,val,tumor,tumor_notumor,"test,val"
0ff6650a53df2b89b4e569a7490843229227db14f5fc46fe99afdc789d058796,data/brain_tumor/Testing/notumor/Te-no_0027.jpg,test,tumor,tumor_notumor,"test,train"
0ff6650a53df2b89b4e569a7490843229227db14f5fc46fe99afdc789d058796,data/brain_tumor/Training/notumor/Tr-no_1162.jpg,train,tumor,tumor_notumor,"test,train"
f3bbcbc551b2533f763091b8d11957d40118b57fe937c3b940f3f8b26098030f,data/brain_tumor/Testing/notumor/Te-no_0028.jpg,test,tumor,tumor_notumor,"test,train"
f3bbcbc551b2533f763091b8d11957d40118b57fe937c3b940f3f8b26098030f,data/brain_tumor/Training/notumor/Tr-no_0351.jpg,train,tumor,tumor_notumor,"test,train"
94721a1b47a80cb0533acdbac52f92ad7614d4685284b74b2a96914b038947a9,data/brain_tumor/Testing/notumor/Te-no_0029.jpg,test,tumor,tumor_notumor,"test,train"
94721a1b47a80cb0533acdbac52f92ad7614d4685284b74b2a96914b038947a9,data/brain_tumor/Testing/notumor/Te-no_0069.jpg,test,tumor,tumor_notumor,"test,train"
94721a1b47a80cb0533acdbac52f92ad7614d4685284b74b2a96914b038947a9,data/brain_tumor/Training/notumor/Tr-no_0333.jpg,train,tumor,tumor_notumor,"test,train"
76a70a3f68103e335f080a323d763fbda5febc37e4714c2f9b54499795f13fa3,data/brain_tumor/Testing/notumor/Te-no_0030.jpg,test,tumor,tumor_notumor,"test,train"
76a70a3f68103e335f080a323d763fbda5febc37e4714c2f9b54499795f13fa3,data/brain_tumor/Testing/notumor/Te-no_0065.jpg,test,tumor,tumor_notumor,"test,train"
76a70a3f68103e335f080a323d763fbda5febc37e4714c2f9b54499795f13fa3,data/brain_tumor/Training/notumor/Tr-no_0328.jpg,train,tumor,tumor_notumor,"test,train"
76a70a3f68103e335f080a323d763fbda5febc37e4714c2f9b54499795f13fa3,data/brain_tumor/Training/notumor/Tr-no_0362.jpg,train,tumor,tumor_notumor,"test,train"
76a70a3f68103e335f080a323d763fbda5febc37e4714c2f9b54499795f13fa3,data/brain_tumor/Training/notumor/Tr-no_0977.jpg,train,tumor,tumor_notumor,"test,train"
4f2893125ab87fc6fcd6cd5388db893efeb9a1a30e59f942e7743144766c78f6,data/brain_tumor/Testing/notumor/Te-no_0032.jpg,test,tumor,tumor_notumor,"test,train"
4f2893125ab87fc6fcd6cd5388db893efeb9a1a30e59f942e7743144766c78f6,data/brain_tumor/Training/notumor/Tr-no_0384.jpg,train,tumor,tumor_notumor,"test,train"
4f2893125ab87fc6fcd6cd5388db893efeb9a1a30e59f942e7743144766c78f6,data/brain_tumor/Training/notumor/Tr-no_0989.jpg,train,tumor,tumor_notumor,"test,train"
06e6f334b7e990bd685265cea5af2b11410235f4a3baad476c964249310330f3,data/brain_tumor/Testing/notumor/Te-no_0033.jpg,test,tumor,tumor_notumor,"test,train"
06e6f334b7e990bd685265cea5af2b11410235f4a3baad476c964249310330f3,data/brain_tumor/Training/notumor/Tr-no_0070.jpg,train,tumor,tumor_notumor,"test,train"
08c04f3659f54e170fe84f98a8ed10a235809251d6ba7c5372f08c90421ce51e,data/brain_tumor/Testing/notumor/Te-no_0034.jpg,test,tumor,tumor_notumor,"test,train"
08c04f3659f54e170fe84f98a8ed10a235809251d6ba7c5372f08c90421ce51e,data/brain_tumor/Training/notumor/Tr-no_0080.jpg,train,tumor,tumor_notumor,"test,train"
19d1e5fece32f25cffe40d78ee005f41ff3c2598c7765ed122ffb29518274326,data/brain_tumor/Testing/notumor/Te-no_0035.jpg,test,tumor,tumor_notumor,"test,train"
19d1e5fece32f25cffe40d78ee005f41ff3c2598c7765ed122ffb29518274326,data/brain_tumor/Testing/notumor/Te-no_0081.jpg,test,tumor,tumor_notumor,"test,train"
19d1e5fece32f25cffe40d78ee005f41ff3c2598c7765ed122ffb29518274326,data/brain_tumor/Training/notumor/Tr-no_0091.jpg,train,tumor,tumor_notumor,"test,train"
19d1e5fece32f25cffe40d78ee005f41ff3c2598c7765ed122ffb29518274326,data/brain_tumor/Training/notumor/Tr-no_0345.jpg,train,tumor,tumor_notumor,"test,train"
19d1e5fece32f25cffe40d78ee005f41ff3c2598c7765ed122ffb29518274326,data/brain_tumor/Training/notumor/Tr-no_0985.jpg,train,tumor,tumor_notumor,"test,train"
5dc458fca643f408eb0da30575e47f363f70ce78a3a14f1b8452139696512b00,data/brain_tumor/Testing/notumor/Te-no_0036.jpg,test,tumor,tumor_notumor,"test,train"
5dc458fca643f408eb0da30575e47f363f70ce78a3a14f1b8452139696512b00,data/brain_tumor/Training/notumor/Tr-no_0102.jpg,train,tumor,tumor_notumor,"test,train"
5dc458fca643f408eb0da30575e47f363f70ce78a3a14f1b8452139696512b00,data/brain_tumor/Training/notumor/Tr-no_0968.jpg,train,tumor,tumor_notumor,"test,train"
220816d55783431f776d10ccd11ebda7aa823602de035f0f07d0d7cd780cfa0f,data/brain_tumor/Testing/notumor/Te-no_0037.jpg,test,tumor,tumor_notumor,"test,train"
220816d55783431f776d10ccd11ebda7aa823602de035f0f07d0d7cd780cfa0f,data/brain_tumor/Training/notumor/Tr-no_0113.jpg,train,tumor,tumor_notumor,"test,train"
220816d55783431f776d10ccd11ebda7aa823602de035f0f07d0d7cd780cfa0f,data/brain_tumor/Training/notumor/Tr-no_1093.jpg,train,tumor,tumor_notumor,"test,train"
df46c96890474f2ec5f08aa2c32e6bc1c6b5685f8b913501f954a515a6de02fa,data/brain_tumor/Testing/notumor/Te-no_0039.jpg,test,tumor,tumor_notumor,"test,train"
df46c96890474f2ec5f08aa2c32e6bc1c6b5685f8b913501f954a515a6de02fa,data/brain_tumor/Training/notumor/Tr-no_0124.jpg,train,tumor,tumor_notumor,"test,train"
df46c96890474f2ec5f08aa2c32e6bc1c6b5685f8b913501f954a515a6de02fa,data/brain_tumor/Training/notumor/Tr-no_1094.jpg,train,tumor,tumor_notumor,"test,train"
6e643c3263775b4637ad4e11620277c6ac65dcf63996826f76cac2dac5d8afdc,data/brain_tumor/Testing/notumor/Te-no_0040.jpg,test,tumor,tumor_notumor,"test,train"
6e643c3263775b4637ad4e11620277c6ac65dcf63996826f76cac2dac5d8afdc,data/brain_tumor/Testing/notumor/Te-no_0052.jpg,test,tumor,tumor_notumor,"test,train"
6e643c3263775b4637ad4e11620277c6ac65dcf63996826f76cac2dac5d8afdc,data/brain_tumor/Training/notumor/Tr-no_0135.jpg,train,tumor,tumor_notumor,"test,train"
6e643c3263775b4637ad4e11620277c6ac65dcf63996826f76cac2dac5d8afdc,data/brain_tumor/Training/notumor/Tr-no_0257.jpg,train,tumor,tumor_notumor,"test,train"
6e643c3263775b4637ad4e11620277c6ac65dcf63996826f76cac2dac5d8afdc,data/brain_tumor/Training/notumor/Tr-no_1096.jpg,train,tumor,tumor_notumor,"test,train"
6df56cc8a677bbc089ccb7f85e5f40b665a551aa28c7f2fffffcaddf521ed503,data/brain_tumor/Testing/notumor/Te-no_0041.jpg,test,tumor,tumor_notumor,"test,train"
6df56cc8a677bbc089ccb7f85e5f40b665a551aa28c7f2fffffcaddf521ed503,data/brain_tumor/Training/notumor/Tr-no_0146.jpg,train,tumor,tumor_notumor,"test,train"
7703b9670ac9265886cbf62735e2ff074c1507a654573807d0a8468a54c89dd7,data/brain_tumor/Testing/notumor/Te-no_0042.jpg,test,tumor,tumor_notumor,"test,train"
7703b9670ac9265886cbf62735e2ff074c1507a654573807d0a8468a54c89dd7,data/brain_tumor/Training/notumor/Tr-no_0157.jpg,train,tumor,tumor_notumor,"test,train"
7703b9670ac9265886cbf62735e2ff074c1507a654573807d0a8468a54c89dd7,data/brain_tumor/Training/notumor/Tr-no_1110.jpg,train,tumor,tumor_notumor,"test,train"
9251febacd510bc6ab8fdebb28ac58c8db217df4d5e8af285a99547b2d3b8584,data/brain_tumor/Testing/notumor/Te-no_0043.jpg,test,tumor,tumor_notumor,"test,train"
9251febacd510bc6ab8fdebb28ac58c8db217df4d5e8af285a99547b2d3b8584,data/brain_tumor/Training/notumor/Tr-no_0168.jpg,train,tumor,tumor_notumor,"test,train"
9251febacd510bc6ab8fdebb28ac58c8db217df4d5e8af285a99547b2d3b8584,data/brain_tumor/Training/notumor/Tr-no_1122.jpg,train,tumor,tumor_notumor,"test,train"
733e77e4b6da2d851bddbf9cf2768c02db39d5fa0f7be61fdbcb9d1e044abb76,data/brain_tumor/Testing/notumor/Te-no_0045.jpg,test,tumor,tumor_notumor,"test,train"
733e77e4b6da2d851bddbf9cf2768c02db39d5fa0f7be61fdbcb9d1e044abb76,data/brain_tumor/Testing/notumor/Te-no_0050.jpg,test,tumor,tumor_notumor,"test,train"
733e77e4b6da2d851bddbf9cf2768c02db39d5fa0f7be61fdbcb9d1e044abb76,data/brain_tumor/Testing/notumor/Te-no_0054.jpg,test,tumor,tumor_notumor,"test,train"
733e77e4b6da2d851bddbf9cf2768c02db39d5fa0f7be61fdbcb9d1e044abb76,data/brain_tumor/Training/notumor/Tr-no_0191.jpg,train,tumor,tumor_notumor,"test,train"
733e77e4b6da2d851bddbf9cf2768c02db39d5fa0f7be61fdbcb9d1e044abb76,data/brain_tumor/Training/notumor/Tr-no_0235.jpg,train,tumor,tumor_notumor,"test,train"
733e77e4b6da2d851bddbf9cf2768c02db39d5fa0f7be61fdbcb9d1e044abb76,data/brain_tumor/Training/notumor/Tr-no_0279.jpg,train,tumor,tumor_notumor,"test,train"
2c6470345e908770e6f61b6a2e55cc80288f8598149e3b4558a1d79dfdba6c4a,data/brain_tumor/Testing/notumor/Te-no_0046.jpg,test,tumor,tumor_notumor,"test,train"
2c6470345e908770e6f61b6a2e55cc80288f8598149e3b4558a1d79dfdba6c4a,data/brain_tumor/Training/notumor/Tr-no_0202.jpg,train,tumor,tumor_notumor,"test,train"
2c6470345e908770e6f61b6a2e55cc80288f8598149e3b4558a1d79dfdba6c4a,data/brain_tumor/Training/notumor/Tr-no_1178.jpg,train,tumor,tumor_notumor,"test,train"
c3f2d52e1a996bea716774c0051492202d3bdf76fdb53f9ade2b5c6289a6cb36,data/brain_tumor/Testing/notumor/Te-no_0047.jpg,test,tumor,tumor_notumor,"test,train"
c3f2d52e1a996bea716774c0051492202d3bdf76fdb53f9ade2b5c6289a6cb36,data/brain_tumor/Testing/notumor/Te-no_0077.jpg,test,tumor,tumor_notumor,"test,train"
c3f2d52e1a996bea716774c0051492202d3bdf76fdb53f9ade2b5c6289a6cb36,data/brain_tumor/Training/notumor/Tr-no_0213.jpg,train,tumor,tumor_notumor,"test,train"
c3f2d52e1a996bea716774c0051492202d3bdf76fdb53f9ade2b5c6289a6cb36,data/brain_tumor/Training/notumor/Tr-no_0341.jpg,train,tumor,tumor_notumor,"test,train"
c3f2d52e1a996bea716774c0051492202d3bdf76fdb53f9ade2b5c6289a6cb36,data/brain_tumor/Training/notumor/Tr-no_1181.jpg,train,tumor,tumor_notumor,"test,train"
dfbba0fc3e25b2cc10d6fde8faf975c6f475baa770ede5ea3fd1e495995736ef,data/brain_tumor/Testing/notumor/Te-no_0051.jpg,test,tumor,tumor_notumor,"test,train,val"
dfbba0fc3e25b2cc10d6fde8faf975c6f475baa770ede5ea3fd1e495995736ef,data/brain_tumor/Training/notumor/Tr-no_1182.jpg,train,tumor,tumor_notumor,"test,train,val"
dfbba0fc3e25b2cc10d6fde8faf975c6f475baa770ede5ea3fd1e495995736ef,data/brain_tumor/Training/notumor/Tr-no_0246.jpg,val,tumor,tumor_notumor,"test,train,val"
c4c847d6e586faffcadf669ff0a9a608542741edc3a387040c059df1bb7052bb,data/brain_tumor/Testing/notumor/Te-no_0056.jpg,test,tumor,tumor_notumor,"test,train"
c4c847d6e586faffcadf669ff0a9a608542741edc3a387040c059df1bb7052bb,data/brain_tumor/Training/notumor/Tr-no_0302.jpg,train,tumor,tumor_notumor,"test,train"
1d489fd63322dff8146dfb442c512362d2d42d5f4e44b90414202ac0abe5f97e,data/brain_tumor/Testing/notumor/Te-no_0057.jpg,test,tumor,tumor_notumor,"test,train"
1d489fd63322dff8146dfb442c512362d2d42d5f4e44b90414202ac0abe5f97e,data/brain_tumor/Training/notumor/Tr-no_0313.jpg,train,tumor,tumor_notumor,"test,train"
1d489fd63322dff8146dfb442c512362d2d42d5f4e44b90414202ac0abe5f97e,data/brain_tumor/Training/notumor/Tr-no_1166.jpg,train,tumor,tumor_notumor,"test,train"
247420d663a2af95266ddfb5c9cd2ee741d2474f300ca0d25809d37f61e9c4df,data/brain_tumor/Testing/notumor/Te-no_0058.jpg,test,tumor,tumor_notumor,"test,train"
247420d663a2af95266ddfb5c9cd2ee741d2474f300ca0d25809d37f61e9c4df,data/brain_tumor/Training/notumor/Tr-no_0322.jpg,train,tumor,tumor_notumor,"test,train"
e34e448b7509d16d43c6a6505995cdbb7bf6b2ad29ee09a37ec740c8494f74e3,data/brain_tumor/Testing/notumor/Te-no_0059.jpg,test,tumor,tumor_notumor,"test,train"
e34e448b7509d16d43c6a6505995cdbb7bf6b2ad29ee09a37ec740c8494f74e3,data/brain_tumor/Training/notumor/Tr-no_0323.jpg,train,tumor,tumor_notumor,"test,train"
e34e448b7509d16d43c6a6505995cdbb7bf6b2ad29ee09a37ec740c8494f74e3,data/brain_tumor/Training/notumor/Tr-no_0966.jpg,train,tumor,tumor_notumor,"test,train"
a3162569f0104e89e3950050d1d2f605cfe6bcf7c646f4bd596cb709d8b372c8,data/brain_tumor/Testing/notumor/Te-no_0060.jpg,test,tumor,tumor_notumor,"test,train"
a3162569f0104e89e3950050d1d2f605cfe6bcf7c646f4bd596cb709d8b372c8,data/brain_tumor/Training/notumor/Tr-no_0967.jpg,train,tumor,tumor_notumor,"test,train"
a8155f8b8f640f8464b58a380026d01471800d15e76cbfd9678848d669c7e3a7,data/brain_tumor/Testing/notumor/Te-no_0063.jpg,test,tumor,tumor_notumor,"test,train,val"
a8155f8b8f640f8464b58a380026d01471800d15e76cbfd9678848d669c7e3a7,data/brain_tumor/Training/notumor/Tr-no_1174.jpg,train,tumor,tumor_notumor,"test,train,val"
a8155f8b8f640f8464b58a380026d01471800d15e76cbfd9678848d669c7e3a7,data/brain_tumor/Training/notumor/Tr-no_0326.jpg,val,tumor,tumor_notumor,"test,train,val"
18cfaf6cee35ef130675d36429a4d0d9d944cef9942c203b01975b7130ff6df5,data/brain_tumor/Testing/notumor/Te-no_0064.jpg,test,tumor,tumor_notumor,"test,train"
18cfaf6cee35ef130675d36429a4d0d9d944cef9942c203b01975b7130ff6df5,data/brain_tumor/Training/notumor/Tr-no_0327.jpg,train,tumor,tumor_notumor,"test,train"
18cfaf6cee35ef130675d36429a4d0d9d944cef9942c203b01975b7130ff6df5,data/brain_tumor/Training/notumor/Tr-no_0970.jpg,train,tumor,tumor_notumor,"test,train"
16bdc3ca286cca1bb4761deeca41c63f5626ac65aff85231686caf5c3897c210,data/brain_tumor/Testing/notumor/Te-no_0066.jpg,test,tumor,tumor_notumor,"test,train"
16bdc3ca286cca1bb4761deeca41c63f5626ac65aff85231686caf5c3897c210,data/brain_tumor/Training/notumor/Tr-no_0330.jpg,train,tumor,tumor_notumor,"test,train"
16bdc3ca286cca1bb4761deeca41c63f5626ac65aff85231686caf5c3897c210,data/brain_tumor/Training/notumor/Tr-no_0971.jpg,train,tumor,tumor_notumor,"test,train"
812a2c6599255067e9752c7d0037f409d91f7336f42d7af3440fb5c2c91e8da1,data/brain_tumor/Testing/notumor/Te-no_0074.jpg,test,tumor,tumor_notumor,"test,train"
812a2c6599255067e9752c7d0037f409d91f7336f42d7af3440fb5c2c91e8da1,data/brain_tumor/Training/notumor/Tr-no_0337.jpg,train,tumor,tumor_notumor,"test,train"
c6d35e130bc719af5e19824979ce640e835635fc495a7383435df8b9aa16b023,data/brain_tumor/Testing/notumor/Te-no_0076.jpg,test,tumor,tumor_notumor,"test,train"
c6d35e130bc719af5e19824979ce640e835635fc495a7383435df8b9aa16b023,data/brain_tumor/Training/notumor/Tr-no_0339.jpg,train,tumor,tumor_notumor,"test,train"
c6d35e130bc719af5e19824979ce640e835635fc495a7383435df8b9aa16b023,data/brain_tumor/Training/notumor/Tr-no_0981.jpg,train,tumor,tumor_notumor,"test,train"
eed488f2e399ac4a011a52b70eff0a73837f1f2b8ef02297841792ba819420bc,data/brain_tumor/Testing/notumor/Te-no_0078.jpg,test,tumor,tumor_notumor,"test,train"
eed488f2e399ac4a011a52b70eff0a73837f1f2b8ef02297841792ba819420bc,data/brain_tumor/Training/notumor/Tr-no_0342.jpg,train,tumor,tumor_notumor,"test,train"
4c6238dc9771a99b1623932047fd64d5eb26d25cc294916c516b85e261c8ab46,data/brain_tumor/Testing/notumor/Te-no_0079.jpg,test,tumor,tumor_notumor,"test,train"
4c6238dc9771a99b1623932047fd64d5eb26d25cc294916c516b85e261c8ab46,data/brain_tumor/Training/notumor/Tr-no_0343.jpg,train,tumor,tumor_notumor,"test,train"
5b32b70fee5498a7e242f40fd975486691a248ef53c7657ac4c5831133ade0fb,data/brain_tumor/Testing/notumor/Te-no_0080.jpg,test,tumor,tumor_notumor,"test,train"
5b32b70fee5498a7e242f40fd975486691a248ef53c7657ac4c5831133ade0fb,data/brain_tumor/Training/notumor/Tr-no_0148.jpg,train,tumor,tumor_notumor,"test,train"
5b32b70fee5498a7e242f40fd975486691a248ef53c7657ac4c5831133ade0fb,data/brain_tumor/Training/notumor/Tr-no_0222.jpg,train,tumor,tumor_notumor,"test,train"
5b32b70fee5498a7e242f40fd975486691a248ef53c7657ac4c5831133ade0fb,data/brain_tumor/Training/notumor/Tr-no_0282.jpg,train,tumor,tumor_notumor,"test,train"
5b32b70fee5498a7e242f40fd975486691a248ef53c7657ac4c5831133ade0fb,data/brain_tumor/Training/notumor/Tr-no_0344.jpg,train,tumor,tumor_notumor,"test,train"
5b32b70fee5498a7e242f40fd975486691a248ef53c7657ac4c5831133ade0fb,data/brain_tumor/Training/notumor/Tr-no_1104.jpg,train,tumor,tumor_notumor,"test,train"
a8d8bd68e37588a5be079ea92de410d9097988aea40552f6fd08ca44a7dd6c74,data/brain_tumor/Testing/notumor/Te-no_0083.jpg,test,tumor,tumor_notumor,"test,train"
a8d8bd68e37588a5be079ea92de410d9097988aea40552f6fd08ca44a7dd6c74,data/brain_tumor/Testing/notumor/Te-no_0093.jpg,test,tumor,tumor_notumor,"test,train"
a8d8bd68e37588a5be079ea92de410d9097988aea40552f6fd08ca44a7dd6c74,data/brain_tumor/Training/notumor/Tr-no_0346.jpg,train,tumor,tumor_notumor,"test,train"
a8d8bd68e37588a5be079ea92de410d9097988aea40552f6fd08ca44a7dd6c74,data/brain_tumor/Training/notumor/Tr-no_1103.jpg,train,tumor,tumor_notumor,"test,train"
cae1e3ac8a29d55a9f7c0638c1d26be1d91a18c26715459dfcfa56a26317c11b,data/brain_tumor/Testing/notumor/Te-no_0085.jpg,test,tumor,tumor_notumor,"test,train"
cae1e3ac8a29d55a9f7c0638c1d26be1d91a18c26715459dfcfa56a26317c11b,data/brain_tumor/Training/notumor/Tr-no_0348.jpg,train,tumor,tumor_notumor,"test,train"
ff1df5849a35548de3ed553bc8c927511045cce13c42a2159c62f546c52230c9,data/brain_tumor/Testing/notumor/Te-no_0086.jpg,test,tumor,tumor_notumor,"test,train"
ff1df5849a35548de3ed553bc8c927511045cce13c42a2159c62f546c52230c9,data/brain_tumor/Training/notumor/Tr-no_0349.jpg,train,tumor,tumor_notumor,"test,train"
ff1df5849a35548de3ed553bc8c927511045cce13c42a2159c62f546c52230c9,data/brain_tumor/Training/notumor/Tr-no_0964.jpg,train,tumor,tumor_notumor,"test,train"
d08b052913eb262dfd31fdd6d7ca904c5343087cdc458ca928c9e85bf41bf388,data/brain_tumor/Testing/notumor/Te-no_0089.jpg,test,tumor,tumor_notumor,"test,train"
d08b052913eb262dfd31fdd6d7ca904c5343087cdc458ca928c9e85bf41bf388,data/brain_tumor/Training/notumor/Tr-no_0353.jpg,train,tumor,tumor_notumor,"test,train"
d08b052913eb262dfd31fdd6d7ca904c5343087cdc458ca928c9e85bf41bf388,data/brain_tumor/Training/notumor/Tr-no_0969.jpg,train,tumor,tumor_notumor,"test,train"
2c0036409ce103a8668735db595e18d01fbd821ca66e8ef43c77d6a4add544de,data/brain_tumor/Testing/notumor/Te-no_0090.jpg,test,tumor,tumor_notumor,"test,train"
2c0036409ce103a8668735db595e18d01fbd821ca66e8ef43c77d6a4add544de,data/brain_tumor/Training/notumor/Tr-no_0354.jpg,train,tumor,tumor_notumor,"test,train"
77d1374baf9988fd4f9272886783a65820b3afbbbaa773777ed01a4b04ff9d80,data/brain_tumor/Testing/notumor/Te-no_0091.jpg,test,tumor,tumor_notumor,"test,val"
77d1374baf9988fd4f9272886783a65820b3afbbbaa773777ed01a4b04ff9d80,data/brain_tumor/Training/notumor/Tr-no_0355.jpg,val,tumor,tumor_notumor,"test,val"
f0f59157eff868aa8dc74d5a6b5d384421c8587b5f15d90ca8414f4650276436,data/brain_tumor/Testing/notumor/Te-no_0092.jpg,test,tumor,tumor_notumor,"test,val"
f0f59157eff868aa8dc74d5a6b5d384421c8587b5f15d90ca8414f4650276436,data/brain_tumor/Training/notumor/Tr-no_0356.jpg,val,tumor,tumor_notumor,"test,val"
d9f0d5ef8784abb3ac7cadb3e31a9b1ef4879de8edb20a637d66c49f6c8eb60f,data/brain_tumor/Testing/notumor/Te-no_0094.jpg,test,tumor,tumor_notumor,"test,train"
d9f0d5ef8784abb3ac7cadb3e31a9b1ef4879de8edb20a637d66c49f6c8eb60f,data/brain_tumor/Training/notumor/Tr-no_0357.jpg,train,tumor,tumor_notumor,"test,train"
6d94cb16b0e532e10913e0f7e82bc9f0e2ddc3ff08601f8f7b118b88a137e111,data/brain_tumor/Testing/notumor/Te-no_0095.jpg,test,tumor,tumor_notumor,"test,val"
6d94cb16b0e532e10913e0f7e82bc9f0e2ddc3ff08601f8f7b118b88a137e111,data/brain_tumor/Training/notumor/Tr-no_0358.jpg,val,tumor,tumor_notumor,"test,val"
ad26946bf8b6ba5be922f24ab271337964fc35675fa4d0398719e33665337ece,data/brain_tumor/Testing/notumor/Te-no_0096.jpg,test,tumor,tumor_notumor,"test,train"
ad26946bf8b6ba5be922f24ab271337964fc35675fa4d0398719e33665337ece,data/brain_tumor/Training/notumor/Tr-no_0359.jpg,train,tumor,tumor_notumor,"test,train"
bf590df79c3f0a0ee28f4c1238720e89f40e4437c827273e3a168708f6fe8476,data/brain_tumor/Testing/notumor/Te-no_0097.jpg,test,tumor,tumor_notumor,"test,train"
bf590df79c3f0a0ee28f4c1238720e89f40e4437c827273e3a168708f6fe8476,data/brain_tumor/Training/notumor/Tr-no_0360.jpg,train,tumor,tumor_notumor,"test,train"
b577189346bc4cc74942150e5875bead25153aa474db97d1882ebf72244de3ec,data/brain_tumor/Testing/notumor/Te-no_0098.jpg,test,tumor,tumor_notumor,"test,train"
b577189346bc4cc74942150e5875bead25153aa474db97d1882ebf72244de3ec,data/brain_tumor/Training/notumor/Tr-no_0361.jpg,train,tumor,tumor_notumor,"test,train"
b23fe6dad4ff5e7e0fe80d1d315399658298647951c5f5e148e8c0d6ff6e3b5e,data/brain_tumor/Testing/notumor/Te-no_0099.jpg,test,tumor,tumor_notumor,"test,train"
b23fe6dad4ff5e7e0fe80d1d315399658298647951c5f5e148e8c0d6ff6e3b5e,data/brain_tumor/Training/notumor/Tr-no_0363.jpg,train,tumor,tumor_notumor,"test,train"
c50e621a36b08a9c2f28e239dc00b27ce321bd8ed715a48ced97515e965473d2,data/brain_tumor/Testing/notumor/Te-no_0100.jpg,test,tumor,tumor_notumor,"test,train"
c50e621a36b08a9c2f28e239dc00b27ce321bd8ed715a48ced97515e965473d2,data/brain_tumor/Training/notumor/Tr-no_0364.jpg,train,tumor,tumor_notumor,"test,train"
c50e621a36b08a9c2f28e239dc00b27ce321bd8ed715a48ced97515e965473d2,data/brain_tumor/Training/notumor/Tr-no_0979.jpg,train,tumor,tumor_notumor,"test,train"
53765f8fc313f7684b0df4547a89e27ecae20ae66c60ee26318fc9f1a301de8d,data/brain_tumor/Testing/notumor/Te-no_0101.jpg,test,tumor,tumor_notumor,"test,train"
53765f8fc313f7684b0df4547a89e27ecae20ae66c60ee26318fc9f1a301de8d,data/brain_tumor/Training/notumor/Tr-no_0249.jpg,train,tumor,tumor_notumor,"test,train"
c515996f4519dbd88019480d9e6442c71bc2513a7e2cb35a776b56af27b1021a,data/brain_tumor/Testing/notumor/Te-no_0102.jpg,test,tumor,tumor_notumor,"test,train"
c515996f4519dbd88019480d9e6442c71bc2513a7e2cb35a776b56af27b1021a,data/brain_tumor/Training/notumor/Tr-no_0251.jpg,train,tumor,tumor_notumor,"test,train"
affc1b4d529e3c1f06052e6fe5d27ef659071f0c1b14b4197c6d2c4f30ae93bb,data/brain_tumor/Testing/notumor/Te-no_0103.jpg,test,tumor,tumor_notumor,"test,train"
affc1b4d529e3c1f06052e6fe5d27ef659071f0c1b14b4197c6d2c4f30ae93bb,data/brain_tumor/Training/notumor/Tr-no_0319.jpg,train,tumor,tumor_notumor,"test,train"
affc1b4d529e3c1f06052e6fe5d27ef659071f0c1b14b4197c6d2c4f30ae93bb,data/brain_tumor/Training/notumor/Tr-no_1171.jpg,train,tumor,tumor_notumor,"test,train"
3e802dd22f483ce4d442fe2c7f1890c1c810ec8c1131b364fd4e4593bf0f268a,data/brain_tumor/Testing/pituitary/Te-piTr_0001.jpg,test,tumor,tumor_pituitary,"test,train"
3e802dd22f483ce4d442fe2c7f1890c1c810ec8c1131b364fd4e4593bf0f268a,data/brain_tumor/Training/pituitary/Tr-pi_0516.jpg,train,tumor,tumor_pituitary,"test,train"
3e802dd22f483ce4d442fe2c7f1890c1c810ec8c1131b364fd4e4593bf0f268a,data/brain_tumor/Training/pituitary/Tr-pi_0517.jpg,train,tumor,tumor_pituitary,"test,train"
3e802dd22f483ce4d442fe2c7f1890c1c810ec8c1131b364fd4e4593bf0f268a,data/brain_tumor/Training/pituitary/Tr-pi_0518.jpg,train,tumor,tumor_pituitary,"test,train"
39f4f7b252d7809d8d3d2e4521607de2195bf0f66c0592587b1cebd632aac640,data/brain_tumor/Testing/pituitary/Te-pi_0044.jpg,test,tumor,tumor_pituitary,"test,train"
39f4f7b252d7809d8d3d2e4521607de2195bf0f66c0592587b1cebd632aac640,data/brain_tumor/Training/pituitary/Tr-pi_0664.jpg,train,tumor,tumor_pituitary,"test,train"
02799f7863d49de182357e72179f3cc4e65e70099355f2d5aa2e39d356e492d9,data/brain_tumor/Testing/pituitary/Te-pi_0045.jpg,test,tumor,tumor_pituitary,"test,train"
02799f7863d49de182357e72179f3cc4e65e70099355f2d5aa2e39d356e492d9,data/brain_tumor/Training/pituitary/Tr-pi_0668.jpg,train,tumor,tumor_pituitary,"test,train"
b5e17076d1427e41a618f92bc72100c1be4df26608223512aac51c911ac1eb88,data/brain_tumor/Testing/pituitary/Te-pi_0055.jpg,test,tumor,tumor_pituitary,"test,train"
b5e17076d1427e41a618f92bc72100c1be4df26608223512aac51c911ac1eb88,data/brain_tumor/Training/pituitary/Tr-pi_0701.jpg,train,tumor,tumor_pituitary,"test,train"
08690b76457b2b44d58682cece62ec951ef6d30d935ce07df852e97d44434680,data/brain_tumor/Testing/pituitary/Te-pi_0066.jpg,test,tumor,tumor_pituitary,"test,train"
08690b76457b2b44d58682cece62ec951ef6d30d935ce07df852e97d44434680,data/brain_tumor/Training/pituitary/Tr-pi_0740.jpg,train,tumor,tumor_pituitary,"test,train"
9bc34c1c244b0c59deaba2d20729a07eebbcf659a43764e6220a0286d9218fed,data/alzheimers/MildDemented/065a2a4b-c9f6-4e99-be33-12ccd79f0d32.jpg,train,dementia,dementia_MildDemented,"train,val"
9bc34c1c244b0c59deaba2d20729a07eebbcf659a43764e6220a0286d9218fed,data/alzheimers/MildDemented/abac5808-467c-4a05-bb85-8073506c9364.jpg,val,dementia,dementia_MildDemented,"train,val"
8b48ba707864767a44d2688e197600df07c2c3a505af60c86bffdccd1bb34452,data/alzheimers/MildDemented/1139f7b0-ee58-4ed7-8947-018cc5a71739.jpg,train,dementia,dementia_MildDemented,"train,val"
8b48ba707864767a44d2688e197600df07c2c3a505af60c86bffdccd1bb34452,data/alzheimers/MildDemented/516429e7-24bb-4439-ac03-325f99886489.jpg,val,dementia,dementia_MildDemented,"train,val"
214638a4f07b19103a8a822af4b0a2db5a17e9c7198a6ebb25ccfb1562279153,data/alzheimers/MildDemented/12a063a9-013a-4e3b-a1b1-ce5d13f104f4.jpg,train,dementia,dementia_MildDemented,"train,val"
214638a4f07b19103a8a822af4b0a2db5a17e9c7198a6ebb25ccfb1562279153,data/alzheimers/MildDemented/b86a02b7-98d0-4e7b-99a2-25225c303172.jpg,val,dementia,dementia_MildDemented,"train,val"
994eedbc852ed2cc0252272bf333060b6ba0d2da5e94731073a1614e7ae62532,data/alzheimers/MildDemented/17c3b22f-4152-4ccf-a815-9cc4badb2d91.jpg,train,dementia,dementia_MildDemented,"train,val"
994eedbc852ed2cc0252272bf333060b6ba0d2da5e94731073a1614e7ae62532,data/alzheimers/MildDemented/4216ee98-84ad-42c4-a59e-9cd7a333f6c0.jpg,val,dementia,dementia_MildDemented,"train,val"
b13d4ce05d07f73d1da52ac5ed6b7ab2773a2bc0832633b815bc256022db2c13,data/alzheimers/MildDemented/3c082166-dd09-484b-9a03-d3250cab8838.jpg,train,dementia,dementia_MildDemented,"train,val"
b13d4ce05d07f73d1da52ac5ed6b7ab2773a2bc0832633b815bc256022db2c13,data/alzheimers/MildDemented/d1170048-6c0e-4431-b930-d7e4cb781390.jpg,val,dementia,dementia_MildDemented,"train,val"
bf22f52e916138a6491ce21ff09ba0318bf0f83c33a6956c82943e95e55deeae,data/alzheimers/MildDemented/435db5d2-f2ed-4cdb-a1de-3490efe0144b.jpg,train,dementia,dementia_MildDemented,"train,val"
bf22f52e916138a6491ce21ff09ba0318bf0f83c33a6956c82943e95e55deeae,data/alzheimers/MildDemented/ea23c420-4b23-4db6-95d9-91f9e48292fe.jpg,val,dementia,dementia_MildDemented,"train,val"
742ec62cd663ff0b06543eaf0323c12b3c0111cbb017ce999ad6d7ba234bd149,data/alzheimers/MildDemented/56a478b0-31ab-42ff-adf4-7693187fcadb.jpg,train,dementia,dementia_MildDemented,"train,val"
742ec62cd663ff0b06543eaf0323c12b3c0111cbb017ce999ad6d7ba234bd149,data/alzheimers/MildDemented/4931aca6-3d09-4c40-b3bb-24116ba23aea.jpg,val,dementia,dementia_MildDemented,"train,val"
2d6fcb960ce40c5ccf7bcc2e39ba09678a684b60b16a54e533159bbcc07391e8,data/alzheimers/MildDemented/5979ff4e-39a3-40aa-ba93-b3fd74624a05.jpg,train,dementia,dementia_MildDemented,"train,val"
2d6fcb960ce40c5ccf7bcc2e39ba09678a684b60b16a54e533159bbcc07391e8,data/alzheimers/MildDemented/cfded9ab-a5ef-4937-8593-952d376cf269.jpg,val,dementia,dementia_MildDemented,"train,val"
fe89cf0afaf84ed246cf403897081d3fd84a06ed072ac73fcf11d85b2a835640,data/alzheimers/MildDemented/688b0454-f42d-4662-b845-f181315b5f93.jpg,train,dementia,dementia_MildDemented,"train,val"
fe89cf0afaf84ed246cf403897081d3fd84a06ed072ac73fcf11d85b2a835640,data/alzheimers/MildDemented/924fc8f1-f29f-418f-843c-302d48936477.jpg,val,dementia,dementia_MildDemented,"train,val"
fe89cf0afaf84ed246cf403897081d3fd84a06ed072ac73fcf11d85b2a835640,data/alzheimers/MildDemented/d182b05a-4a95-4e2e-b700-97b0efe3b0da.jpg,val,dementia,dementia_MildDemented,"train,val"
2ad2e2e4b800c446fd3e6507fa78dcede3d6db14041d602215c78ad6c78cab96,data/alzheimers/MildDemented/6e82caa5-7d3d-439f-8a1c-44b399b3b87d.jpg,train,dementia,dementia_MildDemented,"train,val"
2ad2e2e4b800c446fd3e6507fa78dcede3d6db14041d602215c78ad6c78cab96,data/alzheimers/MildDemented/1e0f474c-182c-4c6d-b98e-198860de20b6.jpg,val,dementia,dementia_MildDemented,"train,val"
2c78df5f9f73d5d300fc7597c5a0ec6b57ec0a2ae9936b7eed3dd171d8a97a5e,data/alzheimers/MildDemented/7d8d247c-4996-4587-a0bc-ee344191a567.jpg,train,dementia,dementia_MildDemented,"train,val"
2c78df5f9f73d5d300fc7597c5a0ec6b57ec0a2ae9936b7eed3dd171d8a97a5e,data/alzheimers/MildDemented/5c3dfde1-4db3-4c83-a6e1-a52b4080060a.jpg,val,dementia,dementia_MildDemented,"train,val"
a983e99f9232916c801e90e06c5ba14a51fcfe6bd0cc8a65e4892794502f9063,data/alzheimers/MildDemented/8f45cb8a-c65e-45fb-a97d-954785289e60.jpg,train,dementia,dementia_MildDemented,"train,val"
a983e99f9232916c801e90e06c5ba14a51fcfe6bd0cc8a65e4892794502f9063,data/alzheimers/MildDemented/1762686e-fd2e-4845-84ae-827b9f942b97.jpg,val,dementia,dementia_MildDemented,"train,val"
a983e99f9232916c801e90e06c5ba14a51fcfe6bd0cc8a65e4892794502f9063,data/alzheimers/MildDemented/827babb3-c5f8-4c77-b51f-4ecbf5fd7b04.jpg,val,dementia,dementia_MildDemented,"train,val"
b2f809c189696dec1c2a06b120fb92f46de6dbd0b0309fcead3c87c3192f2bd9,data/alzheimers/MildDemented/99a19e93-f180-430d-b905-282cbaad5f1d.jpg,train,dementia,dementia_MildDemented,"train,val"
b2f809c189696dec1c2a06b120fb92f46de6dbd0b0309fcead3c87c3192f2bd9,data/alzheimers/MildDemented/dee455bb-f1be-463d-86a6-0ce0357cc5d2.jpg,val,dementia,dementia_MildDemented,"train,val"
e447a401778b37146cfa3110abd97b5f9611f697ef240f75414d265eeeb8169b,data/alzheimers/MildDemented/b86256ed-b5b7-43e1-b294-7df8aa56dba0.jpg,train,dementia,dementia_MildDemented,"train,val"
e447a401778b37146cfa3110abd97b5f9611f697ef240f75414d265eeeb8169b,data/alzheimers/MildDemented/d35a8b75-f62f-4f0a-9412-e79a8ff6a4a6.jpg,val,dementia,dementia_MildDemented,"train,val"
7741961ac825b3e5305084935affe9f8e2d264c3cd6214ae96d5ca18a3a2cc5d,data/alzheimers/MildDemented/bc756b86-dec7-4653-abc1-f0c675c05be0.jpg,train,dementia,dementia_MildDemented,"train,val"
7741961ac825b3e5305084935affe9f8e2d264c3cd6214ae96d5ca18a3a2cc5d,data/alzheimers/MildDemented/0d11dd37-9151-4e7e-ab09-44c444ab6085.jpg,val,dementia,dementia_MildDemented,"train,val"
0308423b3f9a9626706eaa71c99f0c22aae9113d49a95e71e800b45f8d218fa5,data/alzheimers/MildDemented/c6eac88f-f9c8-4aea-8af0-5e5340345a1e.jpg,train,dementia,dementia_MildDemented,"train,val"
0308423b3f9a9626706eaa71c99f0c22aae9113d49a95e71e800b45f8d218fa5,data/alzheimers/MildDemented/bafc4357-7d21-45ca-960e-a60596aec7b1.jpg,val,dementia,dementia_MildDemented,"train,val"
987457a0033f2f964ace6d7fa5e3e9fadbcdb2dc1ddfe123934a9084f8f307ff,data/alzheimers/MildDemented/c9298def-9940-4326-8f9b-504632c23724.jpg,train,dementia,dementia_MildDemented,"train,val"
987457a0033f2f964ace6d7fa5e3e9fadbcdb2dc1ddfe123934a9084f8f307ff,data/alzheimers/MildDemented/edf9413f-011f-4fd1-bd2e-185f8ade7afe.jpg,val,dementia,dementia_MildDemented,"train,val"
bbeb50c5b113a7807df3e08cfa21b2738b87be5bf37e8424e8a7ca714744347c,data/alzheimers/MildDemented/cb82a330-d7b1-432a-909e-c595d1a65f0f.jpg,train,dementia,dementia_MildDemented,"train,val"
bbeb50c5b113a7807df3e08cfa21b2738b87be5bf37e8424e8a7ca714744347c,data/alzheimers/MildDemented/8788fcbf-2ff7-41a4-a71f-bfab52df5a2c.jpg,val,dementia,dementia_MildDemented,"train,val"
447be12b37623f6ac273a4e66f36082df38839202897ef075a022bf5e6cd38ee,data/alzheimers/MildDemented/d6e05dc9-477b-4a54-8970-e9f1a346fdfb.jpg,train,dementia,dementia_MildDemented,"train,val"
447be12b37623f6ac273a4e66f36082df38839202897ef075a022bf5e6cd38ee,data/alzheimers/MildDemented/3babb1fd-b7a7-4781-aaf1-9e51a0d43aa4.jpg,val,dementia,dementia_MildDemented,"train,val"
99c05cf759b13f0d1c8ab50d6689c095f357e0974ca2b99b83039fd6a35a10c6,data/alzheimers/MildDemented/e05ba658-06ba-45eb-a78a-5ace8b7c44cc.jpg,train,dementia,dementia_MildDemented,"train,val"
99c05cf759b13f0d1c8ab50d6689c095f357e0974ca2b99b83039fd6a35a10c6,data/alzheimers/MildDemented/4a5abf35-82aa-49b0-ab58-733778c6c2d5.jpg,val,dementia,dementia_MildDemented,"train,val"
94e41e11fc91ffd405294db047e8827f245dafa4175682b10603fb3666ba7d27,data/alzheimers/MildDemented/ebc5a9ec-3854-4002-86ed-3af702c992c2.jpg,train,dementia,dementia_MildDemented,"train,val"
94e41e11fc91ffd405294db047e8827f245dafa4175682b10603fb3666ba7d27,data/alzheimers/MildDemented/81a4d681-479e-4d43-bc5a-ad2bed21f31b.jpg,val,dementia,dementia_MildDemented,"train,val"
bbe1e935b29a0790ecedb2f0431c8011306f196393b8586f08f46b98c9a35d8b,data/alzheimers/MildDemented/f0df1e9f-7853-46de-85cb-ccc04478a5ca.jpg,train,dementia,dementia_MildDemented,"train,val"
bbe1e935b29a0790ecedb2f0431c8011306f196393b8586f08f46b98c9a35d8b,data/alzheimers/MildDemented/749db419-0e5f-4691-befd-e21538913b95.jpg,val,dementia,dementia_MildDemented,"train,val"
e1e804046c51f7017492398e278bce511a9e3689e564e8840dd50419fb1ad859,data/alzheimers/ModerateDemented/12b9f669-a62f-4ce9-81ec-39663ae6fb2b.jpg,train,dementia,dementia_ModerateDemented,"train,val"
e1e804046c51f7017492398e278bce511a9e3689e564e8840dd50419fb1ad859,data/alzheimers/ModerateDemented/73997f97-264a-4245-8708-754a2c1d39f4.jpg,train,dementia,dementia_ModerateDemented,"train,val"
e1e804046c51f7017492398e278bce511a9e3689e564e8840dd50419fb1ad859,data/alzheimers/ModerateDemented/e75a93ba-b7d9-4622-9ca4-406ebeee3608.jpg,train,dementia,dementia_ModerateDemented,"train,val"
e1e804046c51f7017492398e278bce511a9e3689e564e8840dd50419fb1ad859,data/alzheimers/ModerateDemented/ee2f4f9f-b98e-4d27-a2c6-bf8c7021a8d2.jpg,train,dementia,dementia_ModerateDemented,"train,val"
e1e804046c51f7017492398e278bce511a9e3689e564e8840dd50419fb1ad859,data/alzheimers/ModerateDemented/fa405bf7-2525-4890-b494-da31d742b322.jpg,train,dementia,dementia_ModerateDemented,"train,val"
e1e804046c51f7017492398e278bce511a9e3689e564e8840dd50419fb1ad859,data/alzheimers/ModerateDemented/3a45e87c-4bc6-469a-abf2-c6413b34dbce.jpg,val,dementia,dementia_ModerateDemented,"train,val"
1f7b6ce351e3ab395e266ccbf9edb8fa203e42e8ca7d336470222f6bb68221ab,data/alzheimers/ModerateDemented/1865391f-4e11-43d1-be56-3842a8428e3c.jpg,train,dementia,dementia_ModerateDemented,"train,val"
1f7b6ce351e3ab395e266ccbf9edb8fa203e42e8ca7d336470222f6bb68221ab,data/alzheimers/ModerateDemented/ae6c6d00-9adf-4d7f-bf82-f9e426d3a89e.jpg,train,dementia,dementia_ModerateDemented,"train,val"
1f7b6ce351e3ab395e266ccbf9edb8fa203e42e8ca7d336470222f6bb68221ab,data/alzheimers/ModerateDemented/e52300dc-d8a2-4189-8748-75cbd57de97c.jpg,train,dementia,dementia_ModerateDemented,"train,val"
1f7b6ce351e3ab395e266ccbf9edb8fa203e42e8ca7d336470222f6bb68221ab,data/alzheimers/ModerateDemented/2c8b62d0-d2d5-4803-9ed2-e32bbe8320ab.jpg,val,dementia,dementia_ModerateDemented,"train,val"
822d7c5f65d999a90cb5b612398352a70e80b28f596249422a928b35a560e45d,data/alzheimers/ModerateDemented/28d31a64-4d72-4da8-bd67-fbdfd999eb0a.jpg,train,dementia,dementia_ModerateDemented,"train,val"
822d7c5f65d999a90cb5b612398352a70e80b28f596249422a928b35a560e45d,data/alzheimers/ModerateDemented/2f9e6cec-3e63-429c-a536-1ff4ddcc506c.jpg,train,dementia,dementia_ModerateDemented,"train,val"
822d7c5f65d999a90cb5b612398352a70e80b28f596249422a928b35a560e45d,data/alzheimers/ModerateDemented/3a41cfad-17cf-4c49-a3e4-9912ff140394.jpg,train,dementia,dementia_ModerateDemented,"train,val"
822d7c5f65d999a90cb5b612398352a70e80b28f596249422a928b35a560e45d,data/alzheimers/ModerateDemented/9feec3ec-d476-4172-a295-718a49e189b7.jpg,train,dementia,dementia_ModerateDemented,"train,val"
822d7c5f65d999a90cb5b612398352a70e80b28f596249422a928b35a560e45d,data/alzheimers/ModerateDemented/aaebcbc5-e212-413d-9aca-85b2e25f0517.jpg,train,dementia,dementia_ModerateDemented,"train,val"
822d7c5f65d999a90cb5b612398352a70e80b28f596249422a928b35a560e45d,data/alzheimers/ModerateDemented/d4ac58b6-885e-4b97-aba1-abe56b21ab6e.jpg,val,dementia,dementia_ModerateDemented,"train,val"
dff4646d74b6c0c7f1f1564bed31cf3db0b74b4022993be8b7bfef769e18a6d6,data/alzheimers/ModerateDemented/2a5ab8f2-fd78-476a-9494-cdd1d3d16036.jpg,train,dementia,dementia_ModerateDemented,"train,val"
dff4646d74b6c0c7f1f1564bed31cf3db0b74b4022993be8b7bfef769e18a6d6,data/alzheimers/ModerateDemented/92bccbb4-fdbb-4a62-a962-268ef5c9f43e.jpg,train,dementia,dementia_ModerateDemented,"train,val"
dff4646d74b6c0c7f1f1564bed31cf3db0b74b4022993be8b7bfef769e18a6d6,data/alzheimers/ModerateDemented/e7a0ddf7-306f-4f0e-aecc-8b5493be1f98.jpg,train,dementia,dementia_ModerateDemented,"train,val"
dff4646d74b6c0c7f1f1564bed31cf3db0b74b4022993be8b7bfef769e18a6d6,data/alzheimers/ModerateDemented/0950e46f-f468-409e-8828-efda592db1e0.jpg,val,dementia,dementia_ModerateDemented,"train,val"
dff4646d74b6c0c7f1f1564bed31cf3db0b74b4022993be8b7bfef769e18a6d6,data/alzheimers/ModerateDemented/a604be7d-aa8a-46bb-b493-9850f566e05c.jpg,val,dementia,dementia_ModerateDemented,"train,val"
63d14ff3290f08b6f96b4cbd8ac551bed2b92b14518d668d5103663822fe6e44,data/alzheimers/ModerateDemented/330bc45e-ac8b-44d6-8064-2fb461d80d1c.jpg,train,dementia,dementia_ModerateDemented,"train,val"
63d14ff3290f08b6f96b4cbd8ac551bed2b92b14518d668d5103663822fe6e44,data/alzheimers/ModerateDemented/49ede242-3bdd-40d2-b411-23f2cb24f1ce.jpg,train,dementia,dementia_ModerateDemented,"train,val"
63d14ff3290f08b6f96b4cbd8ac551bed2b92b14518d668d5103663822fe6e44,data/alzheimers/ModerateDemented/63431a3b-aab4-4ce4-bdc0-e0db765e01af.jpg,train,dementia,dementia_ModerateDemented,"train,val"
63d14ff3290f08b6f96b4cbd8ac551bed2b92b14518d668d5103663822fe6e44,data/alzheimers/ModerateDemented/82d53f8f-aa72-4457-905e-c31598c028f7.jpg,train,dementia,dementia_ModerateDemented,"train,val"
63d14ff3290f08b6f96b4cbd8ac551bed2b92b14518d668d5103663822fe6e44,data/alzheimers/ModerateDemented/fcf482b3-d898-4cfe-8868-187c9900bfde.jpg,train,dementia,dementia_ModerateDemented,"train,val"
63d14ff3290f08b6f96b4cbd8ac551bed2b92b14518d668d5103663822fe6e44,data/alzheimers/ModerateDemented/356d5716-2db6-4b2f-aea9-3b9d4c052428.jpg,val,dementia,dementia_ModerateDemented,"train,val"
be2d42ca7f032566eac2ddb4f44255b472b7da38dbffd59daa219296d39d36f4,data/alzheimers/ModerateDemented/3873fb90-b44a-49c7-93e4-f9266de9352e.jpg,train,dementia,dementia_ModerateDemented,"train,val"
be2d42ca7f032566eac2ddb4f44255b472b7da38dbffd59daa219296d39d36f4,data/alzheimers/ModerateDemented/b2f0de45-0df9-4c9d-b909-95512ba4cf59.jpg,train,dementia,dementia_ModerateDemented,"train,val"
be2d42ca7f032566eac2ddb4f44255b472b7da38dbffd59daa219296d39d36f4,data/alzheimers/ModerateDemented/bfff2dc1-2212-42c8-962f-20dc8993d043.jpg,train,dementia,dementia_ModerateDemented,"train,val"
be2d42ca7f032566eac2ddb4f44255b472b7da38dbffd59daa219296d39d36f4,data/alzheimers/ModerateDemented/0a5a964b-d17e-4df2-b98a-913777609568.jpg,val,dementia,dementia_ModerateDemented,"train,val"
20efb80cc019d585d0c0ef3a14606a474d799a0ad34de2b879c96cbd5b54ffd0,data/alzheimers/ModerateDemented/6b5edafc-bcb9-4751-97a4-638a613e6141.jpg,train,dementia,dementia_ModerateDemented,"train,val"
20efb80cc019d585d0c0ef3a14606a474d799a0ad34de2b879c96cbd5b54ffd0,data/alzheimers/ModerateDemented/7056f7c4-0b94-40f2-b53e-5a0b81641be5.jpg,train,dementia,dementia_ModerateDemented,"train,val"
20efb80cc019d585d0c0ef3a14606a474d799a0ad34de2b879c96cbd5b54ffd0,data/alzheimers/ModerateDemented/7c1d10bf-b365-4538-b173-38b96500927c.jpg,train,dementia,dementia_ModerateDemented,"train,val"
20efb80cc019d585d0c0ef3a14606a474d799a0ad34de2b879c96cbd5b54ffd0,data/alzheimers/ModerateDemented/a9139eae-62bf-4bf2-8d99-19ff62f21739.jpg,train,dementia,dementia_ModerateDemented,"train,val"
20efb80cc019d585d0c0ef3a14606a474d799a0ad34de2b879c96cbd5b54ffd0,data/alzheimers/ModerateDemented/c777d535-96f7-4753-921e-241da817b36b.jpg,train,dementia,dementia_ModerateDemented,"train,val"
20efb80cc019d585d0c0ef3a14606a474d799a0ad34de2b879c96cbd5b54ffd0,data/alzheimers/ModerateDemented/17e44250-d9de-4bb0-aafb-c64448ab3305.jpg,val,dementia,dementia_ModerateDemented,"train,val"
a1fa336a2ac4085c5355dfbc5f115017c2e9843935e1e492ccde89bccf5f32eb,data/alzheimers/NonDemented/0758a3ce-9d00-4851-b208-8cccb5e6d919.jpg,train,dementia,dementia_NonDemented,"train,val"
a1fa336a2ac4085c5355dfbc5f115017c2e9843935e1e492ccde89bccf5f32eb,data/alzheimers/NonDemented/ceec615c-9fd9-4955-a2be-d3bf421fb1f2.jpg,val,dementia,dementia_NonDemented,"train,val"
5707c9fcc1ca14824687fa167caf103de31c5b24ca4ed51a83ccd08b4a4d0253,data/alzheimers/NonDemented/8428d1c4-6716-425e-be99-826f308c2334.jpg,train,dementia,dementia_NonDemented,"train,val"
5707c9fcc1ca14824687fa167caf103de31c5b24ca4ed51a83ccd08b4a4d0253,data/alzheimers/NonDemented/992473d9-0888-41e9-8bdd-56d97741e1c9.jpg,val,dementia,dementia_NonDemented,"train,val"
0aff76083ffcd09f08c36a7389fdf1df8449ea3ff550e59adfc151595246ac18,data/alzheimers/VeryMildDemented/4c5aaffe-961f-4844-abc7-b3227bb99214.jpg,train,dementia,dementia_VeryMildDemented,"train,val"
0aff76083ffcd09f08c36a7389fdf1df8449ea3ff550e59adfc151595246ac18,data/alzheimers/VeryMildDemented/4ae521ec-b466-43e1-865d-4b77317503df.jpg,val,dementia,dementia_VeryMildDemented,"train,val"
90b1a3b7b16d1f4a7716eebfd4bef7a9cd8fd0ada106cb1d231881854ce53a13,data/alzheimers/VeryMildDemented/d366ee2a-1f5f-4874-9b96-e24f2dd72028.jpg,train,dementia,dementia_VeryMildDemented,"train,val"
90b1a3b7b16d1f4a7716eebfd4bef7a9cd8fd0ada106cb1d231881854ce53a13,data/alzheimers/VeryMildDemented/25a715b3-ae62-45ee-96bc-db5c6da47e90.jpg,val,dementia,dementia_VeryMildDemented,"train,val"
b32d0624aefb8be9c2142c478a03818498c78f48efdf4159de53aa5dd39e69e2,data/alzheimers/VeryMildDemented/d73644ee-e6e6-4d13-8729-c29e42f068c7.jpg,train,dementia,dementia_VeryMildDemented,"train,val"
b32d0624aefb8be9c2142c478a03818498c78f48efdf4159de53aa5dd39e69e2,data/alzheimers/VeryMildDemented/d49d5c61-2eda-4eb9-a891-d4dfbbdc9679.jpg,val,dementia,dementia_VeryMildDemented,"train,val"
24f09f91af40e42f2798bbc29df353ce17e6a0c0b533fb923b2fa8f75df6b496,data/brain_tumor/Training/meningioma/Tr-me_0176.jpg,train,tumor,tumor_meningioma,"train,val"
24f09f91af40e42f2798bbc29df353ce17e6a0c0b533fb923b2fa8f75df6b496,data/brain_tumor/Training/meningioma/Tr-me_0211.jpg,train,tumor,tumor_meningioma,"train,val"
24f09f91af40e42f2798bbc29df353ce17e6a0c0b533fb923b2fa8f75df6b496,data/brain_tumor/Training/meningioma/Tr-me_0366.jpg,val,tumor,tumor_meningioma,"train,val"
e2c7bc9c2d735e5b584b329f5cda1aec1f2415b2972c4aa8efc8d0a61e61b280,data/brain_tumor/Training/meningioma/Tr-me_0251.jpg,train,tumor,tumor_meningioma,"train,val"
e2c7bc9c2d735e5b584b329f5cda1aec1f2415b2972c4aa8efc8d0a61e61b280,data/brain_tumor/Training/meningioma/Tr-me_0249.jpg,val,tumor,tumor_meningioma,"train,val"
c1bf41ddb56396fd0e74b2eb7212c96a6a915ee86737c060c9db8e1439ff0390,data/brain_tumor/Training/notumor/Tr-no_0011.jpg,train,tumor,tumor_notumor,"train,val"
c1bf41ddb56396fd0e74b2eb7212c96a6a915ee86737c060c9db8e1439ff0390,data/brain_tumor/Training/notumor/Tr-no_0012.jpg,train,tumor,tumor_notumor,"train,val"
c1bf41ddb56396fd0e74b2eb7212c96a6a915ee86737c060c9db8e1439ff0390,data/brain_tumor/Training/notumor/Tr-no_0024.jpg,val,tumor,tumor_notumor,"train,val"
c5482c04ad0af03abc08de261901fdaa6811a99ca11a270e8dc89c550e3ccdfa,data/brain_tumor/Training/notumor/Tr-no_0023.jpg,train,tumor,tumor_notumor,"train,val"
c5482c04ad0af03abc08de261901fdaa6811a99ca11a270e8dc89c550e3ccdfa,data/brain_tumor/Training/notumor/Tr-no_1066.jpg,val,tumor,tumor_notumor,"train,val"
23a839738271bed355a592894783aaec5b225a7ea883e26b116b63a6edb819a1,data/brain_tumor/Training/notumor/Tr-no_0031.jpg,train,tumor,tumor_notumor,"train,val"
23a839738271bed355a592894783aaec5b225a7ea883e26b116b63a6edb819a1,data/brain_tumor/Training/notumor/Tr-no_1072.jpg,val,tumor,tumor_notumor,"train,val"
3e66ecd9f2d07394ea13b8f2ce9212677a14aea1066e13a1445b00cbc59b998e,data/brain_tumor/Training/notumor/Tr-no_0032.jpg,train,tumor,tumor_notumor,"train,val"
3e66ecd9f2d07394ea13b8f2ce9212677a14aea1066e13a1445b00cbc59b998e,data/brain_tumor/Training/notumor/Tr-no_1073.jpg,val,tumor,tumor_notumor,"train,val"
6f3bdbdba45d1f985b33e51c93c318e0f04f2c3186dfae874050a99a11b1af02,data/brain_tumor/Training/notumor/Tr-no_0077.jpg,train,tumor,tumor_notumor,"train,val"
6f3bdbdba45d1f985b33e51c93c318e0f04f2c3186dfae874050a99a11b1af02,data/brain_tumor/Training/notumor/Tr-no_0072.jpg,val,tumor,tumor_notumor,"train,val"
8c7a08207a2f8e5bf03ed590b3a482491a6abeb9b233a40604f3422065424112,data/brain_tumor/Training/notumor/Tr-no_0116.jpg,train,tumor,tumor_notumor,"train,val"
8c7a08207a2f8e5bf03ed590b3a482491a6abeb9b233a40604f3422065424112,data/brain_tumor/Training/notumor/Tr-no_0130.jpg,train,tumor,tumor_notumor,"train,val"
8c7a08207a2f8e5bf03ed590b3a482491a6abeb9b233a40604f3422065424112,data/brain_tumor/Training/notumor/Tr-no_0132.jpg,val,tumor,tumor_notumor,"train,val"
2ed15a662d8dcdf6077f3bf8bb4d21722e2a3b90ff2cf194db18b75933a4d322,data/brain_tumor/Training/notumor/Tr-no_0117.jpg,train,tumor,tumor_notumor,"train,val"
2ed15a662d8dcdf6077f3bf8bb4d21722e2a3b90ff2cf194db18b75933a4d322,data/brain_tumor/Training/notumor/Tr-no_0366.jpg,train,tumor,tumor_notumor,"train,val"
2ed15a662d8dcdf6077f3bf8bb4d21722e2a3b90ff2cf194db18b75933a4d322,data/brain_tumor/Training/notumor/Tr-no_1095.jpg,train,tumor,tumor_notumor,"train,val"
2ed15a662d8dcdf6077f3bf8bb4d21722e2a3b90ff2cf194db18b75933a4d322,data/brain_tumor/Training/notumor/Tr-no_0131.jpg,val,tumor,tumor_notumor,"train,val"
2ed15a662d8dcdf6077f3bf8bb4d21722e2a3b90ff2cf194db18b75933a4d322,data/brain_tumor/Training/notumor/Tr-no_0369.jpg,val,tumor,tumor_notumor,"train,val"
25c13de1f058a3b2d081828fab9a6589ac1feba9a0c3963e8033115e3b9bc2ee,data/brain_tumor/Training/notumor/Tr-no_0128.jpg,train,tumor,tumor_notumor,"train,val"
25c13de1f058a3b2d081828fab9a6589ac1feba9a0c3963e8033115e3b9bc2ee,data/brain_tumor/Training/notumor/Tr-no_0137.jpg,val,tumor,tumor_notumor,"train,val"
64eee5cd2516c265ea888fc3d784e97daed289385a487567e66b2aabacf50555,data/brain_tumor/Training/notumor/Tr-no_0151.jpg,train,tumor,tumor_notumor,"train,val"
64eee5cd2516c265ea888fc3d784e97daed289385a487567e66b2aabacf50555,data/brain_tumor/Training/notumor/Tr-no_1106.jpg,val,tumor,tumor_notumor,"train,val"
5f51fecec97f1264f4cb6a9f7d0d847f17e49033ec034b11d2cc5c8b79ba6519,data/brain_tumor/Training/notumor/Tr-no_0154.jpg,train,tumor,tumor_notumor,"train,val"
5f51fecec97f1264f4cb6a9f7d0d847f17e49033ec034b11d2cc5c8b79ba6519,data/brain_tumor/Training/notumor/Tr-no_0237.jpg,val,tumor,tumor_notumor,"train,val"
840e12a9d0fc509d61fab11db74d1716234312bd96939b632e19b8f102ace3cf,data/brain_tumor/Training/notumor/Tr-no_0187.jpg,train,tumor,tumor_notumor,"train,val"
840e12a9d0fc509d61fab11db74d1716234312bd96939b632e19b8f102ace3cf,data/brain_tumor/Training/notumor/Tr-no_1179.jpg,train,tumor,tumor_notumor,"train,val"
840e12a9d0fc509d61fab11db74d1716234312bd96939b632e19b8f102ace3cf,data/brain_tumor/Training/notumor/Tr-no_0185.jpg,val,tumor,tumor_notumor,"train,val"
20b0c7de1c131e75deff54e8f0c51eef6c48116cdcbf7bb1f47fc7e4c7f07ab1,data/brain_tumor/Training/notumor/Tr-no_0197.jpg,train,tumor,tumor_notumor,"train,val"
20b0c7de1c131e75deff54e8f0c51eef6c48116cdcbf7bb1f47fc7e4c7f07ab1,data/brain_tumor/Training/notumor/Tr-no_0276.jpg,train,tumor,tumor_notumor,"train,val"
20b0c7de1c131e75deff54e8f0c51eef6c48116cdcbf7bb1f47fc7e4c7f07ab1,data/brain_tumor/Training/notumor/Tr-no_1151.jpg,val,tumor,tumor_notumor,"train,val"
4c2c103442bacc20c289e01799a028f732816b392a316671549e21810560ac30,data/brain_tumor/Training/notumor/Tr-no_0245.jpg,train,tumor,tumor_notumor,"train,val"
4c2c103442bacc20c289e01799a028f732816b392a316671549e21810560ac30,data/brain_tumor/Training/notumor/Tr-no_1140.jpg,val,tumor,tumor_notumor,"train,val"
76d577713f1cf4414f780058f2079f7e6446aba86e89a86d7dd36401ca79a727,data/brain_tumor/Training/notumor/Tr-no_0316.jpg,train,tumor,tumor_notumor,"train,val"
76d577713f1cf4414f780058f2079f7e6446aba86e89a86d7dd36401ca79a727,data/brain_tumor/Training/notumor/Tr-no_1168.jpg,val,tumor,tumor_notumor,"train,val"
05ec18666c6b751b8845a93824ea25c9bb251606b71f76c0c3875d69e973f72d,data/brain_tumor/Training/notumor/Tr-no_0980.jpg,train,tumor,tumor_notumor,"train,val"
05ec18666c6b751b8845a93824ea25c9bb251606b71f76c0c3875d69e973f72d,data/brain_tumor/Training/notumor/Tr-no_0192.jpg,val,tumor,tumor_notumor,"train,val"
7f04f0b6fd5821e19cf5a273a540df06a1f6bdcaa63bb235743e274fff825fbd,data/brain_tumor/Training/notumor/Tr-no_0994.jpg,train,tumor,tumor_notumor,"train,val"
7f04f0b6fd5821e19cf5a273a540df06a1f6bdcaa63bb235743e274fff825fbd,data/brain_tumor/Training/notumor/Tr-noTr_0003.jpg,val,tumor,tumor_notumor,"train,val"
37d13e11e66c736b2174792a44b897777f212e935d5c74141ced8dc58d610672,data/brain_tumor/Training/notumor/Tr-no_1047.jpg,train,tumor,tumor_notumor,"train,val"
37d13e11e66c736b2174792a44b897777f212e935d5c74141ced8dc58d610672,data/brain_tumor/Training/notumor/Tr-noTr_0006.jpg,val,tumor,tumor_notumor,"train,val"
24d874e516a3da5ce8ada80135a0a62c8474538f72f098ad9d3e7ff794595f35,data/brain_tumor/Training/notumor/Tr-no_1058.jpg,train,tumor,tumor_notumor,"train,val"
24d874e516a3da5ce8ada80135a0a62c8474538f72f098ad9d3e7ff794595f35,data/brain_tumor/Training/notumor/Tr-no_0017.jpg,val,tumor,tumor_notumor,"train,val"
fa0c1c4fb6eabf57c61ae1afd2f24efd5aa69d47a6df7d468579cdee91a86c8a,data/brain_tumor/Training/notumor/Tr-no_1064.jpg,train,tumor,tumor_notumor,"train,val"
fa0c1c4fb6eabf57c61ae1afd2f24efd5aa69d47a6df7d468579cdee91a86c8a,data/brain_tumor/Training/notumor/Tr-no_0020.jpg,val,tumor,tumor_notumor,"train,val"
d22f76ae6780bc947ddeb36446b3bb97bfcc5ada33b8db69753949c9d214111a,data/brain_tumor/Training/notumor/Tr-no_1068.jpg,train,tumor,tumor_notumor,"train,val"
d22f76ae6780bc947ddeb36446b3bb97bfcc5ada33b8db69753949c9d214111a,data/brain_tumor/Training/notumor/Tr-no_0026.jpg,val,tumor,tumor_notumor,"train,val"
84acb850a9c5348cd00623122246c83dffd727e007aedc1d484e39d06e784c6f,data/brain_tumor/Training/notumor/Tr-no_1078.jpg,train,tumor,tumor_notumor,"train,val"
84acb850a9c5348cd00623122246c83dffd727e007aedc1d484e39d06e784c6f,data/brain_tumor/Training/notumor/Tr-no_0034.jpg,val,tumor,tumor_notumor,"train,val"
b396caa83da170f384de32368fd40ab0fbb00232e12fd2b463eddff69741af44,data/brain_tumor/Training/notumor/Tr-no_1081.jpg,train,tumor,tumor_notumor,"train,val"
b396caa83da170f384de32368fd40ab0fbb00232e12fd2b463eddff69741af44,data/brain_tumor/Training/notumor/Tr-no_0037.jpg,val,tumor,tumor_notumor,"train,val"
db13da94073aaa03960e97acb4ab41019e4be57c88c8b708e66791696f4bc4b9,data/brain_tumor/Training/notumor/Tr-no_1115.jpg,train,tumor,tumor_notumor,"train,val"
db13da94073aaa03960e97acb4ab41019e4be57c88c8b708e66791696f4bc4b9,data/brain_tumor/Training/notumor/Tr-no_0160.jpg,val,tumor,tumor_notumor,"train,val"
3a34904d65c8cc7579373460050623901047e49eec67a5d635390374c5b48634,data/brain_tumor/Training/notumor/Tr-no_1118.jpg,train,tumor,tumor_notumor,"train,val"
3a34904d65c8cc7579373460050623901047e49eec67a5d635390374c5b48634,data/brain_tumor/Training/notumor/Tr-no_0165.jpg,val,tumor,tumor_notumor,"train,val"
2e9979eb629886f51f2e4b143f7526fe57537077b3bcb1bfd7d4ecad00b30547,data/brain_tumor/Training/notumor/Tr-no_1127.jpg,train,tumor,tumor_notumor,"train,val"
2e9979eb629886f51f2e4b143f7526fe57537077b3bcb1bfd7d4ecad00b30547,data/brain_tumor/Training/notumor/Tr-no_0226.jpg,val,tumor,tumor_notumor,"train,val"
95ffabd6cfd94e094cd1af64396bfa75f578a012f52b23cbf8e5fa828ffa4863,data/brain_tumor/Training/notumor/Tr-no_1150.jpg,train,tumor,tumor_notumor,"train,val"
95ffabd6cfd94e094cd1af64396bfa75f578a012f52b23cbf8e5fa828ffa4863,data/brain_tumor/Training/notumor/Tr-no_0274.jpg,val,tumor,tumor_notumor,"train,val"
2db2426323e2d116ddfd79ca17da4f0c3861a527eba11414ce1ffe403b5810bd,data/brain_tumor/Training/notumor/Tr-no_1157.jpg,train,tumor,tumor_notumor,"train,val"
2db2426323e2d116ddfd79ca17da4f0c3861a527eba11414ce1ffe403b5810bd,data/brain_tumor/Training/notumor/Tr-no_0960.jpg,val,tumor,tumor_notumor,"train,val"
4984bb79a4b6f8bbe65f017c74fd7c1dce3f24d94cc9d33f92e22b441a0866ca,data/brain_tumor/Training/notumor/Tr-no_1161.jpg,train,tumor,tumor_notumor,"train,val"
4984bb79a4b6f8bbe65f017c74fd7c1dce3f24d94cc9d33f92e22b441a0866ca,data/brain_tumor/Training/notumor/Tr-no_0284.jpg,val,tumor,tumor_notumor,"train,val"
c27c953b150b8cfa6c2820bac42a13a5d1b5b6420409973ba07a18542429afd5,data/brain_tumor/Training/pituitary/Tr-pi_0157.jpg,train,tumor,tumor_pituitary,"train,val"
c27c953b150b8cfa6c2820bac42a13a5d1b5b6420409973ba07a18542429afd5,data/brain_tumor/Training/pituitary/Tr-pi_0046.jpg,val,tumor,tumor_pituitary,"train,val"
8a4a14e666a67b90bf01bac1b85170bacf41fda33c7a7394d5e82e83c6f6f324,data/brain_tumor/Training/pituitary/Tr-pi_0170.jpg,train,tumor,tumor_pituitary,"train,val"
8a4a14e666a67b90bf01bac1b85170bacf41fda33c7a7394d5e82e83c6f6f324,data/brain_tumor/Training/pituitary/Tr-pi_0169.jpg,val,tumor,tumor_pituitary,"train,val"
