{
    "train_loss": [
        0.2724552470336979,
        0.08666241121245548,
        0.07220685398084849,
        0.037328973964665634,
        0.04048524092830074
    ],
    "train_acc": [
        0.8779246794871794,
        0.9682692307692308,
        0.9737179487179487,
        0.9871794871794872,
        0.9866185897435897
    ],
    "val_loss": [
        0.25001191354046265,
        0.2194695805796446,
        0.06809663627347431,
        0.3725889588944996,
        0.004887394185938413
    ],
    "val_acc": [
        0.9205128205128205,
        0.9245192307692308,
        0.975801282051282,
        0.9267628205128206,
        0.9982371794871795
    ]
}