{
    "train_loss": [
        0.43301099660880327,
        0.3922490270351919,
        0.38292921654264184,
        0.3779787960877943,
        0.3710546617301396
    ],
    "train_acc": [
        0.8028810818756431,
        0.8187564309863296,
        0.8230927531971189,
        0.827380077416826,
        0.8286785241805086
    ],
    "val_loss": [
        0.40069593423899924,
        0.3702867594917635,
        0.36618968624218257,
        0.3560494579356538,
        0.34949402182140754
    ],
    "val_acc": [
        0.8123468887800098,
        0.8304752572268496,
        0.8296913277804998,
        0.8382165605095542,
        0.8419402253797158
    ]
}