{
    "train_loss": [
        0.2827391415452441,
        0.11299936151161656,
        0.07765462437914401,
        0.07814108451662401,
        0.05037499654615338
    ],
    "train_acc": [
        0.9009457441513191,
        0.9606769537083126,
        0.9731209556993529,
        0.9718765555002489,
        0.9843205574912892
    ],
    "val_loss": [
        0.1258758511412796,
        0.19063206456638687,
        0.038929031159617565,
        0.09175489326001872,
        0.055841751500213546
    ],
    "val_acc": [
        0.9572139303482587,
        0.9621890547263682,
        0.9850746268656716,
        0.9661691542288557,
        0.9850746268656716
    ]
}