[{"stream_name":"stdout","time":1.077787059,"data":"\n"}
,{"stream_name":"stdout","time":1.077846403,"data":"========================================================================================\n"}
,{"stream_name":"stdout","time":1.077851331,"data":"2026-05-11T15:43:31.562837+00:00 | Kaggle multimodal tumor/dementia job starting\n"}
,{"stream_name":"stdout","time":1.077854233,"data":"========================================================================================\n"}
,{"stream_name":"stdout","time":1.078019557,"data":"[2026-05-11T15:43:31.562938+00:00] job: started {}\n"}
,{"stream_name":"stdout","time":1.078034309,"data":"\n"}
,{"stream_name":"stdout","time":1.078039107,"data":"========================================================================================\n"}
,{"stream_name":"stdout","time":1.07804382,"data":"2026-05-11T15:43:31.563201+00:00 | Installing Python dependencies\n"}
,{"stream_name":"stdout","time":1.078048461,"data":"========================================================================================\n"}
,{"stream_name":"stdout","time":1.078233645,"data":"[2026-05-11T15:43:31.563290+00:00] command: started {'cmd': '/usr/bin/python3 -m pip install --upgrade --quiet transformers\u003e=4.52.0 accelerate\u003e=0.33.0 bitsandbytes\u003e=0.43.0 peft\u003e=0.12.0 qwen-vl-utils\u003e=0.0.8 datasets\u003e=2.20.0 pillow\u003e=10,\u003c12 pandas\u003e=2.2,\u003c3 scikit-learn sentencepiece protobuf\u003e=4.25,\u003c6 einops', 'cwd': '/kaggle/working'}\n"}
,{"stream_name":"stdout","time":7.682086701,"data":"   ━━━━━━━━━━━━━━━━━━━━━━━━━━━━━━━━━━━━━━━━ 10.6/10.6 MB 79.9 MB/s eta 0:00:00\n"}
,{"stream_name":"stdout","time":7.710340822,"data":"   ━━━━━━━━━━━━━━━━━━━━━━━━━━━━━━━━━━━━━━━━ 383.7/383.7 kB 31.5 MB/s eta 0:00:00\n"}
,{"stream_name":"stdout","time":8.324736598,"data":"   ━━━━━━━━━━━━━━━━━━━━━━━━━━━━━━━━━━━━━━━━ 60.7/60.7 MB 31.6 MB/s eta 0:00:00\n"}
,{"stream_name":"stdout","time":8.359513537,"data":"   ━━━━━━━━━━━━━━━━━━━━━━━━━━━━━━━━━━━━━━━━ 680.7/680.7 kB 37.2 MB/s eta 0:00:00\n"}
,{"stream_name":"stdout","time":8.417647808,"data":"   ━━━━━━━━━━━━━━━━━━━━━━━━━━━━━━━━━━━━━━━━ 529.0/529.0 kB 34.2 MB/s eta 0:00:00\n"}
,{"stream_name":"stdout","time":8.521846287,"data":"   ━━━━━━━━━━━━━━━━━━━━━━━━━━━━━━━━━━━━━━━━ 8.9/8.9 MB 101.4 MB/s eta 0:00:00\n"}
,{"stream_name":"stdout","time":8.551392977999999,"data":"   ━━━━━━━━━━━━━━━━━━━━━━━━━━━━━━━━━━━━━━━━ 320.5/320.5 kB 23.0 MB/s eta 0:00:00\n"}
,{"stream_name":"stdout","time":8.582885844,"data":"   ━━━━━━━━━━━━━━━━━━━━━━━━━━━━━━━━━━━━━━━━ 661.5/661.5 kB 43.2 MB/s eta 0:00:00\n"}
,{"stream_name":"stdout","time":8.927875196,"data":"   ━━━━━━━━━━━━━━━━━━━━━━━━━━━━━━━━━━━━━━━━ 36.3/36.3 MB 55.4 MB/s eta 0:00:00\n"}
,{"stream_name":"stdout","time":8.987758534,"data":"   ━━━━━━━━━━━━━━━━━━━━━━━━━━━━━━━━━━━━━━━━ 4.5/4.5 MB 103.0 MB/s eta 0:00:00\n"}
,{"stream_name":"stderr","time":29.786224417,"data":"ERROR: pip's dependency resolver does not currently take into account all the packages that are installed. This behaviour is the source of the following dependency conflicts.\n"}
,{"stream_name":"stderr","time":29.786277024,"data":"bigframes 2.35.0 requires google-cloud-bigquery-storage\u003c3.0.0,\u003e=2.30.0, which is not installed.\n"}
,{"stream_name":"stderr","time":29.786281807,"data":"google-adk 1.25.1 requires google-cloud-bigquery-storage\u003e=2.0.0, which is not installed.\n"}
,{"stream_name":"stdout","time":29.985807549,"data":"[2026-05-11T15:44:00.470727+00:00] command: finished {'cmd': '/usr/bin/python3 -m pip install --upgrade --quiet transformers\u003e=4.52.0 accelerate\u003e=0.33.0 bitsandbytes\u003e=0.43.0 peft\u003e=0.12.0 qwen-vl-utils\u003e=0.0.8 datasets\u003e=2.20.0 pillow\u003e=10,\u003c12 pandas\u003e=2.2,\u003c3 scikit-learn sentencepiece protobuf\u003e=4.25,\u003c6 einops'}\n"}
,{"stream_name":"stdout","time":35.57797065,"data":"[2026-05-11T15:44:06.062815+00:00] gpu: detected {'cuda_available': True, 'gpu_name': 'Tesla T4', 'total_memory_gb': 14.56, 'nvidia_smi': 'Mon May 11 15:44:05 2026       \\n+-----------------------------------------------------------------------------------------+\\n| NVIDIA-SMI 580.105.08             Driver Version: 580.105.08     CUDA Version: 13.0     |\\n+-----------------------------------------+------------------------+----------------------+\\n| GPU  Name                 Persistence-M | Bus-Id          Disp.A | Volatile Uncorr. ECC |\\n| Fan  Temp   Perf          Pwr:Usage/Cap |           Memory-Usage | GPU-Util  Compute M. |\\n|                                         |                        |               MIG M. |\\n|=========================================+========================+======================|\\n|   0  Tesla T4                       Off |   00000000:00:04.0 Off |                    0 |\\n| N/A   40C    P8             10W /   70W |       3MiB /  15360MiB |      0%      Default |\\n|                                         |                        |                  N/A |\\n+-----------------------------------------+------------------------+----------------------+\\n|   1  Tesla T4                       Off |   00000000:00:05.0 Off |                    0 |\\n| N/A   41C    P8             11W /   70W |       3MiB /  15360MiB |      0%      Default |\\n|                                         |                        |                  N/A |\\n+-----------------------------------------+------------------------+----------------------+\\n\\n+-----------------------------------------------------------------------------------------+\\n| Processes:                                                                              |\\n|  GPU   GI   CI              PID   Type   Process name                        GPU Memory |\\n|        ID   ID                                                               Usage      |\\n|=========================================================================================|\\n|  No running processes found                                                             |\\n+-----------------------------------------------------------------------------------------+\\n', 'compute_capability': '7.5', 'compute_capability_major': 7, 'torch_cuda_supported': True, 'device_count': 2, 'devices': [{'index': 0, 'name': 'Tesla T4', 'memory_gb': 14.56, 'compute_capability': '7.5'}, {'index': 1, 'name': 'Tesla T4', 'memory_gb': 14.56, 'compute_capability': '7.5'}], 'aggregate_memory_gb': 29.12}\n"}
,{"stream_name":"stdout","time":35.578010334,"data":"\n"}
,{"stream_name":"stdout","time":35.578015956,"data":"========================================================================================\n"}
,{"stream_name":"stdout","time":35.578021216,"data":"2026-05-11T15:44:06.063081+00:00 | Cloning Tumor-Database\n"}
,{"stream_name":"stdout","time":35.578026114,"data":"========================================================================================\n"}
,{"stream_name":"stdout","time":35.578390859,"data":"[2026-05-11T15:44:06.063435+00:00] command: started {'cmd': 'git clone --depth 1 --single-branch --branch main https://github.com/TailsOS-hack/Tumor-Database.git /kaggle/working/Tumor-Database', 'cwd': '/kaggle/working'}\n"}
,{"stream_name":"stderr","time":35.613533312,"data":"Cloning into '/kaggle/working/Tumor-Database'...\n"}
,{"stream_name":"stderr","time":77.772401678,"data":"Updating files:  23% (11862/51229)\rUpdating files:  24% (12295/51229)\rUpdating files:  25% (12808/51229)\rUpdating files:  26% (13320/51229)\rUpdating files:  27% (13832/51229)\rUpdating files:  28% (14345/51229)\rUpdating files:  29% (14857/51229)\rUpdating files:  30% (15369/51229)\rUpdating files:  31% (15881/51229)\rUpdating files:  32% (16394/51229)\rUpdating files:  33% (16906/51229)\rUpdating files:  34% (17418/51229)\rUpdating files:  35% (17931/51229)\rUpdating files:  36% (18443/51229)\rUpdating files:  37% (18955/51229)\rUpdating files:  38% (19468/51229)\rUpdating files:  39% (19980/51229)\rUpdating files:  40% (20492/51229)\rUpdating files:  41% (21004/51229)\rUpdating files:  42% (21517/51229)\rUpdating files:  43% (22029/51229)\rUpdating files:  44% (22541/51229)\rUpdating files:  45% (23054/51229)\rUpdating files:  46% (23566/51229)\rUpdating files:  47% (24078/51229)\rUpdating files:  48% (24590/51229)\rUpdating files:  48% (24891/51229)\rUpdating files:  49% (25103/51229)\rUpdating files:  50% (25615/51229)\rUpdating files:  51% (26127/51229)\rUpdating files:  52% (26640/51229)\rUpdating files:  53% (27152/51229)\rUpdating files:  54% (27664/51229)\rUpdating files:  55% (28176/51229)\rUpdating files:  56% (28689/51229)\rUpdating files:  57% (29201/51229)\rUpdating files:  58% (29713/51229)\rUpdating files:  59% (30226/51229)\rUpdating files:  60% (30738/51229)\rUpdating files:  61% (31250/51229)\rUpdating files:  62% (31762/51229)\rUpdating files:  63% (32275/51229)\rUpdating files:  64% (32787/51229)\rUpdating files:  65% (33299/51229)\rUpdating files:  66% (33812/51229)\rUpdating files:  67% (34324/51229)\rUpdating files:  68% (34836/51229)\rUpdating files:  69% (35349/51229)\rUpdating files:  70% (35861/51229)\rUpdating files:  71% (36373/51229)\rUpdating files:  72% (36885/51229)\rUpdating files:  73% (37398/51229)\rUpdating files:  73% (37843/51229)\rUpdating files:  74% (37910/51229)\rUpdating files:  75% (38422/51229)\rUpdating files:  76% (38935/51229)\rUpdating files:  77% (39447/51229)\rUpdating files:  78% (39959/51229)\rUpdating files:  79% (40471/51229)\rUpdating files:  80% (40984/51229)\rUpdating files:  81% (41496/51229)\rUpdating files:  82% (42008/51229)\rUpdating files:  83% (42521/51229)\rUpdating files:  84% (43033/51229)\rUpdating files:  85% (43545/51229)\rUpdating files:  86% (44057/51229)\rUpdating files:  87% (44570/51229)\rUpdating files:  88% (45082/51229)\rUpdating files:  89% (45594/51229)\rUpdating files:  90% (46107/51229)\rUpdating files:  91% (46619/51229)\rUpdating files:  92% (47131/51229)\rUpdating files:  93% (47643/51229)\rUpdating files:  93% (48047/51229)\rUpdating files:  94% (48156/51229)\rUpdating files:  95% (48668/51229)\rUpdating files:  96% (49180/51229)\rUpdating files:  97% (49693/51229)\rUpdating files:  98% (50205/51229)\rUpdating files:  99% (50717/51229)\rUpdating files:  99% (51188/51229)\rUpdating files:  99% (51190/51229)\rUpdating files: 100% (51229/51229)\rUpdating files: 100% (51229/51229), done.\n"}
,{"stream_name":"stdout","time":78.040754762,"data":"[2026-05-11T15:44:48.525692+00:00] command: finished {'cmd': 'git clone --depth 1 --single-branch --branch main https://github.com/TailsOS-hack/Tumor-Database.git /kaggle/working/Tumor-Database'}\n"}
,{"stream_name":"stdout","time":78.040909143,"data":"[2026-05-11T15:44:48.525886+00:00] repo: cloned {'path': '/kaggle/working/Tumor-Database'}\n"}
,{"stream_name":"stdout","time":78.040922475,"data":"\n"}
,{"stream_name":"stdout","time":78.040928405,"data":"========================================================================================\n"}
,{"stream_name":"stdout","time":78.040934688,"data":"2026-05-11T15:44:48.526062+00:00 | Creating strict split manifest\n"}
,{"stream_name":"stdout","time":78.040953012,"data":"========================================================================================\n"}
,{"stream_name":"stdout","time":78.040961173,"data":"[2026-05-11T15:44:48.526111+00:00] command: started {'cmd': '/usr/bin/python3 -m src.experiment_pipeline create-manifest', 'cwd': '/kaggle/working/Tumor-Database'}\n"}
,{"stream_name":"stdout","time":81.726749256,"data":"{\n"}
,{"stream_name":"stdout","time":81.726779806,"data":"  \"splits\": {\n"}
,{"stream_name":"stdout","time":81.726783084,"data":"    \"all\": {\n"}
,{"stream_name":"stdout","time":81.726785656,"data":"      \"test\": 10111,\n"}
,{"stream_name":"stdout","time":81.726788179,"data":"      \"train\": 35940,\n"}
,{"stream_name":"stdout","time":81.726790565,"data":"      \"val\": 4972\n"}
,{"stream_name":"stdout","time":81.726792926,"data":"    },\n"}
,{"stream_name":"stdout","time":81.726795426,"data":"    \"binary\": {\n"}
,{"stream_name":"stdout","time":81.726797786,"data":"      \"test\": 10111,\n"}
,{"stream_name":"stdout","time":81.7268005,"data":"      \"train\": 35940,\n"}
,{"stream_name":"stdout","time":81.726802746,"data":"      \"val\": 4972\n"}
,{"stream_name":"stdout","time":81.726805043,"data":"    },\n"}
,{"stream_name":"stdout","time":81.726807263,"data":"    \"tumor\": {\n"}
,{"stream_name":"stdout","time":81.726809603,"data":"      \"test\": 1311,\n"}
,{"stream_name":"stdout","time":81.726811919,"data":"      \"train\": 5140,\n"}
,{"stream_name":"stdout","time":81.72681432,"data":"      \"val\": 572\n"}
,{"stream_name":"stdout","time":81.726816685,"data":"    },\n"}
,{"stream_name":"stdout","time":81.7268189,"data":"    \"dementia\": {\n"}
,{"stream_name":"stdout","time":81.726821226,"data":"      \"test\": 8800,\n"}
,{"stream_name":"stdout","time":81.726823521,"data":"      \"train\": 30800,\n"}
,{"stream_name":"stdout","time":81.726825741,"data":"      \"val\": 4400\n"}
,{"stream_name":"stdout","time":81.726827956,"data":"    },\n"}
,{"stream_name":"stdout","time":81.726830099,"data":"    \"eight_class\": {\n"}
,{"stream_name":"stdout","time":81.726832468,"data":"      \"test\": 10111,\n"}
,{"stream_name":"stdout","time":81.726834722,"data":"      \"train\": 35940,\n"}
,{"stream_name":"stdout","time":81.726836925,"data":"      \"val\": 4972\n"}
,{"stream_name":"stdout","time":81.726839128,"data":"    }\n"}
,{"stream_name":"stdout","time":81.7268413,"data":"  },\n"}
,{"stream_name":"stdout","time":81.726843466,"data":"  \"class_counts\": {\n"}
,{"stream_name":"stdout","time":81.726845721,"data":"    \"binary\": {\n"}
,{"stream_name":"stdout","time":81.726847935,"data":"      \"test:dementia\": 8800,\n"}
,{"stream_name":"stdout","time":81.726850214,"data":"      \"test:tumor\": 1311,\n"}
,{"stream_name":"stdout","time":81.726852456,"data":"      \"train:dementia\": 30800,\n"}
,{"stream_name":"stdout","time":81.726854708,"data":"      \"train:tumor\": 5140,\n"}
,{"stream_name":"stdout","time":81.72685695,"data":"      \"val:dementia\": 4400,\n"}
,{"stream_name":"stdout","time":81.726859173,"data":"      \"val:tumor\": 572\n"}
,{"stream_name":"stdout","time":81.726861388,"data":"    },\n"}
,{"stream_name":"stdout","time":81.726863553,"data":"    \"tumor\": {\n"}
,{"stream_name":"stdout","time":81.726865773,"data":"      \"test:glioma\": 300,\n"}
,{"stream_name":"stdout","time":81.726868046,"data":"      \"test:meningioma\": 306,\n"}
,{"stream_name":"stdout","time":81.726883239,"data":"      \"test:notumor\": 405,\n"}
,{"stream_name":"stdout","time":81.726885616,"data":"      \"test:pituitary\": 300,\n"}
,{"stream_name":"stdout","time":81.726887842,"data":"      \"train:glioma\": 1189,\n"}
,{"stream_name":"stdout","time":81.726890103,"data":"      \"train:meningioma\": 1205,\n"}
,{"stream_name":"stdout","time":81.726892366,"data":"      \"train:notumor\": 1435,\n"}
,{"stream_name":"stdout","time":81.726894614,"data":"      \"train:pituitary\": 1311,\n"}
,{"stream_name":"stdout","time":81.726896872,"data":"      \"val:glioma\": 132,\n"}
,{"stream_name":"stdout","time":81.726899149,"data":"      \"val:meningioma\": 134,\n"}
,{"stream_name":"stdout","time":81.72690142,"data":"      \"val:notumor\": 160,\n"}
,{"stream_name":"stdout","time":81.72690366,"data":"      \"val:pituitary\": 146\n"}
,{"stream_name":"stdout","time":81.726905905,"data":"    },\n"}
,{"stream_name":"stdout","time":81.726908137,"data":"    \"dementia\": {\n"}
,{"stream_name":"stdout","time":81.726910529,"data":"      \"test:MildDemented\": 2000,\n"}
,{"stream_name":"stdout","time":81.72691299,"data":"      \"test:ModerateDemented\": 2000,\n"}
,{"stream_name":"stdout","time":81.726915345,"data":"      \"test:NonDemented\": 2560,\n"}
,{"stream_name":"stdout","time":81.726917703,"data":"      \"test:VeryMildDemented\": 2240,\n"}
,{"stream_name":"stdout","time":81.726919935,"data":"      \"train:MildDemented\": 7000,\n"}
,{"stream_name":"stdout","time":81.726922202,"data":"      \"train:ModerateDemented\": 7000,\n"}
,{"stream_name":"stdout","time":81.726924534,"data":"      \"train:NonDemented\": 8960,\n"}
,{"stream_name":"stdout","time":81.726926783,"data":"      \"train:VeryMildDemented\": 7840,\n"}
,{"stream_name":"stdout","time":81.726929098,"data":"      \"val:MildDemented\": 1000,\n"}
,{"stream_name":"stdout","time":81.726931352,"data":"      \"val:ModerateDemented\": 1000,\n"}
,{"stream_name":"stdout","time":81.726933633,"data":"      \"val:NonDemented\": 1280,\n"}
,{"stream_name":"stdout","time":81.726935978,"data":"      \"val:VeryMildDemented\": 1120\n"}
,{"stream_name":"stdout","time":81.726938243,"data":"    },\n"}
,{"stream_name":"stdout","time":81.726940418,"data":"    \"eight_class\": {\n"}
,{"stream_name":"stdout","time":81.726942655,"data":"      \"test:dementia_MildDemented\": 2000,\n"}
,{"stream_name":"stdout","time":81.726944957,"data":"      \"test:dementia_ModerateDemented\": 2000,\n"}
,{"stream_name":"stdout","time":81.726947257,"data":"      \"test:dementia_NonDemented\": 2560,\n"}
,{"stream_name":"stdout","time":81.726949523,"data":"      \"test:dementia_VeryMildDemented\": 2240,\n"}
,{"stream_name":"stdout","time":81.726951818,"data":"      \"test:tumor_glioma\": 300,\n"}
,{"stream_name":"stdout","time":81.726954106,"data":"      \"test:tumor_meningioma\": 306,\n"}
,{"stream_name":"stdout","time":81.72695637,"data":"      \"test:tumor_notumor\": 405,\n"}
,{"stream_name":"stdout","time":81.726958625,"data":"      \"test:tumor_pituitary\": 300,\n"}
,{"stream_name":"stdout","time":81.726960869,"data":"      \"train:dementia_MildDemented\": 7000,\n"}
,{"stream_name":"stdout","time":81.726963226,"data":"      \"train:dementia_ModerateDemented\": 7000,\n"}
,{"stream_name":"stdout","time":81.726965508,"data":"      \"train:dementia_NonDemented\": 8960,\n"}
,{"stream_name":"stdout","time":81.726967761,"data":"      \"train:dementia_VeryMildDemented\": 7840,\n"}
,{"stream_name":"stdout","time":81.726970023,"data":"      \"train:tumor_glioma\": 1189,\n"}
,{"stream_name":"stdout","time":81.726972365,"data":"      \"train:tumor_meningioma\": 1205,\n"}
,{"stream_name":"stdout","time":81.726977907,"data":"      \"train:tumor_notumor\": 1435,\n"}
,{"stream_name":"stdout","time":81.72698032,"data":"      \"train:tumor_pituitary\": 1311,\n"}
,{"stream_name":"stdout","time":81.726982601,"data":"      \"val:dementia_MildDemented\": 1000,\n"}
,{"stream_name":"stdout","time":81.726984847,"data":"      \"val:dementia_ModerateDemented\": 1000,\n"}
,{"stream_name":"stdout","time":81.726987104,"data":"      \"val:dementia_NonDemented\": 1280,\n"}
,{"stream_name":"stdout","time":81.726989345,"data":"      \"val:dementia_VeryMildDemented\": 1120,\n"}
,{"stream_name":"stdout","time":81.726991613,"data":"      \"val:tumor_glioma\": 132,\n"}
,{"stream_name":"stdout","time":81.726993877,"data":"      \"val:tumor_meningioma\": 134,\n"}
,{"stream_name":"stdout","time":81.72699618,"data":"      \"val:tumor_notumor\": 160,\n"}
,{"stream_name":"stdout","time":81.726998424,"data":"      \"val:tumor_pituitary\": 146\n"}
,{"stream_name":"stdout","time":81.72700082,"data":"    }\n"}
,{"stream_name":"stdout","time":81.727002991,"data":"  },\n"}
,{"stream_name":"stdout","time":81.727005194,"data":"  \"manifest_path\": \"/kaggle/working/Tumor-Database/training_logs/splits/strict_manifest.csv\"\n"}
,{"stream_name":"stdout","time":81.727007763,"data":"}\n"}
,{"stream_name":"stdout","time":81.742425485,"data":"[2026-05-11T15:44:52.227000+00:00] command: finished {'cmd': '/usr/bin/python3 -m src.experiment_pipeline create-manifest'}\n"}
,{"stream_name":"stdout","time":81.742451846,"data":"[2026-05-11T15:44:52.227180+00:00] command: started {'cmd': '/usr/bin/python3 -m src.experiment_pipeline summary', 'cwd': '/kaggle/working/Tumor-Database'}\n"}
,{"stream_name":"stdout","time":82.089682351,"data":"{\n"}
,{"stream_name":"stdout","time":82.089721257,"data":"  \"splits\": {\n"}
,{"stream_name":"stdout","time":82.089730067,"data":"    \"all\": {\n"}
,{"stream_name":"stdout","time":82.08973304,"data":"      \"test\": 10111,\n"}
,{"stream_name":"stdout","time":82.089735839,"data":"      \"train\": 35940,\n"}
,{"stream_name":"stdout","time":82.089738883,"data":"      \"val\": 4972\n"}
,{"stream_name":"stdout","time":82.08974143,"data":"    },\n"}
,{"stream_name":"stdout","time":82.089743943,"data":"    \"binary\": {\n"}
,{"stream_name":"stdout","time":82.089746454,"data":"      \"test\": 10111,\n"}
,{"stream_name":"stdout","time":82.089748929,"data":"      \"train\": 35940,\n"}
,{"stream_name":"stdout","time":82.089751313,"data":"      \"val\": 4972\n"}
,{"stream_name":"stdout","time":82.089753835,"data":"    },\n"}
,{"stream_name":"stdout","time":82.089756161,"data":"    \"tumor\": {\n"}
,{"stream_name":"stdout","time":82.089758584,"data":"      \"test\": 1311,\n"}
,{"stream_name":"stdout","time":82.089761024,"data":"      \"train\": 5140,\n"}
,{"stream_name":"stdout","time":82.089763545,"data":"      \"val\": 572\n"}
,{"stream_name":"stdout","time":82.089765953,"data":"    },\n"}
,{"stream_name":"stdout","time":82.089768272,"data":"    \"dementia\": {\n"}
,{"stream_name":"stdout","time":82.089770685,"data":"      \"test\": 8800,\n"}
,{"stream_name":"stdout","time":82.089773219,"data":"      \"train\": 30800,\n"}
,{"stream_name":"stdout","time":82.089775587,"data":"      \"val\": 4400\n"}
,{"stream_name":"stdout","time":82.089778092,"data":"    },\n"}
,{"stream_name":"stdout","time":82.089780401,"data":"    \"eight_class\": {\n"}
,{"stream_name":"stdout","time":82.089782896,"data":"      \"test\": 10111,\n"}
,{"stream_name":"stdout","time":82.089798315,"data":"      \"train\": 35940,\n"}
,{"stream_name":"stdout","time":82.089800918,"data":"      \"val\": 4972\n"}
,{"stream_name":"stdout","time":82.089803403,"data":"    }\n"}
,{"stream_name":"stdout","time":82.089805779,"data":"  },\n"}
,{"stream_name":"stdout","time":82.08980813,"data":"  \"class_counts\": {\n"}
,{"stream_name":"stdout","time":82.089810579,"data":"    \"binary\": {\n"}
,{"stream_name":"stdout","time":82.089812953,"data":"      \"test:dementia\": 8800,\n"}
,{"stream_name":"stdout","time":82.089815466,"data":"      \"test:tumor\": 1311,\n"}
,{"stream_name":"stdout","time":82.089817856,"data":"      \"train:dementia\": 30800,\n"}
,{"stream_name":"stdout","time":82.089820421,"data":"      \"train:tumor\": 5140,\n"}
,{"stream_name":"stdout","time":82.089825961,"data":"      \"val:dementia\": 4400,\n"}
,{"stream_name":"stdout","time":82.089828509,"data":"      \"val:tumor\": 572\n"}
,{"stream_name":"stdout","time":82.089830892,"data":"    },\n"}
,{"stream_name":"stdout","time":82.089833283,"data":"    \"tumor\": {\n"}
,{"stream_name":"stdout","time":82.089835662,"data":"      \"test:glioma\": 300,\n"}
,{"stream_name":"stdout","time":82.089838235,"data":"      \"test:meningioma\": 306,\n"}
,{"stream_name":"stdout","time":82.089840615,"data":"      \"test:notumor\": 405,\n"}
,{"stream_name":"stdout","time":82.089843073,"data":"      \"test:pituitary\": 300,\n"}
,{"stream_name":"stdout","time":82.089845528,"data":"      \"train:glioma\": 1189,\n"}
,{"stream_name":"stdout","time":82.089848041,"data":"      \"train:meningioma\": 1205,\n"}
,{"stream_name":"stdout","time":82.089850488,"data":"      \"train:notumor\": 1435,\n"}
,{"stream_name":"stdout","time":82.089852913,"data":"      \"train:pituitary\": 1311,\n"}
,{"stream_name":"stdout","time":82.089855277,"data":"      \"val:glioma\": 132,\n"}
,{"stream_name":"stdout","time":82.089857693,"data":"      \"val:meningioma\": 134,\n"}
,{"stream_name":"stdout","time":82.089860103,"data":"      \"val:notumor\": 160,\n"}
,{"stream_name":"stdout","time":82.089862497,"data":"      \"val:pituitary\": 146\n"}
,{"stream_name":"stdout","time":82.089864938,"data":"    },\n"}
,{"stream_name":"stdout","time":82.089867227,"data":"    \"dementia\": {\n"}
,{"stream_name":"stdout","time":82.089869696,"data":"      \"test:MildDemented\": 2000,\n"}
,{"stream_name":"stdout","time":82.089872265,"data":"      \"test:ModerateDemented\": 2000,\n"}
,{"stream_name":"stdout","time":82.089874733,"data":"      \"test:NonDemented\": 2560,\n"}
,{"stream_name":"stdout","time":82.089877129,"data":"      \"test:VeryMildDemented\": 2240,\n"}
,{"stream_name":"stdout","time":82.089879509,"data":"      \"train:MildDemented\": 7000,\n"}
,{"stream_name":"stdout","time":82.089881914,"data":"      \"train:ModerateDemented\": 7000,\n"}
,{"stream_name":"stdout","time":82.089884346,"data":"      \"train:NonDemented\": 8960,\n"}
,{"stream_name":"stdout","time":82.089886743,"data":"      \"train:VeryMildDemented\": 7840,\n"}
,{"stream_name":"stdout","time":82.089889149,"data":"      \"val:MildDemented\": 1000,\n"}
,{"stream_name":"stdout","time":82.089891677,"data":"      \"val:ModerateDemented\": 1000,\n"}
,{"stream_name":"stdout","time":82.089894131,"data":"      \"val:NonDemented\": 1280,\n"}
,{"stream_name":"stdout","time":82.089896565,"data":"      \"val:VeryMildDemented\": 1120\n"}
,{"stream_name":"stdout","time":82.089899045,"data":"    },\n"}
,{"stream_name":"stdout","time":82.089901363,"data":"    \"eight_class\": {\n"}
,{"stream_name":"stdout","time":82.089903744,"data":"      \"test:dementia_MildDemented\": 2000,\n"}
,{"stream_name":"stdout","time":82.089908946,"data":"      \"test:dementia_ModerateDemented\": 2000,\n"}
,{"stream_name":"stdout","time":82.089911547,"data":"      \"test:dementia_NonDemented\": 2560,\n"}
,{"stream_name":"stdout","time":82.089914013,"data":"      \"test:dementia_VeryMildDemented\": 2240,\n"}
,{"stream_name":"stdout","time":82.089916526,"data":"      \"test:tumor_glioma\": 300,\n"}
,{"stream_name":"stdout","time":82.089918986,"data":"      \"test:tumor_meningioma\": 306,\n"}
,{"stream_name":"stdout","time":82.089921389,"data":"      \"test:tumor_notumor\": 405,\n"}
,{"stream_name":"stdout","time":82.089923855,"data":"      \"test:tumor_pituitary\": 300,\n"}
,{"stream_name":"stdout","time":82.089926245,"data":"      \"train:dementia_MildDemented\": 7000,\n"}
,{"stream_name":"stdout","time":82.089928733,"data":"      \"train:dementia_ModerateDemented\": 7000,\n"}
,{"stream_name":"stdout","time":82.089931239,"data":"      \"train:dementia_NonDemented\": 8960,\n"}
,{"stream_name":"stdout","time":82.089933701,"data":"      \"train:dementia_VeryMildDemented\": 7840,\n"}
,{"stream_name":"stdout","time":82.089936104,"data":"      \"train:tumor_glioma\": 1189,\n"}
,{"stream_name":"stdout","time":82.089938523,"data":"      \"train:tumor_meningioma\": 1205,\n"}
,{"stream_name":"stdout","time":82.08994207,"data":"      \"train:tumor_notumor\": 1435,\n"}
,{"stream_name":"stdout","time":82.089944521,"data":"      \"train:tumor_pituitary\": 1311,\n"}
,{"stream_name":"stdout","time":82.089946947,"data":"      \"val:dementia_MildDemented\": 1000,\n"}
,{"stream_name":"stdout","time":82.089949378,"data":"      \"val:dementia_ModerateDemented\": 1000,\n"}
,{"stream_name":"stdout","time":82.089951787,"data":"      \"val:dementia_NonDemented\": 1280,\n"}
,{"stream_name":"stdout","time":82.089954217,"data":"      \"val:dementia_VeryMildDemented\": 1120,\n"}
,{"stream_name":"stdout","time":82.089956652,"data":"      \"val:tumor_glioma\": 132,\n"}
,{"stream_name":"stdout","time":82.089959241,"data":"      \"val:tumor_meningioma\": 134,\n"}
,{"stream_name":"stdout","time":82.089961877,"data":"      \"val:tumor_notumor\": 160,\n"}
,{"stream_name":"stdout","time":82.089964308,"data":"      \"val:tumor_pituitary\": 146\n"}
,{"stream_name":"stdout","time":82.089966825,"data":"    }\n"}
,{"stream_name":"stdout","time":82.089969134,"data":"  }\n"}
,{"stream_name":"stdout","time":82.089971524,"data":"}\n"}
,{"stream_name":"stdout","time":82.105160233,"data":"[2026-05-11T15:44:52.589527+00:00] command: finished {'cmd': '/usr/bin/python3 -m src.experiment_pipeline summary'}\n"}
,{"stream_name":"stdout","time":82.260319412,"data":"[2026-05-11T15:44:52.745293+00:00] manifest: created {'path': '/kaggle/working/Tumor-Database/training_logs/splits/strict_manifest.csv', 'summary': {'rows': 51023, 'counts': {'test::dementia_MildDemented': {'count': 2000}, 'test::dementia_ModerateDemented': {'count': 2000}, 'test::dementia_NonDemented': {'count': 2560}, 'test::dementia_VeryMildDemented': {'count': 2240}, 'test::tumor_glioma': {'count': 300}, 'test::tumor_meningioma': {'count': 306}, 'test::tumor_notumor': {'count': 405}, 'test::tumor_pituitary': {'count': 300}, 'train::dementia_MildDemented': {'count': 7000}, 'train::dementia_ModerateDemented': {'count': 7000}, 'train::dementia_NonDemented': {'count': 8960}, 'train::dementia_VeryMildDemented': {'count': 7840}, 'train::tumor_glioma': {'count': 1189}, 'train::tumor_meningioma': {'count': 1205}, 'train::tumor_notumor': {'count': 1435}, 'train::tumor_pituitary': {'count': 1311}, 'val::dementia_MildDemented': {'count': 1000}, 'val::dementia_ModerateDemented': {'count': 1000}, 'val::dementia_NonDemented': {'count': 1280}, 'val::dementia_VeryMildDemented': {'count': 1120}, 'val::tumor_glioma': {'count': 132}, 'val::tumor_meningioma': {'count': 134}, 'val::tumor_notumor': {'count': 160}, 'val::tumor_pituitary': {'count': 146}}}}\n"}
,{"stream_name":"stdout","time":84.940376401,"data":"\n"}
,{"stream_name":"stdout","time":84.940407764,"data":"========================================================================================\n"}
,{"stream_name":"stdout","time":84.940412563,"data":"2026-05-11T15:44:55.425420+00:00 | Evaluating Qwen/Qwen2.5-VL-3B-Instruct\n"}
,{"stream_name":"stdout","time":84.940416708,"data":"========================================================================================\n"}
,{"stream_name":"stderr","time":101.412205748,"data":"[transformers] `torch_dtype` is deprecated! Use `dtype` instead!\n"}
,{"stream_name":"stderr","time":101.418605112,"data":"[transformers] `torch_dtype` is deprecated! Use `dtype` instead!\n"}
,{"stream_name":"stderr","time":106.550722302,"data":"Warning: You are sending unauthenticated requests to the HF Hub. Please set a HF_TOKEN to enable higher rate limits and faster downloads.\n"}
,{"stream_name":"stderr","time":148.07355474,"data":"\rFetching 2 files:   0%|          | 0/2 [00:00\u003c?, ?it/s]\rFetching 2 files:  50%|█████     | 1/2 [00:41\u003c00:41, 41.36s/it]\rFetching 2 files: 100%|██████████| 2/2 [00:41\u003c00:00, 20.68s/it]\n"}
,{"stream_name":"stderr","time":151.893701222,"data":"\rLoading weights:   0%|          | 0/824 [00:00\u003c?, ?it/s]\rLoading weights:   0%|          | 1/824 [00:00\u003c02:21,  5.81it/s]\rLoading weights:   0%|          | 3/824 [00:00\u003c01:21, 10.05it/s]\rLoading weights:   3%|▎         | 27/824 [00:00\u003c00:09, 81.51it/s]\rLoading weights:   6%|▌         | 51/824 [00:00\u003c00:06, 128.46it/s]\rLoading weights:   9%|▉         | 75/824 [00:00\u003c00:04, 159.35it/s]\rLoading weights:  12%|█▏        | 99/824 [00:00\u003c00:04, 179.33it/s]\rLoading weights:  15%|█▍        | 123/824 [00:00\u003c00:03, 192.62it/s]\rLoading weights:  18%|█▊        | 147/824 [00:00\u003c00:03, 201.76it/s]\rLoading weights:  21%|██        | 171/824 [00:01\u003c00:03, 207.58it/s]\rLoading weights:  24%|██▎       | 195/824 [00:01\u003c00:02, 211.31it/s]\rLoading weights:  27%|██▋       | 219/824 [00:01\u003c00:02, 215.01it/s]\rLoading weights:  29%|██▉       | 243/824 [00:01\u003c00:02, 218.10it/s]\rLoading weights:  32%|███▏      | 267/824 [00:01\u003c00:02, 219.69it/s]\rLoading weights:  35%|███▌      | 291/824 [00:01\u003c00:02, 220.69it/s]\rLoading weights:  38%|███▊      | 315/824 [00:01\u003c00:02, 218.51it/s]\rLoading weights:  41%|████      | 339/824 [00:01\u003c00:02, 219.20it/s]\rLoading weights:  44%|████▍     | 363/824 [00:01\u003c00:02, 218.20it/s]\rLoading weights:  47%|████▋     | 385/824 [00:02\u003c00:02, 217.98it/s]\rLoading weights:  49%|████▉     | 407/824 [00:02\u003c00:01, 214.85it/s]\rLoading weights:  52%|█████▏    | 429/824 [00:02\u003c00:01, 211.94it/s]\rLoading weights:  61%|██████    | 500/824 [00:02\u003c00:00, 353.24it/s]\rLoading weights:  69%|██████▉   | 570/824 [00:02\u003c00:00, 451.90it/s]\rLoading weights:  78%|███████▊  | 642/824 [00:02\u003c00:00, 525.77it/s]\rLoading weights:  87%|████████▋ | 714/824 [00:02\u003c00:00, 578.31it/s]\rLoading weights:  95%|█████████▌| 786/824 [00:02\u003c00:00, 616.10it/s]\rLoading weights: 100%|██████████| 824/824 [00:02\u003c00:00, 288.00it/s]\n"}
,{"stream_name":"stderr","time":155.406746725,"data":"[transformers] Passing `generation_config` together with generation-related arguments=({'max_new_tokens'}) is deprecated and will be removed in future versions. Please pass either a `generation_config` object OR all generation parameters explicitly, but not both.\n"}
,{"stream_name":"stderr","time":155.717684053,"data":"[transformers] Both `max_new_tokens` (=96) and `max_length`(=20) seem to have been set. `max_new_tokens` will take precedence. Please refer to the documentation for more information. (https://huggingface.co/docs/transformers/main/en/main_classes/text_generation)\n"}
,{"stream_name":"stdout","time":164.566717519,"data":"[2026-05-11T15:46:15.051652+00:00] model_eval: progress {'model_id': 'Qwen/Qwen2.5-VL-3B-Instruct', 'completed': 1, 'total': 64, 'running_accuracy': 0.0}\n"}
,{"stream_name":"stderr","time":164.590762596,"data":"[transformers] Both `max_new_tokens` (=96) and `max_length`(=20) seem to have been set. `max_new_tokens` will take precedence. Please refer to the documentation for more information. (https://huggingface.co/docs/transformers/main/en/main_classes/text_generation)\n"}
,{"stream_name":"stdout","time":171.743348169,"data":"[2026-05-11T15:46:22.228236+00:00] model_eval: progress {'model_id': 'Qwen/Qwen2.5-VL-3B-Instruct', 'completed': 2, 'total': 64, 'running_accuracy': 0.0}\n"}
,{"stream_name":"stderr","time":171.762045666,"data":"[transformers] Both `max_new_tokens` (=96) and `max_length`(=20) seem to have been set. `max_new_tokens` will take precedence. Please refer to the documentation for more information. (https://huggingface.co/docs/transformers/main/en/main_classes/text_generation)\n"}
,{"stream_name":"stdout","time":178.887129729,"data":"[2026-05-11T15:46:29.372106+00:00] model_eval: progress {'model_id': 'Qwen/Qwen2.5-VL-3B-Instruct', 'completed': 3, 'total': 64, 'running_accuracy': 0.0}\n"}
,{"stream_name":"stderr","time":178.9050098,"data":"[transformers] Both `max_new_tokens` (=96) and `max_length`(=20) seem to have been set. `max_new_tokens` will take precedence. Please refer to the documentation for more information. (https://huggingface.co/docs/transformers/main/en/main_classes/text_generation)\n"}
,{"stream_name":"stdout","time":186.010942625,"data":"[2026-05-11T15:46:36.495939+00:00] model_eval: progress {'model_id': 'Qwen/Qwen2.5-VL-3B-Instruct', 'completed': 4, 'total': 64, 'running_accuracy': 0.0}\n"}
,{"stream_name":"stderr","time":186.028667629,"data":"[transformers] Both `max_new_tokens` (=96) and `max_length`(=20) seem to have been set. `max_new_tokens` will take precedence. Please refer to the documentation for more information. (https://huggingface.co/docs/transformers/main/en/main_classes/text_generation)\n"}
,{"stream_name":"stdout","time":192.348292001,"data":"[2026-05-11T15:46:42.833285+00:00] model_eval: progress {'model_id': 'Qwen/Qwen2.5-VL-3B-Instruct', 'completed': 5, 'total': 64, 'running_accuracy': 0.0}\n"}
,{"stream_name":"stderr","time":192.365088364,"data":"[transformers] Both `max_new_tokens` (=96) and `max_length`(=20) seem to have been set. `max_new_tokens` will take precedence. Please refer to the documentation for more information. (https://huggingface.co/docs/transformers/main/en/main_classes/text_generation)\n"}
,{"stream_name":"stdout","time":198.752993032,"data":"[2026-05-11T15:46:49.237942+00:00] model_eval: progress {'model_id': 'Qwen/Qwen2.5-VL-3B-Instruct', 'completed': 6, 'total': 64, 'running_accuracy': 0.0}\n"}
,{"stream_name":"stderr","time":198.770209196,"data":"[transformers] Both `max_new_tokens` (=96) and `max_length`(=20) seem to have been set. `max_new_tokens` will take precedence. Please refer to the documentation for more information. (https://huggingface.co/docs/transformers/main/en/main_classes/text_generation)\n"}
,{"stream_name":"stdout","time":205.941726872,"data":"[2026-05-11T15:46:56.426663+00:00] model_eval: progress {'model_id': 'Qwen/Qwen2.5-VL-3B-Instruct', 'completed': 7, 'total': 64, 'running_accuracy': 0.0}\n"}
,{"stream_name":"stderr","time":205.959069398,"data":"[transformers] Both `max_new_tokens` (=96) and `max_length`(=20) seem to have been set. `max_new_tokens` will take precedence. Please refer to the documentation for more information. (https://huggingface.co/docs/transformers/main/en/main_classes/text_generation)\n"}
,{"stream_name":"stdout","time":213.127761987,"data":"[2026-05-11T15:47:03.612765+00:00] model_eval: progress {'model_id': 'Qwen/Qwen2.5-VL-3B-Instruct', 'completed': 8, 'total': 64, 'running_accuracy': 0.0}\n"}
,{"stream_name":"stderr","time":213.141331557,"data":"[transformers] Both `max_new_tokens` (=96) and `max_length`(=20) seem to have been set. `max_new_tokens` will take precedence. Please refer to the documentation for more information. (https://huggingface.co/docs/transformers/main/en/main_classes/text_generation)\n"}
,{"stream_name":"stdout","time":222.668316521,"data":"[2026-05-11T15:47:13.153194+00:00] model_eval: progress {'model_id': 'Qwen/Qwen2.5-VL-3B-Instruct', 'completed': 9, 'total': 64, 'running_accuracy': 0.1111}\n"}
,{"stream_name":"stderr","time":222.680291467,"data":"[transformers] Both `max_new_tokens` (=96) and `max_length`(=20) seem to have been set. `max_new_tokens` will take precedence. Please refer to the documentation for more information. (https://huggingface.co/docs/transformers/main/en/main_classes/text_generation)\n"}
,{"stream_name":"stdout","time":228.541755543,"data":"[2026-05-11T15:47:19.026756+00:00] model_eval: progress {'model_id': 'Qwen/Qwen2.5-VL-3B-Instruct', 'completed': 10, 'total': 64, 'running_accuracy': 0.1}\n"}
,{"stream_name":"stderr","time":228.542681301,"data":"[transformers] You seem to be using the pipelines sequentially on GPU. In order to maximize efficiency please use a dataset\n"}
,{"stream_name":"stderr","time":228.553188261,"data":"[transformers] Both `max_new_tokens` (=96) and `max_length`(=20) seem to have been set. `max_new_tokens` will take precedence. Please refer to the documentation for more information. (https://huggingface.co/docs/transformers/main/en/main_classes/text_generation)\n"}
,{"stream_name":"stdout","time":234.863829306,"data":"[2026-05-11T15:47:25.348724+00:00] model_eval: progress {'model_id': 'Qwen/Qwen2.5-VL-3B-Instruct', 'completed': 11, 'total': 64, 'running_accuracy': 0.1818}\n"}
,{"stream_name":"stderr","time":234.875473006,"data":"[transformers] Both `max_new_tokens` (=96) and `max_length`(=20) seem to have been set. `max_new_tokens` will take precedence. Please refer to the documentation for more information. (https://huggingface.co/docs/transformers/main/en/main_classes/text_generation)\n"}
,{"stream_name":"stdout","time":242.633628296,"data":"[2026-05-11T15:47:33.118569+00:00] model_eval: progress {'model_id': 'Qwen/Qwen2.5-VL-3B-Instruct', 'completed': 12, 'total': 64, 'running_accuracy': 0.1667}\n"}
,{"stream_name":"stderr","time":242.657436691,"data":"[transformers] Both `max_new_tokens` (=96) and `max_length`(=20) seem to have been set. `max_new_tokens` will take precedence. Please refer to the documentation for more information. (https://huggingface.co/docs/transformers/main/en/main_classes/text_generation)\n"}
,{"stream_name":"stdout","time":249.664976874,"data":"[2026-05-11T15:47:40.149912+00:00] model_eval: progress {'model_id': 'Qwen/Qwen2.5-VL-3B-Instruct', 'completed': 13, 'total': 64, 'running_accuracy': 0.1538}\n"}
,{"stream_name":"stderr","time":249.678119073,"data":"[transformers] Both `max_new_tokens` (=96) and `max_length`(=20) seem to have been set. `max_new_tokens` will take precedence. Please refer to the documentation for more information. (https://huggingface.co/docs/transformers/main/en/main_classes/text_generation)\n"}
,{"stream_name":"stdout","time":255.980796682,"data":"[2026-05-11T15:47:46.465755+00:00] model_eval: progress {'model_id': 'Qwen/Qwen2.5-VL-3B-Instruct', 'completed': 14, 'total': 64, 'running_accuracy': 0.1429}\n"}
,{"stream_name":"stderr","time":255.992198376,"data":"[transformers] Both `max_new_tokens` (=96) and `max_length`(=20) seem to have been set. `max_new_tokens` will take precedence. Please refer to the documentation for more information. (https://huggingface.co/docs/transformers/main/en/main_classes/text_generation)\n"}
,{"stream_name":"stdout","time":261.881998989,"data":"[2026-05-11T15:47:52.366960+00:00] model_eval: progress {'model_id': 'Qwen/Qwen2.5-VL-3B-Instruct', 'completed': 15, 'total': 64, 'running_accuracy': 0.1333}\n"}
,{"stream_name":"stderr","time":261.895245028,"data":"[transformers] Both `max_new_tokens` (=96) and `max_length`(=20) seem to have been set. `max_new_tokens` will take precedence. Please refer to the documentation for more information. (https://huggingface.co/docs/transformers/main/en/main_classes/text_generation)\n"}
,{"stream_name":"stdout","time":271.130008423,"data":"[2026-05-11T15:48:01.614999+00:00] model_eval: progress {'model_id': 'Qwen/Qwen2.5-VL-3B-Instruct', 'completed': 16, 'total': 64, 'running_accuracy': 0.1875}\n"}
,{"stream_name":"stderr","time":271.141484327,"data":"[transformers] Both `max_new_tokens` (=96) and `max_length`(=20) seem to have been set. `max_new_tokens` will take precedence. Please refer to the documentation for more information. (https://huggingface.co/docs/transformers/main/en/main_classes/text_generation)\n"}
,{"stream_name":"stdout","time":277.044795942,"data":"[2026-05-11T15:48:07.529694+00:00] model_eval: progress {'model_id': 'Qwen/Qwen2.5-VL-3B-Instruct', 'completed': 17, 'total': 64, 'running_accuracy': 0.2353}\n"}
,{"stream_name":"stderr","time":277.05681913,"data":"[transformers] Both `max_new_tokens` (=96) and `max_length`(=20) seem to have been set. `max_new_tokens` will take precedence. Please refer to the documentation for more information. (https://huggingface.co/docs/transformers/main/en/main_classes/text_generation)\n"}
,{"stream_name":"stdout","time":282.982334143,"data":"[2026-05-11T15:48:13.467292+00:00] model_eval: progress {'model_id': 'Qwen/Qwen2.5-VL-3B-Instruct', 'completed': 18, 'total': 64, 'running_accuracy': 0.2778}\n"}
,{"stream_name":"stderr","time":282.994944286,"data":"[transformers] Both `max_new_tokens` (=96) and `max_length`(=20) seem to have been set. `max_new_tokens` will take precedence. Please refer to the documentation for more information. (https://huggingface.co/docs/transformers/main/en/main_classes/text_generation)\n"}
,{"stream_name":"stdout","time":288.201802709,"data":"[2026-05-11T15:48:18.686694+00:00] model_eval: progress {'model_id': 'Qwen/Qwen2.5-VL-3B-Instruct', 'completed': 19, 'total': 64, 'running_accuracy': 0.3158}\n"}
,{"stream_name":"stderr","time":288.21337562,"data":"[transformers] Both `max_new_tokens` (=96) and `max_length`(=20) seem to have been set. `max_new_tokens` will take precedence. Please refer to the documentation for more information. (https://huggingface.co/docs/transformers/main/en/main_classes/text_generation)\n"}
,{"stream_name":"stdout","time":294.110884854,"data":"[2026-05-11T15:48:24.595777+00:00] model_eval: progress {'model_id': 'Qwen/Qwen2.5-VL-3B-Instruct', 'completed': 20, 'total': 64, 'running_accuracy': 0.35}\n"}
,{"stream_name":"stderr","time":294.123036822,"data":"[transformers] Both `max_new_tokens` (=96) and `max_length`(=20) seem to have been set. `max_new_tokens` will take precedence. Please refer to the documentation for more information. (https://huggingface.co/docs/transformers/main/en/main_classes/text_generation)\n"}
,{"stream_name":"stdout","time":298.799405953,"data":"[2026-05-11T15:48:29.284282+00:00] model_eval: progress {'model_id': 'Qwen/Qwen2.5-VL-3B-Instruct', 'completed': 21, 'total': 64, 'running_accuracy': 0.381}\n"}
,{"stream_name":"stderr","time":298.811139658,"data":"[transformers] Both `max_new_tokens` (=96) and `max_length`(=20) seem to have been set. `max_new_tokens` will take precedence. Please refer to the documentation for more information. (https://huggingface.co/docs/transformers/main/en/main_classes/text_generation)\n"}
,{"stream_name":"stdout","time":303.377289046,"data":"[2026-05-11T15:48:33.862271+00:00] model_eval: progress {'model_id': 'Qwen/Qwen2.5-VL-3B-Instruct', 'completed': 22, 'total': 64, 'running_accuracy': 0.4091}\n"}
,{"stream_name":"stderr","time":303.388711786,"data":"[transformers] Both `max_new_tokens` (=96) and `max_length`(=20) seem to have been set. `max_new_tokens` will take precedence. Please refer to the documentation for more information. (https://huggingface.co/docs/transformers/main/en/main_classes/text_generation)\n"}
,{"stream_name":"stdout","time":309.369856446,"data":"[2026-05-11T15:48:39.854808+00:00] model_eval: progress {'model_id': 'Qwen/Qwen2.5-VL-3B-Instruct', 'completed': 23, 'total': 64, 'running_accuracy': 0.4348}\n"}
,{"stream_name":"stderr","time":309.38101988,"data":"[transformers] Both `max_new_tokens` (=96) and `max_length`(=20) seem to have been set. `max_new_tokens` will take precedence. Please refer to the documentation for more information. (https://huggingface.co/docs/transformers/main/en/main_classes/text_generation)\n"}
,{"stream_name":"stdout","time":315.319618314,"data":"[2026-05-11T15:48:45.804543+00:00] model_eval: progress {'model_id': 'Qwen/Qwen2.5-VL-3B-Instruct', 'completed': 24, 'total': 64, 'running_accuracy': 0.4583}\n"}
,{"stream_name":"stderr","time":315.338179425,"data":"[transformers] Both `max_new_tokens` (=96) and `max_length`(=20) seem to have been set. `max_new_tokens` will take precedence. Please refer to the documentation for more information. (https://huggingface.co/docs/transformers/main/en/main_classes/text_generation)\n"}
,{"stream_name":"stdout","time":321.842196573,"data":"[2026-05-11T15:48:52.327156+00:00] model_eval: progress {'model_id': 'Qwen/Qwen2.5-VL-3B-Instruct', 'completed': 25, 'total': 64, 'running_accuracy': 0.44}\n"}
,{"stream_name":"stderr","time":321.859582565,"data":"[transformers] Both `max_new_tokens` (=96) and `max_length`(=20) seem to have been set. `max_new_tokens` will take precedence. Please refer to the documentation for more information. (https://huggingface.co/docs/transformers/main/en/main_classes/text_generation)\n"}
,{"stream_name":"stdout","time":329.153948906,"data":"[2026-05-11T15:48:59.638897+00:00] model_eval: progress {'model_id': 'Qwen/Qwen2.5-VL-3B-Instruct', 'completed': 26, 'total': 64, 'running_accuracy': 0.4231}\n"}
,{"stream_name":"stderr","time":329.171140456,"data":"[transformers] Both `max_new_tokens` (=96) and `max_length`(=20) seem to have been set. `max_new_tokens` will take precedence. Please refer to the documentation for more information. (https://huggingface.co/docs/transformers/main/en/main_classes/text_generation)\n"}
,{"stream_name":"stdout","time":335.300368713,"data":"[2026-05-11T15:49:05.785318+00:00] model_eval: progress {'model_id': 'Qwen/Qwen2.5-VL-3B-Instruct', 'completed': 27, 'total': 64, 'running_accuracy': 0.4074}\n"}
,{"stream_name":"stderr","time":335.318165174,"data":"[transformers] Both `max_new_tokens` (=96) and `max_length`(=20) seem to have been set. `max_new_tokens` will take precedence. Please refer to the documentation for more information. (https://huggingface.co/docs/transformers/main/en/main_classes/text_generation)\n"}
,{"stream_name":"stdout","time":343.346312844,"data":"[2026-05-11T15:49:13.831204+00:00] model_eval: progress {'model_id': 'Qwen/Qwen2.5-VL-3B-Instruct', 'completed': 28, 'total': 64, 'running_accuracy': 0.3929}\n"}
,{"stream_name":"stderr","time":343.363717153,"data":"[transformers] Both `max_new_tokens` (=96) and `max_length`(=20) seem to have been set. `max_new_tokens` will take precedence. Please refer to the documentation for more information. (https://huggingface.co/docs/transformers/main/en/main_classes/text_generation)\n"}
,{"stream_name":"stdout","time":351.151651547,"data":"[2026-05-11T15:49:21.636582+00:00] model_eval: progress {'model_id': 'Qwen/Qwen2.5-VL-3B-Instruct', 'completed': 29, 'total': 64, 'running_accuracy': 0.3793}\n"}
,{"stream_name":"stderr","time":351.170298298,"data":"[transformers] Both `max_new_tokens` (=96) and `max_length`(=20) seem to have been set. `max_new_tokens` will take precedence. Please refer to the documentation for more information. (https://huggingface.co/docs/transformers/main/en/main_classes/text_generation)\n"}
,{"stream_name":"stdout","time":361.786973254,"data":"[2026-05-11T15:49:32.271883+00:00] model_eval: progress {'model_id': 'Qwen/Qwen2.5-VL-3B-Instruct', 'completed': 30, 'total': 64, 'running_accuracy': 0.3667}\n"}
,{"stream_name":"stderr","time":361.804056888,"data":"[transformers] Both `max_new_tokens` (=96) and `max_length`(=20) seem to have been set. `max_new_tokens` will take precedence. Please refer to the documentation for more information. (https://huggingface.co/docs/transformers/main/en/main_classes/text_generation)\n"}
,{"stream_name":"stdout","time":368.502267397,"data":"[2026-05-11T15:49:38.987196+00:00] model_eval: progress {'model_id': 'Qwen/Qwen2.5-VL-3B-Instruct', 'completed': 31, 'total': 64, 'running_accuracy': 0.3548}\n"}
,{"stream_name":"stderr","time":368.519793963,"data":"[transformers] Both `max_new_tokens` (=96) and `max_length`(=20) seem to have been set. `max_new_tokens` will take precedence. Please refer to the documentation for more information. (https://huggingface.co/docs/transformers/main/en/main_classes/text_generation)\n"}
,{"stream_name":"stdout","time":377.733476806,"data":"[2026-05-11T15:49:48.218387+00:00] model_eval: progress {'model_id': 'Qwen/Qwen2.5-VL-3B-Instruct', 'completed': 32, 'total': 64, 'running_accuracy': 0.3438}\n"}
,{"stream_name":"stderr","time":377.744207705,"data":"[transformers] Both `max_new_tokens` (=96) and `max_length`(=20) seem to have been set. `max_new_tokens` will take precedence. Please refer to the documentation for more information. (https://huggingface.co/docs/transformers/main/en/main_classes/text_generation)\n"}
,{"stream_name":"stdout","time":385.415799628,"data":"[2026-05-11T15:49:55.900679+00:00] model_eval: progress {'model_id': 'Qwen/Qwen2.5-VL-3B-Instruct', 'completed': 33, 'total': 64, 'running_accuracy': 0.3333}\n"}
,{"stream_name":"stderr","time":385.42633978,"data":"[transformers] Both `max_new_tokens` (=96) and `max_length`(=20) seem to have been set. `max_new_tokens` will take precedence. Please refer to the documentation for more information. (https://huggingface.co/docs/transformers/main/en/main_classes/text_generation)\n"}
,{"stream_name":"stdout","time":391.121119719,"data":"[2026-05-11T15:50:01.606008+00:00] model_eval: progress {'model_id': 'Qwen/Qwen2.5-VL-3B-Instruct', 'completed': 34, 'total': 64, 'running_accuracy': 0.3235}\n"}
,{"stream_name":"stderr","time":391.132569457,"data":"[transformers] Both `max_new_tokens` (=96) and `max_length`(=20) seem to have been set. `max_new_tokens` will take precedence. Please refer to the documentation for more information. (https://huggingface.co/docs/transformers/main/en/main_classes/text_generation)\n"}
,{"stream_name":"stdout","time":395.406743474,"data":"[2026-05-11T15:50:05.891644+00:00] model_eval: progress {'model_id': 'Qwen/Qwen2.5-VL-3B-Instruct', 'completed': 35, 'total': 64, 'running_accuracy': 0.3143}\n"}
,{"stream_name":"stderr","time":395.41754678,"data":"[transformers] Both `max_new_tokens` (=96) and `max_length`(=20) seem to have been set. `max_new_tokens` will take precedence. Please refer to the documentation for more information. (https://huggingface.co/docs/transformers/main/en/main_classes/text_generation)\n"}
,{"stream_name":"stdout","time":399.713170453,"data":"[2026-05-11T15:50:10.198045+00:00] model_eval: progress {'model_id': 'Qwen/Qwen2.5-VL-3B-Instruct', 'completed': 36, 'total': 64, 'running_accuracy': 0.3056}\n"}
,{"stream_name":"stderr","time":399.724194571,"data":"[transformers] Both `max_new_tokens` (=96) and `max_length`(=20) seem to have been set. `max_new_tokens` will take precedence. Please refer to the documentation for more information. (https://huggingface.co/docs/transformers/main/en/main_classes/text_generation)\n"}
,{"stream_name":"stdout","time":404.101132001,"data":"[2026-05-11T15:50:14.586066+00:00] model_eval: progress {'model_id': 'Qwen/Qwen2.5-VL-3B-Instruct', 'completed': 37, 'total': 64, 'running_accuracy': 0.2973}\n"}
,{"stream_name":"stderr","time":404.112341157,"data":"[transformers] Both `max_new_tokens` (=96) and `max_length`(=20) seem to have been set. `max_new_tokens` will take precedence. Please refer to the documentation for more information. (https://huggingface.co/docs/transformers/main/en/main_classes/text_generation)\n"}
,{"stream_name":"stdout","time":408.576936689,"data":"[2026-05-11T15:50:19.061870+00:00] model_eval: progress {'model_id': 'Qwen/Qwen2.5-VL-3B-Instruct', 'completed': 38, 'total': 64, 'running_accuracy': 0.2895}\n"}
,{"stream_name":"stderr","time":408.587593737,"data":"[transformers] Both `max_new_tokens` (=96) and `max_length`(=20) seem to have been set. `max_new_tokens` will take precedence. Please refer to the documentation for more information. (https://huggingface.co/docs/transformers/main/en/main_classes/text_generation)\n"}
,{"stream_name":"stdout","time":414.407020019,"data":"[2026-05-11T15:50:24.891979+00:00] model_eval: progress {'model_id': 'Qwen/Qwen2.5-VL-3B-Instruct', 'completed': 39, 'total': 64, 'running_accuracy': 0.2821}\n"}
,{"stream_name":"stderr","time":414.418697588,"data":"[transformers] Both `max_new_tokens` (=96) and `max_length`(=20) seem to have been set. `max_new_tokens` will take precedence. Please refer to the documentation for more information. (https://huggingface.co/docs/transformers/main/en/main_classes/text_generation)\n"}
,{"stream_name":"stdout","time":420.11773906,"data":"[2026-05-11T15:50:30.602639+00:00] model_eval: progress {'model_id': 'Qwen/Qwen2.5-VL-3B-Instruct', 'completed': 40, 'total': 64, 'running_accuracy': 0.275}\n"}
,{"stream_name":"stderr","time":420.128563235,"data":"[transformers] Both `max_new_tokens` (=96) and `max_length`(=20) seem to have been set. `max_new_tokens` will take precedence. Please refer to the documentation for more information. (https://huggingface.co/docs/transformers/main/en/main_classes/text_generation)\n"}
,{"stream_name":"stdout","time":425.856945856,"data":"[2026-05-11T15:50:36.341890+00:00] model_eval: progress {'model_id': 'Qwen/Qwen2.5-VL-3B-Instruct', 'completed': 41, 'total': 64, 'running_accuracy': 0.2683}\n"}
,{"stream_name":"stderr","time":425.868157432,"data":"[transformers] Both `max_new_tokens` (=96) and `max_length`(=20) seem to have been set. `max_new_tokens` will take precedence. Please refer to the documentation for more information. (https://huggingface.co/docs/transformers/main/en/main_classes/text_generation)\n"}
,{"stream_name":"stdout","time":430.141437814,"data":"[2026-05-11T15:50:40.626401+00:00] model_eval: progress {'model_id': 'Qwen/Qwen2.5-VL-3B-Instruct', 'completed': 42, 'total': 64, 'running_accuracy': 0.2619}\n"}
,{"stream_name":"stderr","time":430.152580854,"data":"[transformers] Both `max_new_tokens` (=96) and `max_length`(=20) seem to have been set. `max_new_tokens` will take precedence. Please refer to the documentation for more information. (https://huggingface.co/docs/transformers/main/en/main_classes/text_generation)\n"}
,{"stream_name":"stdout","time":435.794791544,"data":"[2026-05-11T15:50:46.279779+00:00] model_eval: progress {'model_id': 'Qwen/Qwen2.5-VL-3B-Instruct', 'completed': 43, 'total': 64, 'running_accuracy': 0.2558}\n"}
,{"stream_name":"stderr","time":435.805569064,"data":"[transformers] Both `max_new_tokens` (=96) and `max_length`(=20) seem to have been set. `max_new_tokens` will take precedence. Please refer to the documentation for more information. (https://huggingface.co/docs/transformers/main/en/main_classes/text_generation)\n"}
,{"stream_name":"stdout","time":441.518989556,"data":"[2026-05-11T15:50:52.003850+00:00] model_eval: progress {'model_id': 'Qwen/Qwen2.5-VL-3B-Instruct', 'completed': 44, 'total': 64, 'running_accuracy': 0.25}\n"}
,{"stream_name":"stderr","time":441.529759457,"data":"[transformers] Both `max_new_tokens` (=96) and `max_length`(=20) seem to have been set. `max_new_tokens` will take precedence. Please refer to the documentation for more information. (https://huggingface.co/docs/transformers/main/en/main_classes/text_generation)\n"}
,{"stream_name":"stdout","time":447.310462274,"data":"[2026-05-11T15:50:57.795337+00:00] model_eval: progress {'model_id': 'Qwen/Qwen2.5-VL-3B-Instruct', 'completed': 45, 'total': 64, 'running_accuracy': 0.2444}\n"}
,{"stream_name":"stderr","time":447.321297022,"data":"[transformers] Both `max_new_tokens` (=96) and `max_length`(=20) seem to have been set. `max_new_tokens` will take precedence. Please refer to the documentation for more information. (https://huggingface.co/docs/transformers/main/en/main_classes/text_generation)\n"}
,{"stream_name":"stdout","time":453.037173264,"data":"[2026-05-11T15:51:03.522115+00:00] model_eval: progress {'model_id': 'Qwen/Qwen2.5-VL-3B-Instruct', 'completed': 46, 'total': 64, 'running_accuracy': 0.2391}\n"}
,{"stream_name":"stderr","time":453.048691973,"data":"[transformers] Both `max_new_tokens` (=96) and `max_length`(=20) seem to have been set. `max_new_tokens` will take precedence. Please refer to the documentation for more information. (https://huggingface.co/docs/transformers/main/en/main_classes/text_generation)\n"}
,{"stream_name":"stdout","time":458.712736135,"data":"[2026-05-11T15:51:09.197613+00:00] model_eval: progress {'model_id': 'Qwen/Qwen2.5-VL-3B-Instruct', 'completed': 47, 'total': 64, 'running_accuracy': 0.234}\n"}
,{"stream_name":"stderr","time":458.724699156,"data":"[transformers] Both `max_new_tokens` (=96) and `max_length`(=20) seem to have been set. `max_new_tokens` will take precedence. Please refer to the documentation for more information. (https://huggingface.co/docs/transformers/main/en/main_classes/text_generation)\n"}
,{"stream_name":"stdout","time":464.562969795,"data":"[2026-05-11T15:51:15.047905+00:00] model_eval: progress {'model_id': 'Qwen/Qwen2.5-VL-3B-Instruct', 'completed': 48, 'total': 64, 'running_accuracy': 0.2292}\n"}
,{"stream_name":"stderr","time":464.573851305,"data":"[transformers] Both `max_new_tokens` (=96) and `max_length`(=20) seem to have been set. `max_new_tokens` will take precedence. Please refer to the documentation for more information. (https://huggingface.co/docs/transformers/main/en/main_classes/text_generation)\n"}
,{"stream_name":"stdout","time":468.88510426,"data":"[2026-05-11T15:51:19.369985+00:00] model_eval: progress {'model_id': 'Qwen/Qwen2.5-VL-3B-Instruct', 'completed': 49, 'total': 64, 'running_accuracy': 0.2245}\n"}
,{"stream_name":"stderr","time":468.89577247,"data":"[transformers] Both `max_new_tokens` (=96) and `max_length`(=20) seem to have been set. `max_new_tokens` will take precedence. Please refer to the documentation for more information. (https://huggingface.co/docs/transformers/main/en/main_classes/text_generation)\n"}
,{"stream_name":"stdout","time":474.624939863,"data":"[2026-05-11T15:51:25.109887+00:00] model_eval: progress {'model_id': 'Qwen/Qwen2.5-VL-3B-Instruct', 'completed': 50, 'total': 64, 'running_accuracy': 0.22}\n"}
,{"stream_name":"stderr","time":474.63493627,"data":"[transformers] Both `max_new_tokens` (=96) and `max_length`(=20) seem to have been set. `max_new_tokens` will take precedence. Please refer to the documentation for more information. (https://huggingface.co/docs/transformers/main/en/main_classes/text_generation)\n"}
,{"stream_name":"stdout","time":480.27951715,"data":"[2026-05-11T15:51:30.764380+00:00] model_eval: progress {'model_id': 'Qwen/Qwen2.5-VL-3B-Instruct', 'completed': 51, 'total': 64, 'running_accuracy': 0.2157}\n"}
,{"stream_name":"stderr","time":480.29046717,"data":"[transformers] Both `max_new_tokens` (=96) and `max_length`(=20) seem to have been set. `max_new_tokens` will take precedence. Please refer to the documentation for more information. (https://huggingface.co/docs/transformers/main/en/main_classes/text_generation)\n"}
,{"stream_name":"stdout","time":484.619530863,"data":"[2026-05-11T15:51:35.104416+00:00] model_eval: progress {'model_id': 'Qwen/Qwen2.5-VL-3B-Instruct', 'completed': 52, 'total': 64, 'running_accuracy': 0.2115}\n"}
,{"stream_name":"stderr","time":484.630269753,"data":"[transformers] Both `max_new_tokens` (=96) and `max_length`(=20) seem to have been set. `max_new_tokens` will take precedence. Please refer to the documentation for more information. (https://huggingface.co/docs/transformers/main/en/main_classes/text_generation)\n"}
,{"stream_name":"stdout","time":490.313649817,"data":"[2026-05-11T15:51:40.798594+00:00] model_eval: progress {'model_id': 'Qwen/Qwen2.5-VL-3B-Instruct', 'completed': 53, 'total': 64, 'running_accuracy': 0.2075}\n"}
,{"stream_name":"stderr","time":490.324165019,"data":"[transformers] Both `max_new_tokens` (=96) and `max_length`(=20) seem to have been set. `max_new_tokens` will take precedence. Please refer to the documentation for more information. (https://huggingface.co/docs/transformers/main/en/main_classes/text_generation)\n"}
,{"stream_name":"stdout","time":495.976827168,"data":"[2026-05-11T15:51:46.461814+00:00] model_eval: progress {'model_id': 'Qwen/Qwen2.5-VL-3B-Instruct', 'completed': 54, 'total': 64, 'running_accuracy': 0.2037}\n"}
,{"stream_name":"stderr","time":495.987366686,"data":"[transformers] Both `max_new_tokens` (=96) and `max_length`(=20) seem to have been set. `max_new_tokens` will take precedence. Please refer to the documentation for more information. (https://huggingface.co/docs/transformers/main/en/main_classes/text_generation)\n"}
,{"stream_name":"stdout","time":500.562477461,"data":"[2026-05-11T15:51:51.047437+00:00] model_eval: progress {'model_id': 'Qwen/Qwen2.5-VL-3B-Instruct', 'completed': 55, 'total': 64, 'running_accuracy': 0.2}\n"}
,{"stream_name":"stderr","time":500.572760725,"data":"[transformers] Both `max_new_tokens` (=96) and `max_length`(=20) seem to have been set. `max_new_tokens` will take precedence. Please refer to the documentation for more information. (https://huggingface.co/docs/transformers/main/en/main_classes/text_generation)\n"}
,{"stream_name":"stdout","time":506.267925491,"data":"[2026-05-11T15:51:56.752881+00:00] model_eval: progress {'model_id': 'Qwen/Qwen2.5-VL-3B-Instruct', 'completed': 56, 'total': 64, 'running_accuracy': 0.1964}\n"}
,{"stream_name":"stderr","time":506.278667347,"data":"[transformers] Both `max_new_tokens` (=96) and `max_length`(=20) seem to have been set. `max_new_tokens` will take precedence. Please refer to the documentation for more information. (https://huggingface.co/docs/transformers/main/en/main_classes/text_generation)\n"}
,{"stream_name":"stdout","time":512.025151428,"data":"[2026-05-11T15:52:02.510138+00:00] model_eval: progress {'model_id': 'Qwen/Qwen2.5-VL-3B-Instruct', 'completed': 57, 'total': 64, 'running_accuracy': 0.193}\n"}
,{"stream_name":"stderr","time":512.037035724,"data":"[transformers] Both `max_new_tokens` (=96) and `max_length`(=20) seem to have been set. `max_new_tokens` will take precedence. Please refer to the documentation for more information. (https://huggingface.co/docs/transformers/main/en/main_classes/text_generation)\n"}
,{"stream_name":"stdout","time":516.890908934,"data":"[2026-05-11T15:52:07.375848+00:00] model_eval: progress {'model_id': 'Qwen/Qwen2.5-VL-3B-Instruct', 'completed': 58, 'total': 64, 'running_accuracy': 0.1897}\n"}
,{"stream_name":"stderr","time":516.90209988,"data":"[transformers] Both `max_new_tokens` (=96) and `max_length`(=20) seem to have been set. `max_new_tokens` will take precedence. Please refer to the documentation for more information. (https://huggingface.co/docs/transformers/main/en/main_classes/text_generation)\n"}
,{"stream_name":"stdout","time":522.697752145,"data":"[2026-05-11T15:52:13.182690+00:00] model_eval: progress {'model_id': 'Qwen/Qwen2.5-VL-3B-Instruct', 'completed': 59, 'total': 64, 'running_accuracy': 0.1864}\n"}
,{"stream_name":"stderr","time":522.708332889,"data":"[transformers] Both `max_new_tokens` (=96) and `max_length`(=20) seem to have been set. `max_new_tokens` will take precedence. Please refer to the documentation for more information. (https://huggingface.co/docs/transformers/main/en/main_classes/text_generation)\n"}
,{"stream_name":"stdout","time":527.055899636,"data":"[2026-05-11T15:52:17.540865+00:00] model_eval: progress {'model_id': 'Qwen/Qwen2.5-VL-3B-Instruct', 'completed': 60, 'total': 64, 'running_accuracy': 0.1833}\n"}
,{"stream_name":"stderr","time":527.06819826,"data":"[transformers] Both `max_new_tokens` (=96) and `max_length`(=20) seem to have been set. `max_new_tokens` will take precedence. Please refer to the documentation for more information. (https://huggingface.co/docs/transformers/main/en/main_classes/text_generation)\n"}
,{"stream_name":"stdout","time":532.742539606,"data":"[2026-05-11T15:52:23.227484+00:00] model_eval: progress {'model_id': 'Qwen/Qwen2.5-VL-3B-Instruct', 'completed': 61, 'total': 64, 'running_accuracy': 0.1803}\n"}
,{"stream_name":"stderr","time":532.753557373,"data":"[transformers] Both `max_new_tokens` (=96) and `max_length`(=20) seem to have been set. `max_new_tokens` will take precedence. Please refer to the documentation for more information. (https://huggingface.co/docs/transformers/main/en/main_classes/text_generation)\n"}
,{"stream_name":"stdout","time":537.665010944,"data":"[2026-05-11T15:52:28.149862+00:00] model_eval: progress {'model_id': 'Qwen/Qwen2.5-VL-3B-Instruct', 'completed': 62, 'total': 64, 'running_accuracy': 0.1774}\n"}
,{"stream_name":"stderr","time":537.675256087,"data":"[transformers] Both `max_new_tokens` (=96) and `max_length`(=20) seem to have been set. `max_new_tokens` will take precedence. Please refer to the documentation for more information. (https://huggingface.co/docs/transformers/main/en/main_classes/text_generation)\n"}
,{"stream_name":"stdout","time":543.472098444,"data":"[2026-05-11T15:52:33.957043+00:00] model_eval: progress {'model_id': 'Qwen/Qwen2.5-VL-3B-Instruct', 'completed': 63, 'total': 64, 'running_accuracy': 0.1746}\n"}
,{"stream_name":"stderr","time":543.483123622,"data":"[transformers] Both `max_new_tokens` (=96) and `max_length`(=20) seem to have been set. `max_new_tokens` will take precedence. Please refer to the documentation for more information. (https://huggingface.co/docs/transformers/main/en/main_classes/text_generation)\n"}
,{"stream_name":"stdout","time":549.267692499,"data":"[2026-05-11T15:52:39.752560+00:00] model_eval: progress {'model_id': 'Qwen/Qwen2.5-VL-3B-Instruct', 'completed': 64, 'total': 64, 'running_accuracy': 0.1719}\n"}
,{"stream_name":"stdout","time":549.690982343,"data":"[2026-05-11T15:52:40.175849+00:00] model_eval: completed {'model_id': 'Qwen/Qwen2.5-VL-3B-Instruct', 'accuracy': 0.171875, 'n': 64}\n"}
,{"stream_name":"stdout","time":549.691021956,"data":"\n"}
,{"stream_name":"stdout","time":549.691026932,"data":"========================================================================================\n"}
,{"stream_name":"stdout","time":549.691031637,"data":"2026-05-11T15:52:40.176094+00:00 | Evaluating Qwen/Qwen2-VL-2B-Instruct\n"}
,{"stream_name":"stdout","time":549.69103607,"data":"========================================================================================\n"}
,{"stream_name":"stderr","time":571.812001276,"data":"\rFetching 2 files:   0%|          | 0/2 [00:00\u003c?, ?it/s]\rFetching 2 files:  50%|█████     | 1/2 [00:21\u003c00:21, 21.54s/it]\rFetching 2 files: 100%|██████████| 2/2 [00:21\u003c00:00, 10.77s/it]\n"}
,{"stream_name":"stderr","time":574.937705421,"data":"\rLoading weights:   0%|          | 0/729 [00:00\u003c?, ?it/s]\rLoading weights:   0%|          | 1/729 [00:00\u003c01:29,  8.09it/s]\rLoading weights:   4%|▍         | 28/729 [00:00\u003c00:05, 136.84it/s]\rLoading weights:   6%|▌         | 43/729 [00:00\u003c00:04, 138.68it/s]\rLoading weights:   9%|▊         | 63/729 [00:00\u003c00:04, 150.17it/s]\rLoading weights:  11%|█         | 79/729 [00:00\u003c00:04, 142.79it/s]\rLoading weights:  14%|█▎        | 100/729 [00:00\u003c00:04, 156.61it/s]\rLoading weights:  16%|█▋        | 119/729 [00:00\u003c00:03, 166.13it/s]\rLoading weights:  20%|██        | 147/729 [00:00\u003c00:02, 194.74it/s]\rLoading weights:  23%|██▎       | 167/729 [00:01\u003c00:03, 184.51it/s]\rLoading weights:  26%|██▌       | 186/729 [00:01\u003c00:03, 162.90it/s]\rLoading weights:  29%|██▊       | 208/729 [00:01\u003c00:03, 168.66it/s]\rLoading weights:  31%|███       | 226/729 [00:01\u003c00:02, 170.18it/s]\rLoading weights:  33%|███▎      | 244/729 [00:01\u003c00:02, 168.73it/s]\rLoading weights:  36%|███▌      | 263/729 [00:01\u003c00:02, 173.49it/s]\rLoading weights:  39%|███▊      | 281/729 [00:01\u003c00:02, 169.66it/s]\rLoading weights:  43%|████▎     | 317/729 [00:01\u003c00:01, 217.20it/s]\rLoading weights:  49%|████▉     | 358/729 [00:01\u003c00:01, 265.07it/s]\rLoading weights:  57%|█████▋    | 418/729 [00:02\u003c00:00, 355.88it/s]\rLoading weights:  65%|██████▌   | 476/729 [00:02\u003c00:00, 405.85it/s]\rLoading weights:  71%|███████   | 517/729 [00:02\u003c00:00, 391.29it/s]\rLoading weights:  76%|███████▋  | 557/729 [00:02\u003c00:00, 380.24it/s]\rLoading weights:  82%|████████▏ | 596/729 [00:02\u003c00:00, 358.01it/s]\rLoading weights:  88%|████████▊ | 642/729 [00:02\u003c00:00, 385.51it/s]\rLoading weights:  98%|█████████▊| 714/729 [00:02\u003c00:00, 478.13it/s]\rLoading weights: 100%|██████████| 729/729 [00:02\u003c00:00, 264.88it/s]\n"}
,{"stream_name":"stderr","time":578.236779037,"data":"[transformers] Both `max_new_tokens` (=96) and `max_length`(=20) seem to have been set. `max_new_tokens` will take precedence. Please refer to the documentation for more information. (https://huggingface.co/docs/transformers/main/en/main_classes/text_generation)\n"}
,{"stream_name":"stdout","time":584.555233974,"data":"[2026-05-11T15:53:15.040212+00:00] model_eval: progress {'model_id': 'Qwen/Qwen2-VL-2B-Instruct', 'completed': 1, 'total': 48, 'running_accuracy': 1.0}\n"}
,{"stream_name":"stderr","time":584.579707045,"data":"[transformers] Both `max_new_tokens` (=96) and `max_length`(=20) seem to have been set. `max_new_tokens` will take precedence. Please refer to the documentation for more information. (https://huggingface.co/docs/transformers/main/en/main_classes/text_generation)\n"}
,{"stream_name":"stdout","time":591.153728301,"data":"[2026-05-11T15:53:21.638655+00:00] model_eval: progress {'model_id': 'Qwen/Qwen2-VL-2B-Instruct', 'completed': 2, 'total': 48, 'running_accuracy': 1.0}\n"}
,{"stream_name":"stderr","time":591.171367121,"data":"[transformers] Both `max_new_tokens` (=96) and `max_length`(=20) seem to have been set. `max_new_tokens` will take precedence. Please refer to the documentation for more information. (https://huggingface.co/docs/transformers/main/en/main_classes/text_generation)\n"}
,{"stream_name":"stdout","time":596.992249545,"data":"[2026-05-11T15:53:27.477183+00:00] model_eval: progress {'model_id': 'Qwen/Qwen2-VL-2B-Instruct', 'completed': 3, 'total': 48, 'running_accuracy': 1.0}\n"}
,{"stream_name":"stderr","time":597.011634364,"data":"[transformers] Both `max_new_tokens` (=96) and `max_length`(=20) seem to have been set. `max_new_tokens` will take precedence. Please refer to the documentation for more information. (https://huggingface.co/docs/transformers/main/en/main_classes/text_generation)\n"}
,{"stream_name":"stdout","time":603.653733318,"data":"[2026-05-11T15:53:34.138655+00:00] model_eval: progress {'model_id': 'Qwen/Qwen2-VL-2B-Instruct', 'completed': 4, 'total': 48, 'running_accuracy': 1.0}\n"}
,{"stream_name":"stderr","time":603.671684251,"data":"[transformers] Both `max_new_tokens` (=96) and `max_length`(=20) seem to have been set. `max_new_tokens` will take precedence. Please refer to the documentation for more information. (https://huggingface.co/docs/transformers/main/en/main_classes/text_generation)\n"}
,{"stream_name":"stdout","time":610.141869499,"data":"[2026-05-11T15:53:40.626769+00:00] model_eval: progress {'model_id': 'Qwen/Qwen2-VL-2B-Instruct', 'completed': 5, 'total': 48, 'running_accuracy': 1.0}\n"}
,{"stream_name":"stderr","time":610.161159985,"data":"[transformers] Both `max_new_tokens` (=96) and `max_length`(=20) seem to have been set. `max_new_tokens` will take precedence. Please refer to the documentation for more information. (https://huggingface.co/docs/transformers/main/en/main_classes/text_generation)\n"}
,{"stream_name":"stdout","time":617.231644263,"data":"[2026-05-11T15:53:47.716578+00:00] model_eval: progress {'model_id': 'Qwen/Qwen2-VL-2B-Instruct', 'completed': 6, 'total': 48, 'running_accuracy': 1.0}\n"}
,{"stream_name":"stderr","time":617.247403482,"data":"[transformers] Both `max_new_tokens` (=96) and `max_length`(=20) seem to have been set. `max_new_tokens` will take precedence. Please refer to the documentation for more information. (https://huggingface.co/docs/transformers/main/en/main_classes/text_generation)\n"}
,{"stream_name":"stdout","time":622.956478558,"data":"[2026-05-11T15:53:53.441335+00:00] model_eval: progress {'model_id': 'Qwen/Qwen2-VL-2B-Instruct', 'completed': 7, 'total': 48, 'running_accuracy': 0.8571}\n"}
,{"stream_name":"stderr","time":622.969497641,"data":"[transformers] Both `max_new_tokens` (=96) and `max_length`(=20) seem to have been set. `max_new_tokens` will take precedence. Please refer to the documentation for more information. (https://huggingface.co/docs/transformers/main/en/main_classes/text_generation)\n"}
,{"stream_name":"stdout","time":627.841540551,"data":"[2026-05-11T15:53:58.326435+00:00] model_eval: progress {'model_id': 'Qwen/Qwen2-VL-2B-Instruct', 'completed': 8, 'total': 48, 'running_accuracy': 0.75}\n"}
,{"stream_name":"stderr","time":627.853006201,"data":"[transformers] Both `max_new_tokens` (=96) and `max_length`(=20) seem to have been set. `max_new_tokens` will take precedence. Please refer to the documentation for more information. (https://huggingface.co/docs/transformers/main/en/main_classes/text_generation)\n"}
,{"stream_name":"stdout","time":634.000836209,"data":"[2026-05-11T15:54:04.485771+00:00] model_eval: progress {'model_id': 'Qwen/Qwen2-VL-2B-Instruct', 'completed': 9, 'total': 48, 'running_accuracy': 0.6667}\n"}
,{"stream_name":"stderr","time":634.011911878,"data":"[transformers] Both `max_new_tokens` (=96) and `max_length`(=20) seem to have been set. `max_new_tokens` will take precedence. Please refer to the documentation for more information. (https://huggingface.co/docs/transformers/main/en/main_classes/text_generation)\n"}
,{"stream_name":"stdout","time":638.789025324,"data":"[2026-05-11T15:54:09.273879+00:00] model_eval: progress {'model_id': 'Qwen/Qwen2-VL-2B-Instruct', 'completed': 10, 'total': 48, 'running_accuracy': 0.6}\n"}
,{"stream_name":"stderr","time":638.812287329,"data":"[transformers] Both `max_new_tokens` (=96) and `max_length`(=20) seem to have been set. `max_new_tokens` will take precedence. Please refer to the documentation for more information. (https://huggingface.co/docs/transformers/main/en/main_classes/text_generation)\n"}
,{"stream_name":"stdout","time":645.14370491,"data":"[2026-05-11T15:54:15.628587+00:00] model_eval: progress {'model_id': 'Qwen/Qwen2-VL-2B-Instruct', 'completed': 11, 'total': 48, 'running_accuracy': 0.5455}\n"}
,{"stream_name":"stderr","time":645.157525703,"data":"[transformers] Both `max_new_tokens` (=96) and `max_length`(=20) seem to have been set. `max_new_tokens` will take precedence. Please refer to the documentation for more information. (https://huggingface.co/docs/transformers/main/en/main_classes/text_generation)\n"}
,{"stream_name":"stdout","time":650.277198775,"data":"[2026-05-11T15:54:20.762072+00:00] model_eval: progress {'model_id': 'Qwen/Qwen2-VL-2B-Instruct', 'completed': 12, 'total': 48, 'running_accuracy': 0.5}\n"}
,{"stream_name":"stderr","time":650.290321678,"data":"[transformers] Both `max_new_tokens` (=96) and `max_length`(=20) seem to have been set. `max_new_tokens` will take precedence. Please refer to the documentation for more information. (https://huggingface.co/docs/transformers/main/en/main_classes/text_generation)\n"}
,{"stream_name":"stdout","time":655.257846501,"data":"[2026-05-11T15:54:25.742671+00:00] model_eval: progress {'model_id': 'Qwen/Qwen2-VL-2B-Instruct', 'completed': 13, 'total': 48, 'running_accuracy': 0.4615}\n"}
,{"stream_name":"stderr","time":655.269408242,"data":"[transformers] Both `max_new_tokens` (=96) and `max_length`(=20) seem to have been set. `max_new_tokens` will take precedence. Please refer to the documentation for more information. (https://huggingface.co/docs/transformers/main/en/main_classes/text_generation)\n"}
,{"stream_name":"stdout","time":660.093615453,"data":"[2026-05-11T15:54:30.578538+00:00] model_eval: progress {'model_id': 'Qwen/Qwen2-VL-2B-Instruct', 'completed': 14, 'total': 48, 'running_accuracy': 0.4286}\n"}
,{"stream_name":"stderr","time":660.106014825,"data":"[transformers] Both `max_new_tokens` (=96) and `max_length`(=20) seem to have been set. `max_new_tokens` will take precedence. Please refer to the documentation for more information. (https://huggingface.co/docs/transformers/main/en/main_classes/text_generation)\n"}
,{"stream_name":"stdout","time":664.898249434,"data":"[2026-05-11T15:54:35.383062+00:00] model_eval: progress {'model_id': 'Qwen/Qwen2-VL-2B-Instruct', 'completed': 15, 'total': 48, 'running_accuracy': 0.4}\n"}
,{"stream_name":"stderr","time":664.909601769,"data":"[transformers] Both `max_new_tokens` (=96) and `max_length`(=20) seem to have been set. `max_new_tokens` will take precedence. Please refer to the documentation for more information. (https://huggingface.co/docs/transformers/main/en/main_classes/text_generation)\n"}
,{"stream_name":"stdout","time":670.070437564,"data":"[2026-05-11T15:54:40.555242+00:00] model_eval: progress {'model_id': 'Qwen/Qwen2-VL-2B-Instruct', 'completed': 16, 'total': 48, 'running_accuracy': 0.375}\n"}
,{"stream_name":"stderr","time":670.082143199,"data":"[transformers] Both `max_new_tokens` (=96) and `max_length`(=20) seem to have been set. `max_new_tokens` will take precedence. Please refer to the documentation for more information. (https://huggingface.co/docs/transformers/main/en/main_classes/text_generation)\n"}
,{"stream_name":"stdout","time":674.878858053,"data":"[2026-05-11T15:54:45.363792+00:00] model_eval: progress {'model_id': 'Qwen/Qwen2-VL-2B-Instruct', 'completed': 17, 'total': 48, 'running_accuracy': 0.3529}\n"}
,{"stream_name":"stderr","time":674.891791335,"data":"[transformers] Both `max_new_tokens` (=96) and `max_length`(=20) seem to have been set. `max_new_tokens` will take precedence. Please refer to the documentation for more information. (https://huggingface.co/docs/transformers/main/en/main_classes/text_generation)\n"}
,{"stream_name":"stdout","time":680.708093778,"data":"[2026-05-11T15:54:51.192985+00:00] model_eval: progress {'model_id': 'Qwen/Qwen2-VL-2B-Instruct', 'completed': 18, 'total': 48, 'running_accuracy': 0.3333}\n"}
,{"stream_name":"stderr","time":680.726773389,"data":"[transformers] Both `max_new_tokens` (=96) and `max_length`(=20) seem to have been set. `max_new_tokens` will take precedence. Please refer to the documentation for more information. (https://huggingface.co/docs/transformers/main/en/main_classes/text_generation)\n"}
,{"stream_name":"stdout","time":686.967318541,"data":"[2026-05-11T15:54:57.452252+00:00] model_eval: progress {'model_id': 'Qwen/Qwen2-VL-2B-Instruct', 'completed': 19, 'total': 48, 'running_accuracy': 0.3158}\n"}
,{"stream_name":"stderr","time":686.985366359,"data":"[transformers] Both `max_new_tokens` (=96) and `max_length`(=20) seem to have been set. `max_new_tokens` will take precedence. Please refer to the documentation for more information. (https://huggingface.co/docs/transformers/main/en/main_classes/text_generation)\n"}
,{"stream_name":"stdout","time":693.277984542,"data":"[2026-05-11T15:55:03.762883+00:00] model_eval: progress {'model_id': 'Qwen/Qwen2-VL-2B-Instruct', 'completed': 20, 'total': 48, 'running_accuracy': 0.3}\n"}
,{"stream_name":"stderr","time":693.295824883,"data":"[transformers] Both `max_new_tokens` (=96) and `max_length`(=20) seem to have been set. `max_new_tokens` will take precedence. Please refer to the documentation for more information. (https://huggingface.co/docs/transformers/main/en/main_classes/text_generation)\n"}
,{"stream_name":"stdout","time":699.693021696,"data":"[2026-05-11T15:55:10.177978+00:00] model_eval: progress {'model_id': 'Qwen/Qwen2-VL-2B-Instruct', 'completed': 21, 'total': 48, 'running_accuracy': 0.2857}\n"}
,{"stream_name":"stderr","time":699.711047421,"data":"[transformers] Both `max_new_tokens` (=96) and `max_length`(=20) seem to have been set. `max_new_tokens` will take precedence. Please refer to the documentation for more information. (https://huggingface.co/docs/transformers/main/en/main_classes/text_generation)\n"}
,{"stream_name":"stdout","time":705.723911544,"data":"[2026-05-11T15:55:16.208867+00:00] model_eval: progress {'model_id': 'Qwen/Qwen2-VL-2B-Instruct', 'completed': 22, 'total': 48, 'running_accuracy': 0.2727}\n"}
,{"stream_name":"stderr","time":705.742218035,"data":"[transformers] Both `max_new_tokens` (=96) and `max_length`(=20) seem to have been set. `max_new_tokens` will take precedence. Please refer to the documentation for more information. (https://huggingface.co/docs/transformers/main/en/main_classes/text_generation)\n"}
,{"stream_name":"stdout","time":712.12609855,"data":"[2026-05-11T15:55:22.611065+00:00] model_eval: progress {'model_id': 'Qwen/Qwen2-VL-2B-Instruct', 'completed': 23, 'total': 48, 'running_accuracy': 0.2609}\n"}
,{"stream_name":"stderr","time":712.143371163,"data":"[transformers] Both `max_new_tokens` (=96) and `max_length`(=20) seem to have been set. `max_new_tokens` will take precedence. Please refer to the documentation for more information. (https://huggingface.co/docs/transformers/main/en/main_classes/text_generation)\n"}
,{"stream_name":"stdout","time":718.479066474,"data":"[2026-05-11T15:55:28.964007+00:00] model_eval: progress {'model_id': 'Qwen/Qwen2-VL-2B-Instruct', 'completed': 24, 'total': 48, 'running_accuracy': 0.25}\n"}
,{"stream_name":"stderr","time":718.489674557,"data":"[transformers] Both `max_new_tokens` (=96) and `max_length`(=20) seem to have been set. `max_new_tokens` will take precedence. Please refer to the documentation for more information. (https://huggingface.co/docs/transformers/main/en/main_classes/text_generation)\n"}
,{"stream_name":"stdout","time":723.344740511,"data":"[2026-05-11T15:55:33.829678+00:00] model_eval: progress {'model_id': 'Qwen/Qwen2-VL-2B-Instruct', 'completed': 25, 'total': 48, 'running_accuracy': 0.24}\n"}
,{"stream_name":"stderr","time":723.356148832,"data":"[transformers] Both `max_new_tokens` (=96) and `max_length`(=20) seem to have been set. `max_new_tokens` will take precedence. Please refer to the documentation for more information. (https://huggingface.co/docs/transformers/main/en/main_classes/text_generation)\n"}
,{"stream_name":"stdout","time":729.496810049,"data":"[2026-05-11T15:55:39.981663+00:00] model_eval: progress {'model_id': 'Qwen/Qwen2-VL-2B-Instruct', 'completed': 26, 'total': 48, 'running_accuracy': 0.2308}\n"}
,{"stream_name":"stderr","time":729.507808276,"data":"[transformers] Both `max_new_tokens` (=96) and `max_length`(=20) seem to have been set. `max_new_tokens` will take precedence. Please refer to the documentation for more information. (https://huggingface.co/docs/transformers/main/en/main_classes/text_generation)\n"}
,{"stream_name":"stdout","time":734.754710479,"data":"[2026-05-11T15:55:45.239578+00:00] model_eval: progress {'model_id': 'Qwen/Qwen2-VL-2B-Instruct', 'completed': 27, 'total': 48, 'running_accuracy': 0.2222}\n"}
,{"stream_name":"stderr","time":734.766593694,"data":"[transformers] Both `max_new_tokens` (=96) and `max_length`(=20) seem to have been set. `max_new_tokens` will take precedence. Please refer to the documentation for more information. (https://huggingface.co/docs/transformers/main/en/main_classes/text_generation)\n"}
,{"stream_name":"stdout","time":739.600780854,"data":"[2026-05-11T15:55:50.085767+00:00] model_eval: progress {'model_id': 'Qwen/Qwen2-VL-2B-Instruct', 'completed': 28, 'total': 48, 'running_accuracy': 0.2143}\n"}
,{"stream_name":"stderr","time":739.611456121,"data":"[transformers] Both `max_new_tokens` (=96) and `max_length`(=20) seem to have been set. `max_new_tokens` will take precedence. Please refer to the documentation for more information. (https://huggingface.co/docs/transformers/main/en/main_classes/text_generation)\n"}
,{"stream_name":"stdout","time":744.47205458,"data":"[2026-05-11T15:55:54.956966+00:00] model_eval: progress {'model_id': 'Qwen/Qwen2-VL-2B-Instruct', 'completed': 29, 'total': 48, 'running_accuracy': 0.2069}\n"}
,{"stream_name":"stderr","time":744.482944767,"data":"[transformers] Both `max_new_tokens` (=96) and `max_length`(=20) seem to have been set. `max_new_tokens` will take precedence. Please refer to the documentation for more information. (https://huggingface.co/docs/transformers/main/en/main_classes/text_generation)\n"}
,{"stream_name":"stdout","time":750.085305256,"data":"[2026-05-11T15:56:00.570268+00:00] model_eval: progress {'model_id': 'Qwen/Qwen2-VL-2B-Instruct', 'completed': 30, 'total': 48, 'running_accuracy': 0.2}\n"}
,{"stream_name":"stderr","time":750.096985899,"data":"[transformers] Both `max_new_tokens` (=96) and `max_length`(=20) seem to have been set. `max_new_tokens` will take precedence. Please refer to the documentation for more information. (https://huggingface.co/docs/transformers/main/en/main_classes/text_generation)\n"}
,{"stream_name":"stdout","time":755.007475326,"data":"[2026-05-11T15:56:05.492476+00:00] model_eval: progress {'model_id': 'Qwen/Qwen2-VL-2B-Instruct', 'completed': 31, 'total': 48, 'running_accuracy': 0.1935}\n"}
,{"stream_name":"stderr","time":755.018348211,"data":"[transformers] Both `max_new_tokens` (=96) and `max_length`(=20) seem to have been set. `max_new_tokens` will take precedence. Please refer to the documentation for more information. (https://huggingface.co/docs/transformers/main/en/main_classes/text_generation)\n"}
,{"stream_name":"stdout","time":760.017600006,"data":"[2026-05-11T15:56:10.502552+00:00] model_eval: progress {'model_id': 'Qwen/Qwen2-VL-2B-Instruct', 'completed': 32, 'total': 48, 'running_accuracy': 0.1875}\n"}
,{"stream_name":"stderr","time":760.028011281,"data":"[transformers] Both `max_new_tokens` (=96) and `max_length`(=20) seem to have been set. `max_new_tokens` will take precedence. Please refer to the documentation for more information. (https://huggingface.co/docs/transformers/main/en/main_classes/text_generation)\n"}
,{"stream_name":"stdout","time":765.079101093,"data":"[2026-05-11T15:56:15.564095+00:00] model_eval: progress {'model_id': 'Qwen/Qwen2-VL-2B-Instruct', 'completed': 33, 'total': 48, 'running_accuracy': 0.1818}\n"}
,{"stream_name":"stderr","time":765.090558144,"data":"[transformers] Both `max_new_tokens` (=96) and `max_length`(=20) seem to have been set. `max_new_tokens` will take precedence. Please refer to the documentation for more information. (https://huggingface.co/docs/transformers/main/en/main_classes/text_generation)\n"}
,{"stream_name":"stdout","time":770.60341976,"data":"[2026-05-11T15:56:21.088250+00:00] model_eval: progress {'model_id': 'Qwen/Qwen2-VL-2B-Instruct', 'completed': 34, 'total': 48, 'running_accuracy': 0.1765}\n"}
,{"stream_name":"stderr","time":770.614090317,"data":"[transformers] Both `max_new_tokens` (=96) and `max_length`(=20) seem to have been set. `max_new_tokens` will take precedence. Please refer to the documentation for more information. (https://huggingface.co/docs/transformers/main/en/main_classes/text_generation)\n"}
,{"stream_name":"stdout","time":775.36493795,"data":"[2026-05-11T15:56:25.849877+00:00] model_eval: progress {'model_id': 'Qwen/Qwen2-VL-2B-Instruct', 'completed': 35, 'total': 48, 'running_accuracy': 0.1714}\n"}
,{"stream_name":"stderr","time":775.376146684,"data":"[transformers] Both `max_new_tokens` (=96) and `max_length`(=20) seem to have been set. `max_new_tokens` will take precedence. Please refer to the documentation for more information. (https://huggingface.co/docs/transformers/main/en/main_classes/text_generation)\n"}
,{"stream_name":"stdout","time":780.116978413,"data":"[2026-05-11T15:56:30.601961+00:00] model_eval: progress {'model_id': 'Qwen/Qwen2-VL-2B-Instruct', 'completed': 36, 'total': 48, 'running_accuracy': 0.1667}\n"}
,{"stream_name":"stderr","time":780.127339107,"data":"[transformers] Both `max_new_tokens` (=96) and `max_length`(=20) seem to have been set. `max_new_tokens` will take precedence. Please refer to the documentation for more information. (https://huggingface.co/docs/transformers/main/en/main_classes/text_generation)\n"}
,{"stream_name":"stdout","time":785.255348818,"data":"[2026-05-11T15:56:35.740319+00:00] model_eval: progress {'model_id': 'Qwen/Qwen2-VL-2B-Instruct', 'completed': 37, 'total': 48, 'running_accuracy': 0.1622}\n"}
,{"stream_name":"stderr","time":785.266241394,"data":"[transformers] Both `max_new_tokens` (=96) and `max_length`(=20) seem to have been set. `max_new_tokens` will take precedence. Please refer to the documentation for more information. (https://huggingface.co/docs/transformers/main/en/main_classes/text_generation)\n"}
,{"stream_name":"stdout","time":790.792787969,"data":"[2026-05-11T15:56:41.277771+00:00] model_eval: progress {'model_id': 'Qwen/Qwen2-VL-2B-Instruct', 'completed': 38, 'total': 48, 'running_accuracy': 0.1579}\n"}
,{"stream_name":"stderr","time":790.80349739,"data":"[transformers] Both `max_new_tokens` (=96) and `max_length`(=20) seem to have been set. `max_new_tokens` will take precedence. Please refer to the documentation for more information. (https://huggingface.co/docs/transformers/main/en/main_classes/text_generation)\n"}
,{"stream_name":"stdout","time":795.629224427,"data":"[2026-05-11T15:56:46.114181+00:00] model_eval: progress {'model_id': 'Qwen/Qwen2-VL-2B-Instruct', 'completed': 39, 'total': 48, 'running_accuracy': 0.1538}\n"}
,{"stream_name":"stderr","time":795.640492654,"data":"[transformers] Both `max_new_tokens` (=96) and `max_length`(=20) seem to have been set. `max_new_tokens` will take precedence. Please refer to the documentation for more information. (https://huggingface.co/docs/transformers/main/en/main_classes/text_generation)\n"}
,{"stream_name":"stdout","time":800.40593174,"data":"[2026-05-11T15:56:50.890883+00:00] model_eval: progress {'model_id': 'Qwen/Qwen2-VL-2B-Instruct', 'completed': 40, 'total': 48, 'running_accuracy': 0.15}\n"}
,{"stream_name":"stderr","time":800.416725726,"data":"[transformers] Both `max_new_tokens` (=96) and `max_length`(=20) seem to have been set. `max_new_tokens` will take precedence. Please refer to the documentation for more information. (https://huggingface.co/docs/transformers/main/en/main_classes/text_generation)\n"}
,{"stream_name":"stdout","time":805.153546685,"data":"[2026-05-11T15:56:55.638455+00:00] model_eval: progress {'model_id': 'Qwen/Qwen2-VL-2B-Instruct', 'completed': 41, 'total': 48, 'running_accuracy': 0.1463}\n"}
,{"stream_name":"stderr","time":805.164191228,"data":"[transformers] Both `max_new_tokens` (=96) and `max_length`(=20) seem to have been set. `max_new_tokens` will take precedence. Please refer to the documentation for more information. (https://huggingface.co/docs/transformers/main/en/main_classes/text_generation)\n"}
,{"stream_name":"stdout","time":811.184097026,"data":"[2026-05-11T15:57:01.669019+00:00] model_eval: progress {'model_id': 'Qwen/Qwen2-VL-2B-Instruct', 'completed': 42, 'total': 48, 'running_accuracy': 0.1429}\n"}
,{"stream_name":"stderr","time":811.194734307,"data":"[transformers] Both `max_new_tokens` (=96) and `max_length`(=20) seem to have been set. `max_new_tokens` will take precedence. Please refer to the documentation for more information. (https://huggingface.co/docs/transformers/main/en/main_classes/text_generation)\n"}
,{"stream_name":"stdout","time":815.970431753,"data":"[2026-05-11T15:57:06.455281+00:00] model_eval: progress {'model_id': 'Qwen/Qwen2-VL-2B-Instruct', 'completed': 43, 'total': 48, 'running_accuracy': 0.1395}\n"}
,{"stream_name":"stderr","time":815.980964858,"data":"[transformers] Both `max_new_tokens` (=96) and `max_length`(=20) seem to have been set. `max_new_tokens` will take precedence. Please refer to the documentation for more information. (https://huggingface.co/docs/transformers/main/en/main_classes/text_generation)\n"}
,{"stream_name":"stdout","time":821.003757445,"data":"[2026-05-11T15:57:11.488704+00:00] model_eval: progress {'model_id': 'Qwen/Qwen2-VL-2B-Instruct', 'completed': 44, 'total': 48, 'running_accuracy': 0.1364}\n"}
,{"stream_name":"stderr","time":821.021209739,"data":"[transformers] Both `max_new_tokens` (=96) and `max_length`(=20) seem to have been set. `max_new_tokens` will take precedence. Please refer to the documentation for more information. (https://huggingface.co/docs/transformers/main/en/main_classes/text_generation)\n"}
,{"stream_name":"stdout","time":825.751768636,"data":"[2026-05-11T15:57:16.236620+00:00] model_eval: progress {'model_id': 'Qwen/Qwen2-VL-2B-Instruct', 'completed': 45, 'total': 48, 'running_accuracy': 0.1333}\n"}
,{"stream_name":"stderr","time":825.761664404,"data":"[transformers] Both `max_new_tokens` (=96) and `max_length`(=20) seem to have been set. `max_new_tokens` will take precedence. Please refer to the documentation for more information. (https://huggingface.co/docs/transformers/main/en/main_classes/text_generation)\n"}
,{"stream_name":"stdout","time":830.913637627,"data":"[2026-05-11T15:57:21.398610+00:00] model_eval: progress {'model_id': 'Qwen/Qwen2-VL-2B-Instruct', 'completed': 46, 'total': 48, 'running_accuracy': 0.1304}\n"}
,{"stream_name":"stderr","time":830.925294256,"data":"[transformers] Both `max_new_tokens` (=96) and `max_length`(=20) seem to have been set. `max_new_tokens` will take precedence. Please refer to the documentation for more information. (https://huggingface.co/docs/transformers/main/en/main_classes/text_generation)\n"}
,{"stream_name":"stdout","time":835.832118562,"data":"[2026-05-11T15:57:26.316970+00:00] model_eval: progress {'model_id': 'Qwen/Qwen2-VL-2B-Instruct', 'completed': 47, 'total': 48, 'running_accuracy': 0.1277}\n"}
,{"stream_name":"stderr","time":835.842500494,"data":"[transformers] Both `max_new_tokens` (=96) and `max_length`(=20) seem to have been set. `max_new_tokens` will take precedence. Please refer to the documentation for more information. (https://huggingface.co/docs/transformers/main/en/main_classes/text_generation)\n"}
,{"stream_name":"stdout","time":840.654046478,"data":"[2026-05-11T15:57:31.138971+00:00] model_eval: progress {'model_id': 'Qwen/Qwen2-VL-2B-Instruct', 'completed': 48, 'total': 48, 'running_accuracy': 0.125}\n"}
,{"stream_name":"stdout","time":841.074695661,"data":"[2026-05-11T15:57:31.559696+00:00] model_eval: completed {'model_id': 'Qwen/Qwen2-VL-2B-Instruct', 'accuracy': 0.125, 'n': 48}\n"}
,{"stream_name":"stdout","time":841.074717075,"data":"\n"}
,{"stream_name":"stdout","time":841.074721427,"data":"========================================================================================\n"}
,{"stream_name":"stdout","time":841.074725552,"data":"2026-05-11T15:57:31.559849+00:00 | Evaluating HuggingFaceTB/SmolVLM2-2.2B-Instruct\n"}
,{"stream_name":"stdout","time":841.074729509,"data":"========================================================================================\n"}
,{"stream_name":"stderr","time":871.53874357,"data":"\rFetching 2 files:   0%|          | 0/2 [00:00\u003c?, ?it/s]\rFetching 2 files:  50%|█████     | 1/2 [00:29\u003c00:29, 29.84s/it]\rFetching 2 files: 100%|██████████| 2/2 [00:29\u003c00:00, 14.92s/it]\n"}
,{"stream_name":"stderr","time":875.588247583,"data":"\rLoading weights:   0%|          | 0/657 [00:00\u003c?, ?it/s]\rLoading weights:   0%|          | 1/657 [00:00\u003c01:53,  5.78it/s]\rLoading weights:   0%|          | 3/657 [00:00\u003c01:16,  8.57it/s]\rLoading weights:   2%|▏         | 11/657 [00:00\u003c00:20, 30.81it/s]\rLoading weights:   3%|▎         | 20/657 [00:00\u003c00:13, 48.70it/s]\rLoading weights:   4%|▍         | 29/657 [00:00\u003c00:10, 60.84it/s]\rLoading weights:   6%|▌         | 37/657 [00:00\u003c00:09, 66.39it/s]\rLoading weights:   7%|▋         | 46/657 [00:00\u003c00:08, 72.55it/s]\rLoading weights:   8%|▊         | 55/657 [00:00\u003c00:07, 77.16it/s]\rLoading weights:  10%|▉         | 64/657 [00:01\u003c00:07, 80.33it/s]\rLoading weights:  11%|█         | 73/657 [00:01\u003c00:07, 82.19it/s]\rLoading weights:  12%|█▏        | 82/657 [00:01\u003c00:06, 82.16it/s]\rLoading weights:  14%|█▍        | 91/657 [00:01\u003c00:06, 83.81it/s]\rLoading weights:  15%|█▌        | 100/657 [00:01\u003c00:07, 76.97it/s]\rLoading weights:  16%|█▋        | 108/657 [00:01\u003c00:07, 77.39it/s]\rLoading weights:  18%|█▊        | 116/657 [00:01\u003c00:06, 77.93it/s]\rLoading weights:  19%|█▉        | 124/657 [00:01\u003c00:06, 76.95it/s]\rLoading weights:  20%|██        | 133/657 [00:01\u003c00:06, 79.92it/s]\rLoading weights:  22%|██▏       | 142/657 [00:02\u003c00:06, 81.99it/s]\rLoading weights:  23%|██▎       | 151/657 [00:02\u003c00:06, 84.01it/s]\rLoading weights:  24%|██▍       | 160/657 [00:02\u003c00:05, 84.31it/s]\rLoading weights:  26%|██▌       | 169/657 [00:02\u003c00:05, 84.65it/s]\rLoading weights:  27%|██▋       | 178/657 [00:02\u003c00:05, 84.09it/s]\rLoading weights:  28%|██▊       | 187/657 [00:02\u003c00:05, 84.95it/s]\rLoading weights:  30%|██▉       | 196/657 [00:02\u003c00:05, 84.85it/s]\rLoading weights:  31%|███       | 205/657 [00:02\u003c00:05, 85.30it/s]\rLoading weights:  33%|███▎      | 214/657 [00:02\u003c00:05, 84.15it/s]\rLoading weights:  42%|████▏     | 277/657 [00:03\u003c00:01, 236.21it/s]\rLoading weights:  51%|█████     | 335/657 [00:03\u003c00:00, 333.76it/s]\rLoading weights:  60%|█████▉    | 393/657 [00:03\u003c00:00, 403.07it/s]\rLoading weights:  69%|██████▉   | 455/657 [00:03\u003c00:00, 456.17it/s]\rLoading weights:  79%|███████▊  | 517/657 [00:03\u003c00:00, 500.93it/s]\rLoading weights:  87%|████████▋ | 573/657 [00:03\u003c00:00, 517.10it/s]\rLoading weights:  96%|█████████▌| 631/657 [00:03\u003c00:00, 526.16it/s]\rLoading weights: 100%|██████████| 657/657 [00:03\u003c00:00, 179.32it/s]\n"}
,{"stream_name":"stdout","time":879.26261129,"data":"[2026-05-11T15:58:09.747572+00:00] model_eval: failed {'model_id': 'HuggingFaceTB/SmolVLM2-2.2B-Instruct', 'error': \"ImportError('Package `num2words` is required to run SmolVLM processor. Install it with `pip install num2words`.')\"}\n"}
,{"stream_name":"stdout","time":879.276694934,"data":"\n"}
,{"stream_name":"stdout","time":879.27673097,"data":"========================================================================================\n"}
,{"stream_name":"stdout","time":879.276734848,"data":"2026-05-11T15:58:09.761734+00:00 | Evaluating Qwen/Qwen2.5-VL-7B-Instruct\n"}
,{"stream_name":"stdout","time":879.276737499,"data":"========================================================================================\n"}
,{"stream_name":"stderr","time":946.260185812,"data":"\rFetching 5 files:   0%|          | 0/5 [00:00\u003c?, ?it/s]\rFetching 5 files:  20%|██        | 1/5 [01:06\u003c04:25, 66.40s/it]\rFetching 5 files: 100%|██████████| 5/5 [01:06\u003c00:00, 13.28s/it]\n"}
,{"stream_name":"stderr","time":1090.862773829,"data":"\rLoading weights:   0%|          | 0/729 [00:00\u003c?, ?it/s]\rLoading weights:   0%|          | 1/729 [00:05\u003c1:11:26,  5.89s/it]\rLoading weights:   0%|          | 2/729 [00:09\u003c53:59,  4.46s/it]  \rLoading weights:   1%|          | 4/729 [00:09\u003c20:31,  1.70s/it]\rLoading weights:   1%|          | 5/729 [00:09\u003c14:35,  1.21s/it]\rLoading weights:   1%|          | 6/729 [00:09\u003c10:29,  1.15it/s]\rLoading weights:   2%|▏         | 16/729 [00:09\u003c02:04,  5.71it/s]\rLoading weights:   3%|▎         | 19/729 [00:09\u003c01:39,  7.13it/s]\rLoading weights:   4%|▍         | 29/729 [00:10\u003c00:48, 14.46it/s]\rLoading weights:   5%|▌         | 40/729 [00:10\u003c00:48, 14.34it/s]\rLoading weights:   6%|▌         | 44/729 [00:12\u003c01:20,  8.49it/s]\rLoading weights:   7%|▋         | 52/729 [00:12\u003c01:12,  9.29it/s]\rLoading weights:   8%|▊         | 55/729 [00:13\u003c01:18,  8.56it/s]\rLoading weights:   9%|▉         | 64/729 [00:13\u003c00:50, 13.20it/s]\rLoading weights:   9%|▉         | 68/729 [00:13\u003c00:46, 14.17it/s]\rLoading weights:  10%|█         | 76/729 [00:13\u003c00:33, 19.39it/s]\rLoading weights:  12%|█▏        | 84/729 [00:13\u003c00:24, 26.02it/s]\rLoading weights:  12%|█▏        | 90/729 [00:14\u003c00:21, 29.10it/s]\rLoading weights:  14%|█▍        | 101/729 [00:14\u003c00:15, 41.26it/s]\rLoading weights:  15%|█▌        | 112/729 [00:14\u003c00:11, 52.26it/s]\rLoading weights:  16%|█▋        | 120/729 [00:14\u003c00:10, 55.88it/s]\rLoading weights:  18%|█▊        | 128/729 [00:16\u003c00:41, 14.38it/s]\rLoading weights:  18%|█▊        | 134/729 [00:16\u003c00:36, 16.18it/s]\rLoading weights:  19%|█▉        | 139/729 [00:17\u003c01:09,  8.45it/s]\rLoading weights:  20%|█▉        | 143/729 [00:17\u003c00:58,  9.97it/s]\rLoading weights:  20%|██        | 147/729 [00:18\u003c00:49, 11.85it/s]\rLoading weights:  21%|██        | 151/729 [00:19\u003c01:31,  6.32it/s]\rLoading weights:  21%|██        | 154/729 [00:19\u003c01:16,  7.50it/s]\rLoading weights:  22%|██▏       | 158/729 [00:19\u003c00:59,  9.65it/s]\rLoading weights:  22%|██▏       | 161/729 [00:20\u003c01:32,  6.13it/s]\rLoading weights:  22%|██▏       | 164/729 [00:21\u003c01:32,  6.11it/s]\rLoading weights:  23%|██▎       | 166/729 [00:21\u003c01:20,  6.99it/s]\rLoading weights:  23%|██▎       | 168/729 [00:21\u003c01:09,  8.11it/s]\rLoading weights:  24%|██▎       | 172/729 [00:22\u003c01:12,  7.72it/s]\rLoading weights:  24%|██▍       | 174/729 [00:23\u003c02:00,  4.62it/s]\rLoading weights:  24%|██▍       | 178/729 [00:23\u003c01:19,  6.90it/s]\rLoading weights:  25%|██▍       | 180/729 [00:23\u003c01:08,  8.01it/s]\rLoading weights:  25%|██▌       | 184/729 [00:23\u003c01:01,  8.90it/s]\rLoading weights:  26%|██▌       | 186/729 [00:24\u003c00:58,  9.28it/s]\rLoading weights:  27%|██▋       | 196/729 [00:24\u003c00:27, 19.06it/s]\rLoading weights:  27%|██▋       | 199/729 [00:24\u003c00:30, 17.44it/s]\rLoading weights:  29%|██▊       | 208/729 [00:24\u003c00:19, 26.84it/s]\rLoading weights:  29%|██▉       | 212/729 [00:24\u003c00:20, 24.84it/s]\rLoading weights:  30%|███       | 220/729 [00:24\u003c00:16, 30.27it/s]\rLoading weights:  31%|███       | 224/729 [00:25\u003c00:19, 26.43it/s]\rLoading weights:  32%|███▏      | 232/729 [00:25\u003c00:24, 20.66it/s]\rLoading weights:  32%|███▏      | 235/729 [00:25\u003c00:24, 20.20it/s]\rLoading weights:  33%|███▎      | 244/729 [00:26\u003c00:24, 19.62it/s]\rLoading weights:  34%|███▍      | 247/729 [00:27\u003c00:49,  9.70it/s]\rLoading weights:  35%|███▍      | 252/729 [00:27\u003c00:40, 11.91it/s]\rLoading weights:  35%|███▌      | 256/729 [00:28\u003c00:44, 10.53it/s]\rLoading weights:  35%|███▌      | 258/729 [00:29\u003c01:15,  6.26it/s]\rLoading weights:  36%|███▌      | 262/729 [00:29\u003c00:56,  8.31it/s]\rLoading weights:  36%|███▌      | 264/729 [00:29\u003c00:50,  9.25it/s]\rLoading weights:  37%|███▋      | 268/729 [00:29\u003c00:54,  8.43it/s]\rLoading weights:  37%|███▋      | 270/729 [00:31\u003c01:31,  5.00it/s]\rLoading weights:  38%|███▊      | 274/729 [00:31\u003c01:03,  7.21it/s]\rLoading weights:  38%|███▊      | 276/729 [00:31\u003c00:54,  8.27it/s]\rLoading weights:  38%|███▊      | 280/729 [00:31\u003c00:57,  7.85it/s]\rLoading weights:  39%|███▊      | 282/729 [00:32\u003c01:35,  4.70it/s]\rLoading weights:  39%|███▉      | 286/729 [00:32\u003c01:03,  6.93it/s]\rLoading weights:  40%|███▉      | 288/729 [00:33\u003c00:54,  8.03it/s]\rLoading weights:  40%|████      | 292/729 [00:33\u003c00:39, 11.04it/s]\rLoading weights:  40%|████      | 295/729 [00:33\u003c00:36, 11.80it/s]\rLoading weights:  42%|████▏     | 304/729 [00:33\u003c00:19, 21.60it/s]\rLoading weights:  42%|████▏     | 308/729 [00:33\u003c00:20, 20.93it/s]\rLoading weights:  43%|████▎     | 311/729 [00:35\u003c00:56,  7.40it/s]\rLoading weights:  43%|████▎     | 314/729 [00:37\u003c01:59,  3.48it/s]\rLoading weights:  43%|████▎     | 316/729 [00:48\u003c08:41,  1.26s/it]\rLoading weights:  43%|████▎     | 317/729 [00:58\u003c15:35,  2.27s/it]\rLoading weights:  44%|████▍     | 319/729 [01:03\u003c16:12,  2.37s/it]\rLoading weights:  44%|████▍     | 321/729 [01:04\u003c12:10,  1.79s/it]\rLoading weights:  44%|████▍     | 322/729 [01:05\u003c12:08,  1.79s/it]\rLoading weights:  44%|████▍     | 324/729 [01:07\u003c10:07,  1.50s/it]\rLoading weights:  45%|████▍     | 326/729 [01:08\u003c07:17,  1.08s/it]\rLoading weights:  45%|████▍     | 328/729 [01:17\u003c14:55,  2.23s/it]\rLoading weights:  45%|████▌     | 329/729 [01:28\u003c25:11,  3.78s/it]\rLoading weights:  45%|████▌     | 330/729 [01:36\u003c30:23,  4.57s/it]\rLoading weights:  46%|████▌     | 333/729 [01:36\u003c16:12,  2.46s/it]\rLoading weights:  46%|████▌     | 335/729 [01:36\u003c11:24,  1.74s/it]\rLoading weights:  46%|████▌     | 336/729 [01:37\u003c10:07,  1.55s/it]\rLoading weights:  47%|████▋     | 341/729 [01:37\u003c04:27,  1.45it/s]\rLoading weights:  47%|████▋     | 343/729 [01:37\u003c03:32,  1.82it/s]\rLoading weights:  48%|████▊     | 347/729 [01:37\u003c02:12,  2.89it/s]\rLoading weights:  48%|████▊     | 349/729 [01:38\u003c01:56,  3.25it/s]\rLoading weights:  48%|████▊     | 353/729 [01:38\u003c01:15,  4.99it/s]\rLoading weights:  49%|████▊     | 355/729 [01:38\u003c01:21,  4.56it/s]\rLoading weights:  49%|████▉     | 357/729 [01:39\u003c01:26,  4.32it/s]\rLoading weights:  49%|████▉     | 359/729 [01:39\u003c01:29,  4.15it/s]\rLoading weights:  50%|█████     | 367/729 [01:40\u003c00:47,  7.60it/s]\rLoading weights:  51%|█████     | 369/729 [01:40\u003c00:54,  6.66it/s]\rLoading weights:  51%|█████     | 371/729 [01:41\u003c01:00,  5.87it/s]\rLoading weights:  51%|█████     | 373/729 [01:41\u003c01:02,  5.65it/s]\rLoading weights:  52%|█████▏    | 377/729 [01:42\u003c00:46,  7.52it/s]\rLoading weights:  52%|█████▏    | 379/729 [01:42\u003c00:54,  6.46it/s]\rLoading weights:  52%|█████▏    | 381/729 [01:42\u003c00:55,  6.31it/s]\rLoading weights:  53%|█████▎    | 383/729 [01:43\u003c00:52,  6.60it/s]\rLoading weights:  53%|█████▎    | 385/729 [01:43\u003c00:56,  6.13it/s]\rLoading weights:  53%|█████▎    | 389/729 [01:43\u003c00:38,  8.90it/s]\rLoading weights:  54%|█████▎    | 391/729 [01:44\u003c00:48,  6.91it/s]\rLoading weights:  54%|█████▍    | 393/729 [01:44\u003c00:50,  6.70it/s]\rLoading weights:  54%|█████▍    | 395/729 [01:44\u003c00:53,  6.26it/s]\rLoading weights:  54%|█████▍    | 397/729 [01:45\u003c00:59,  5.62it/s]\rLoading weights:  55%|█████▌    | 401/729 [01:45\u003c00:36,  8.91it/s]\rLoading weights:  55%|█████▌    | 403/729 [01:45\u003c00:44,  7.39it/s]\rLoading weights:  56%|█████▌    | 405/729 [01:46\u003c00:49,  6.52it/s]\rLoading weights:  56%|█████▌    | 407/729 [01:46\u003c00:48,  6.65it/s]\rLoading weights:  56%|█████▌    | 409/729 [01:46\u003c00:41,  7.70it/s]\rLoading weights:  57%|█████▋    | 413/729 [01:46\u003c00:30, 10.22it/s]\rLoading weights:  57%|█████▋    | 415/729 [01:47\u003c00:44,  6.98it/s]\rLoading weights:  57%|█████▋    | 417/729 [01:47\u003c00:50,  6.13it/s]\rLoading weights:  57%|█████▋    | 419/729 [01:48\u003c01:03,  4.90it/s]\rLoading weights:  58%|█████▊    | 421/729 [01:49\u003c01:04,  4.80it/s]\rLoading weights:  58%|█████▊    | 425/729 [01:49\u003c00:40,  7.46it/s]\rLoading weights:  59%|█████▊    | 427/729 [01:49\u003c00:53,  5.66it/s]\rLoading weights:  59%|█████▉    | 429/729 [01:50\u003c00:52,  5.71it/s]\rLoading weights:  59%|█████▉    | 431/729 [01:50\u003c00:55,  5.41it/s]\rLoading weights:  59%|█████▉    | 433/729 [01:50\u003c00:56,  5.22it/s]\rLoading weights:  60%|█████▉    | 437/729 [01:51\u003c00:35,  8.16it/s]\rLoading weights:  60%|██████    | 439/729 [01:51\u003c00:42,  6.86it/s]\rLoading weights:  60%|██████    | 441/729 [01:52\u003c00:49,  5.85it/s]\rLoading weights:  61%|██████    | 443/729 [01:52\u003c00:45,  6.31it/s]\rLoading weights:  61%|██████    | 445/729 [01:52\u003c00:38,  7.42it/s]\rLoading weights:  62%|██████▏   | 449/729 [01:52\u003c00:24, 11.44it/s]\rLoading weights:  62%|██████▏   | 451/729 [01:52\u003c00:27, 10.21it/s]\rLoading weights:  63%|██████▎   | 457/729 [01:52\u003c00:15, 17.60it/s]\rLoading weights:  64%|██████▍   | 465/729 [01:53\u003c00:09, 27.17it/s]\rLoading weights:  64%|██████▍   | 469/729 [01:53\u003c00:15, 17.15it/s]\rLoading weights:  65%|██████▍   | 473/729 [01:53\u003c00:12, 20.13it/s]\rLoading weights:  65%|██████▌   | 477/729 [01:54\u003c00:20, 12.00it/s]\rLoading weights:  66%|██████▌   | 480/729 [01:54\u003c00:21, 11.72it/s]\rLoading weights:  66%|██████▋   | 483/729 [01:54\u003c00:18, 13.19it/s]\rLoading weights:  67%|██████▋   | 486/729 [01:54\u003c00:16, 14.30it/s]\rLoading weights:  67%|██████▋   | 489/729 [01:55\u003c00:23, 10.28it/s]\rLoading weights:  68%|██████▊   | 493/729 [01:55\u003c00:21, 11.00it/s]\rLoading weights:  68%|██████▊   | 499/729 [01:56\u003c00:17, 12.91it/s]\rLoading weights:  69%|██████▊   | 501/729 [01:56\u003c00:16, 13.60it/s]\rLoading weights:  69%|██████▉   | 503/729 [01:56\u003c00:20, 11.16it/s]\rLoading weights:  69%|██████▉   | 505/729 [01:56\u003c00:18, 11.80it/s]\rLoading weights:  70%|███████   | 513/729 [01:56\u003c00:12, 16.69it/s]\rLoading weights:  71%|███████   | 515/729 [01:57\u003c00:14, 15.21it/s]\rLoading weights:  71%|███████   | 517/729 [01:57\u003c00:15, 13.43it/s]\rLoading weights:  72%|███████▏  | 523/729 [01:58\u003c00:18, 11.14it/s]\rLoading weights:  72%|███████▏  | 527/729 [01:58\u003c00:18, 10.70it/s]\rLoading weights:  73%|███████▎  | 529/729 [01:58\u003c00:17, 11.43it/s]\rLoading weights:  73%|███████▎  | 533/729 [01:58\u003c00:13, 14.37it/s]\rLoading weights:  73%|███████▎  | 535/729 [01:58\u003c00:16, 12.05it/s]\rLoading weights:  74%|███████▎  | 537/729 [01:59\u003c00:19,  9.75it/s]\rLoading weights:  74%|███████▍  | 539/729 [01:59\u003c00:17, 11.02it/s]\rLoading weights:  74%|███████▍  | 541/729 [01:59\u003c00:21,  8.73it/s]\rLoading weights:  75%|███████▌  | 547/729 [02:00\u003c00:13, 13.13it/s]\rLoading weights:  75%|███████▌  | 549/729 [02:00\u003c00:15, 11.59it/s]\rLoading weights:  76%|███████▌  | 553/729 [02:00\u003c00:18,  9.66it/s]\rLoading weights:  76%|███████▋  | 557/729 [02:01\u003c00:14, 11.89it/s]\rLoading weights:  77%|███████▋  | 559/729 [02:01\u003c00:19,  8.64it/s]\rLoading weights:  77%|███████▋  | 561/729 [02:01\u003c00:22,  7.48it/s]\rLoading weights:  77%|███████▋  | 563/729 [02:02\u003c00:26,  6.23it/s]\rLoading weights:  78%|███████▊  | 565/729 [02:02\u003c00:27,  5.87it/s]\rLoading weights:  78%|███████▊  | 571/729 [02:03\u003c00:20,  7.77it/s]\rLoading weights:  79%|███████▊  | 573/729 [02:03\u003c00:19,  7.82it/s]\rLoading weights:  79%|███████▉  | 575/729 [02:03\u003c00:20,  7.63it/s]\rLoading weights:  79%|███████▉  | 577/729 [02:04\u003c00:19,  7.86it/s]\rLoading weights:  80%|███████▉  | 581/729 [02:04\u003c00:13, 10.97it/s]\rLoading weights:  80%|███████▉  | 583/729 [02:04\u003c00:20,  7.17it/s]\rLoading weights:  80%|████████  | 585/729 [02:05\u003c00:21,  6.66it/s]\rLoading weights:  81%|████████  | 587/729 [02:05\u003c00:21,  6.59it/s]\rLoading weights:  81%|████████  | 589/729 [02:06\u003c00:26,  5.36it/s]\rLoading weights:  81%|████████▏ | 593/729 [02:06\u003c00:17,  7.76it/s]\rLoading weights:  82%|████████▏ | 595/729 [02:07\u003c00:25,  5.35it/s]\rLoading weights:  82%|████████▏ | 597/729 [02:07\u003c00:24,  5.29it/s]\rLoading weights:  82%|████████▏ | 599/729 [02:07\u003c00:23,  5.43it/s]\rLoading weights:  82%|████████▏ | 601/729 [02:08\u003c00:27,  4.69it/s]\rLoading weights:  83%|████████▎ | 605/729 [02:08\u003c00:17,  6.94it/s]\rLoading weights:  83%|████████▎ | 607/729 [02:09\u003c00:21,  5.76it/s]\rLoading weights:  84%|████████▎ | 609/729 [02:09\u003c00:24,  4.85it/s]\rLoading weights:  84%|████████▍ | 611/729 [02:10\u003c00:25,  4.55it/s]\rLoading weights:  84%|████████▍ | 613/729 [02:10\u003c00:26,  4.36it/s]\rLoading weights:  85%|████████▍ | 617/729 [02:10\u003c00:16,  6.96it/s]\rLoading weights:  85%|████████▍ | 619/729 [02:11\u003c00:20,  5.28it/s]\rLoading weights:  85%|████████▌ | 621/729 [02:11\u003c00:20,  5.32it/s]\rLoading weights:  85%|████████▌ | 623/729 [02:12\u003c00:18,  5.70it/s]\rLoading weights:  86%|████████▌ | 625/729 [02:12\u003c00:17,  6.03it/s]\rLoading weights:  86%|████████▋ | 629/729 [02:12\u003c00:11,  9.08it/s]\rLoading weights:  87%|████████▋ | 633/729 [02:12\u003c00:09, 10.31it/s]\rLoading weights:  87%|████████▋ | 637/729 [02:13\u003c00:08, 10.42it/s]\rLoading weights:  88%|████████▊ | 645/729 [02:13\u003c00:06, 12.47it/s]\rLoading weights:  89%|████████▉ | 649/729 [02:14\u003c00:07, 11.04it/s]\rLoading weights:  90%|█████████ | 659/729 [02:14\u003c00:04, 16.60it/s]\rLoading weights:  91%|█████████ | 661/729 [02:14\u003c00:04, 16.37it/s]\rLoading weights:  91%|█████████ | 665/729 [02:14\u003c00:03, 17.31it/s]\rLoading weights:  91%|█████████▏| 667/729 [02:15\u003c00:03, 16.87it/s]\rLoading weights:  92%|█████████▏| 669/729 [02:15\u003c00:04, 13.52it/s]\rLoading weights:  92%|█████████▏| 671/729 [02:15\u003c00:05, 10.70it/s]\rLoading weights:  92%|█████████▏| 673/729 [02:16\u003c00:06,  8.15it/s]\rLoading weights:  93%|█████████▎| 677/729 [02:16\u003c00:05,  9.74it/s]\rLoading weights:  93%|█████████▎| 679/729 [02:16\u003c00:06,  7.55it/s]\rLoading weights:  93%|█████████▎| 681/729 [02:17\u003c00:06,  6.91it/s]\rLoading weights:  94%|█████████▎| 683/729 [02:17\u003c00:07,  6.26it/s]\rLoading weights:  94%|█████████▍| 685/729 [02:18\u003c00:08,  5.49it/s]\rLoading weights:  95%|█████████▍| 689/729 [02:18\u003c00:05,  7.19it/s]\rLoading weights:  95%|█████████▍| 691/729 [02:18\u003c00:05,  6.61it/s]\rLoading weights:  95%|█████████▌| 693/729 [02:19\u003c00:06,  5.83it/s]\rLoading weights:  95%|█████████▌| 695/729 [02:19\u003c00:06,  5.32it/s]\rLoading weights:  96%|█████████▌| 697/729 [02:20\u003c00:06,  5.10it/s]\rLoading weights:  96%|█████████▋| 703/729 [02:20\u003c00:03,  7.55it/s]\rLoading weights:  97%|█████████▋| 705/729 [02:21\u003c00:03,  6.09it/s]\rLoading weights:  97%|█████████▋| 707/729 [02:21\u003c00:03,  5.68it/s]\rLoading weights:  97%|█████████▋| 709/729 [02:22\u003c00:03,  5.92it/s]\rLoading weights:  98%|█████████▊| 713/729 [02:22\u003c00:01,  8.63it/s]\rLoading weights:  98%|█████████▊| 715/729 [02:22\u003c00:01,  7.11it/s]\rLoading weights:  98%|█████████▊| 717/729 [02:23\u003c00:01,  6.03it/s]\rLoading weights:  99%|█████████▊| 719/729 [02:23\u003c00:01,  5.62it/s]\rLoading weights:  99%|█████████▉| 721/729 [02:23\u003c00:01,  6.47it/s]\rLoading weights: 100%|█████████▉| 726/729 [02:24\u003c00:00,  9.28it/s]\rLoading weights: 100%|██████████| 729/729 [02:24\u003c00:00,  5.06it/s]\n"}
,{"stream_name":"stderr","time":1094.581922974,"data":"[transformers] Both `max_new_tokens` (=96) and `max_length`(=20) seem to have been set. `max_new_tokens` will take precedence. Please refer to the documentation for more information. (https://huggingface.co/docs/transformers/main/en/main_classes/text_generation)\n"}
,{"stream_name":"stdout","time":1102.341109964,"data":"[2026-05-11T16:01:52.824897+00:00] model_eval: progress {'model_id': 'Qwen/Qwen2.5-VL-7B-Instruct', 'completed': 1, 'total': 40, 'running_accuracy': 1.0}\n"}
,{"stream_name":"stderr","time":1102.358649686,"data":"[transformers] Both `max_new_tokens` (=96) and `max_length`(=20) seem to have been set. `max_new_tokens` will take precedence. Please refer to the documentation for more information. (https://huggingface.co/docs/transformers/main/en/main_classes/text_generation)\n"}
,{"stream_name":"stdout","time":1110.329013197,"data":"[2026-05-11T16:02:00.813901+00:00] model_eval: progress {'model_id': 'Qwen/Qwen2.5-VL-7B-Instruct', 'completed': 2, 'total': 40, 'running_accuracy': 1.0}\n"}
,{"stream_name":"stderr","time":1110.346276823,"data":"[transformers] Both `max_new_tokens` (=96) and `max_length`(=20) seem to have been set. `max_new_tokens` will take precedence. Please refer to the documentation for more information. (https://huggingface.co/docs/transformers/main/en/main_classes/text_generation)\n"}
,{"stream_name":"stdout","time":1118.705459567,"data":"[2026-05-11T16:02:09.190376+00:00] model_eval: progress {'model_id': 'Qwen/Qwen2.5-VL-7B-Instruct', 'completed': 3, 'total': 40, 'running_accuracy': 1.0}\n"}
,{"stream_name":"stderr","time":1118.72390385,"data":"[transformers] Both `max_new_tokens` (=96) and `max_length`(=20) seem to have been set. `max_new_tokens` will take precedence. Please refer to the documentation for more information. (https://huggingface.co/docs/transformers/main/en/main_classes/text_generation)\n"}
,{"stream_name":"stdout","time":1126.034499572,"data":"[2026-05-11T16:02:16.519442+00:00] model_eval: progress {'model_id': 'Qwen/Qwen2.5-VL-7B-Instruct', 'completed': 4, 'total': 40, 'running_accuracy': 0.75}\n"}
,{"stream_name":"stderr","time":1126.051943564,"data":"[transformers] Both `max_new_tokens` (=96) and `max_length`(=20) seem to have been set. `max_new_tokens` will take precedence. Please refer to the documentation for more information. (https://huggingface.co/docs/transformers/main/en/main_classes/text_generation)\n"}
,{"stream_name":"stdout","time":1133.935454919,"data":"[2026-05-11T16:02:24.420374+00:00] model_eval: progress {'model_id': 'Qwen/Qwen2.5-VL-7B-Instruct', 'completed': 5, 'total': 40, 'running_accuracy': 0.8}\n"}
,{"stream_name":"stderr","time":1133.948982366,"data":"[transformers] Both `max_new_tokens` (=96) and `max_length`(=20) seem to have been set. `max_new_tokens` will take precedence. Please refer to the documentation for more information. (https://huggingface.co/docs/transformers/main/en/main_classes/text_generation)\n"}
,{"stream_name":"stdout","time":1139.877994544,"data":"[2026-05-11T16:02:30.362851+00:00] model_eval: progress {'model_id': 'Qwen/Qwen2.5-VL-7B-Instruct', 'completed': 6, 'total': 40, 'running_accuracy': 0.6667}\n"}
,{"stream_name":"stderr","time":1139.890451818,"data":"[transformers] Both `max_new_tokens` (=96) and `max_length`(=20) seem to have been set. `max_new_tokens` will take precedence. Please refer to the documentation for more information. (https://huggingface.co/docs/transformers/main/en/main_classes/text_generation)\n"}
,{"stream_name":"stdout","time":1145.11649655,"data":"[2026-05-11T16:02:35.601452+00:00] model_eval: progress {'model_id': 'Qwen/Qwen2.5-VL-7B-Instruct', 'completed': 7, 'total': 40, 'running_accuracy': 0.5714}\n"}
,{"stream_name":"stderr","time":1145.127788415,"data":"[transformers] Both `max_new_tokens` (=96) and `max_length`(=20) seem to have been set. `max_new_tokens` will take precedence. Please refer to the documentation for more information. (https://huggingface.co/docs/transformers/main/en/main_classes/text_generation)\n"}
,{"stream_name":"stdout","time":1150.133224754,"data":"[2026-05-11T16:02:40.618150+00:00] model_eval: progress {'model_id': 'Qwen/Qwen2.5-VL-7B-Instruct', 'completed': 8, 'total': 40, 'running_accuracy': 0.5}\n"}
,{"stream_name":"stderr","time":1150.145540172,"data":"[transformers] Both `max_new_tokens` (=96) and `max_length`(=20) seem to have been set. `max_new_tokens` will take precedence. Please refer to the documentation for more information. (https://huggingface.co/docs/transformers/main/en/main_classes/text_generation)\n"}
,{"stream_name":"stdout","time":1155.169025002,"data":"[2026-05-11T16:02:45.653960+00:00] model_eval: progress {'model_id': 'Qwen/Qwen2.5-VL-7B-Instruct', 'completed': 9, 'total': 40, 'running_accuracy': 0.4444}\n"}
,{"stream_name":"stderr","time":1155.1921326,"data":"[transformers] Both `max_new_tokens` (=96) and `max_length`(=20) seem to have been set. `max_new_tokens` will take precedence. Please refer to the documentation for more information. (https://huggingface.co/docs/transformers/main/en/main_classes/text_generation)\n"}
,{"stream_name":"stdout","time":1163.190029483,"data":"[2026-05-11T16:02:53.674920+00:00] model_eval: progress {'model_id': 'Qwen/Qwen2.5-VL-7B-Instruct', 'completed': 10, 'total': 40, 'running_accuracy': 0.4}\n"}
,{"stream_name":"stderr","time":1163.201062906,"data":"[transformers] Both `max_new_tokens` (=96) and `max_length`(=20) seem to have been set. `max_new_tokens` will take precedence. Please refer to the documentation for more information. (https://huggingface.co/docs/transformers/main/en/main_classes/text_generation)\n"}
,{"stream_name":"stdout","time":1168.181552054,"data":"[2026-05-11T16:02:58.666482+00:00] model_eval: progress {'model_id': 'Qwen/Qwen2.5-VL-7B-Instruct', 'completed': 11, 'total': 40, 'running_accuracy': 0.3636}\n"}
,{"stream_name":"stderr","time":1168.192763024,"data":"[transformers] Both `max_new_tokens` (=96) and `max_length`(=20) seem to have been set. `max_new_tokens` will take precedence. Please refer to the documentation for more information. (https://huggingface.co/docs/transformers/main/en/main_classes/text_generation)\n"}
,{"stream_name":"stdout","time":1173.375368629,"data":"[2026-05-11T16:03:03.860338+00:00] model_eval: progress {'model_id': 'Qwen/Qwen2.5-VL-7B-Instruct', 'completed': 12, 'total': 40, 'running_accuracy': 0.3333}\n"}
,{"stream_name":"stderr","time":1173.38767908,"data":"[transformers] Both `max_new_tokens` (=96) and `max_length`(=20) seem to have been set. `max_new_tokens` will take precedence. Please refer to the documentation for more information. (https://huggingface.co/docs/transformers/main/en/main_classes/text_generation)\n"}
,{"stream_name":"stdout","time":1177.978989151,"data":"[2026-05-11T16:03:08.463983+00:00] model_eval: progress {'model_id': 'Qwen/Qwen2.5-VL-7B-Instruct', 'completed': 13, 'total': 40, 'running_accuracy': 0.3846}\n"}
,{"stream_name":"stderr","time":1177.990390898,"data":"[transformers] Both `max_new_tokens` (=96) and `max_length`(=20) seem to have been set. `max_new_tokens` will take precedence. Please refer to the documentation for more information. (https://huggingface.co/docs/transformers/main/en/main_classes/text_generation)\n"}
,{"stream_name":"stdout","time":1183.367717801,"data":"[2026-05-11T16:03:13.852607+00:00] model_eval: progress {'model_id': 'Qwen/Qwen2.5-VL-7B-Instruct', 'completed': 14, 'total': 40, 'running_accuracy': 0.3571}\n"}
,{"stream_name":"stderr","time":1183.378766152,"data":"[transformers] Both `max_new_tokens` (=96) and `max_length`(=20) seem to have been set. `max_new_tokens` will take precedence. Please refer to the documentation for more information. (https://huggingface.co/docs/transformers/main/en/main_classes/text_generation)\n"}
,{"stream_name":"stdout","time":1188.169264702,"data":"[2026-05-11T16:03:18.654199+00:00] model_eval: progress {'model_id': 'Qwen/Qwen2.5-VL-7B-Instruct', 'completed': 15, 'total': 40, 'running_accuracy': 0.4}\n"}
,{"stream_name":"stderr","time":1188.18730547,"data":"[transformers] Both `max_new_tokens` (=96) and `max_length`(=20) seem to have been set. `max_new_tokens` will take precedence. Please refer to the documentation for more information. (https://huggingface.co/docs/transformers/main/en/main_classes/text_generation)\n"}
,{"stream_name":"stdout","time":1195.717089484,"data":"[2026-05-11T16:03:26.201841+00:00] model_eval: progress {'model_id': 'Qwen/Qwen2.5-VL-7B-Instruct', 'completed': 16, 'total': 40, 'running_accuracy': 0.375}\n"}
,{"stream_name":"stderr","time":1195.735954963,"data":"[transformers] Both `max_new_tokens` (=96) and `max_length`(=20) seem to have been set. `max_new_tokens` will take precedence. Please refer to the documentation for more information. (https://huggingface.co/docs/transformers/main/en/main_classes/text_generation)\n"}
,{"stream_name":"stdout","time":1203.478529301,"data":"[2026-05-11T16:03:33.963449+00:00] model_eval: progress {'model_id': 'Qwen/Qwen2.5-VL-7B-Instruct', 'completed': 17, 'total': 40, 'running_accuracy': 0.3529}\n"}
,{"stream_name":"stderr","time":1203.496288755,"data":"[transformers] Both `max_new_tokens` (=96) and `max_length`(=20) seem to have been set. `max_new_tokens` will take precedence. Please refer to the documentation for more information. (https://huggingface.co/docs/transformers/main/en/main_classes/text_generation)\n"}
,{"stream_name":"stdout","time":1210.746496759,"data":"[2026-05-11T16:03:41.231422+00:00] model_eval: progress {'model_id': 'Qwen/Qwen2.5-VL-7B-Instruct', 'completed': 18, 'total': 40, 'running_accuracy': 0.3333}\n"}
,{"stream_name":"stderr","time":1210.768294193,"data":"[transformers] Both `max_new_tokens` (=96) and `max_length`(=20) seem to have been set. `max_new_tokens` will take precedence. Please refer to the documentation for more information. (https://huggingface.co/docs/transformers/main/en/main_classes/text_generation)\n"}
,{"stream_name":"stdout","time":1218.611211893,"data":"[2026-05-11T16:03:49.096160+00:00] model_eval: progress {'model_id': 'Qwen/Qwen2.5-VL-7B-Instruct', 'completed': 19, 'total': 40, 'running_accuracy': 0.3158}\n"}
,{"stream_name":"stderr","time":1218.628418688,"data":"[transformers] Both `max_new_tokens` (=96) and `max_length`(=20) seem to have been set. `max_new_tokens` will take precedence. Please refer to the documentation for more information. (https://huggingface.co/docs/transformers/main/en/main_classes/text_generation)\n"}
,{"stream_name":"stdout","time":1226.500319392,"data":"[2026-05-11T16:03:56.985294+00:00] model_eval: progress {'model_id': 'Qwen/Qwen2.5-VL-7B-Instruct', 'completed': 20, 'total': 40, 'running_accuracy': 0.3}\n"}
,{"stream_name":"stderr","time":1226.510840159,"data":"[transformers] Both `max_new_tokens` (=96) and `max_length`(=20) seem to have been set. `max_new_tokens` will take precedence. Please refer to the documentation for more information. (https://huggingface.co/docs/transformers/main/en/main_classes/text_generation)\n"}
,{"stream_name":"stdout","time":1230.921553049,"data":"[2026-05-11T16:04:01.406587+00:00] model_eval: progress {'model_id': 'Qwen/Qwen2.5-VL-7B-Instruct', 'completed': 21, 'total': 40, 'running_accuracy': 0.2857}\n"}
,{"stream_name":"stderr","time":1230.932216784,"data":"[transformers] Both `max_new_tokens` (=96) and `max_length`(=20) seem to have been set. `max_new_tokens` will take precedence. Please refer to the documentation for more information. (https://huggingface.co/docs/transformers/main/en/main_classes/text_generation)\n"}
,{"stream_name":"stdout","time":1235.336941258,"data":"[2026-05-11T16:04:05.821793+00:00] model_eval: progress {'model_id': 'Qwen/Qwen2.5-VL-7B-Instruct', 'completed': 22, 'total': 40, 'running_accuracy': 0.2727}\n"}
,{"stream_name":"stderr","time":1235.348151651,"data":"[transformers] Both `max_new_tokens` (=96) and `max_length`(=20) seem to have been set. `max_new_tokens` will take precedence. Please refer to the documentation for more information. (https://huggingface.co/docs/transformers/main/en/main_classes/text_generation)\n"}
,{"stream_name":"stdout","time":1240.395235688,"data":"[2026-05-11T16:04:10.880216+00:00] model_eval: progress {'model_id': 'Qwen/Qwen2.5-VL-7B-Instruct', 'completed': 23, 'total': 40, 'running_accuracy': 0.2609}\n"}
,{"stream_name":"stderr","time":1240.407088613,"data":"[transformers] Both `max_new_tokens` (=96) and `max_length`(=20) seem to have been set. `max_new_tokens` will take precedence. Please refer to the documentation for more information. (https://huggingface.co/docs/transformers/main/en/main_classes/text_generation)\n"}
,{"stream_name":"stdout","time":1245.460171606,"data":"[2026-05-11T16:04:15.945142+00:00] model_eval: progress {'model_id': 'Qwen/Qwen2.5-VL-7B-Instruct', 'completed': 24, 'total': 40, 'running_accuracy': 0.25}\n"}
,{"stream_name":"stderr","time":1245.47101483,"data":"[transformers] Both `max_new_tokens` (=96) and `max_length`(=20) seem to have been set. `max_new_tokens` will take precedence. Please refer to the documentation for more information. (https://huggingface.co/docs/transformers/main/en/main_classes/text_generation)\n"}
,{"stream_name":"stdout","time":1250.419856994,"data":"[2026-05-11T16:04:20.904797+00:00] model_eval: progress {'model_id': 'Qwen/Qwen2.5-VL-7B-Instruct', 'completed': 25, 'total': 40, 'running_accuracy': 0.24}\n"}
,{"stream_name":"stderr","time":1250.430557721,"data":"[transformers] Both `max_new_tokens` (=96) and `max_length`(=20) seem to have been set. `max_new_tokens` will take precedence. Please refer to the documentation for more information. (https://huggingface.co/docs/transformers/main/en/main_classes/text_generation)\n"}
,{"stream_name":"stdout","time":1254.825931766,"data":"[2026-05-11T16:04:25.310861+00:00] model_eval: progress {'model_id': 'Qwen/Qwen2.5-VL-7B-Instruct', 'completed': 26, 'total': 40, 'running_accuracy': 0.2308}\n"}
,{"stream_name":"stderr","time":1254.836391427,"data":"[transformers] Both `max_new_tokens` (=96) and `max_length`(=20) seem to have been set. `max_new_tokens` will take precedence. Please refer to the documentation for more information. (https://huggingface.co/docs/transformers/main/en/main_classes/text_generation)\n"}
,{"stream_name":"stdout","time":1259.109314063,"data":"[2026-05-11T16:04:29.594297+00:00] model_eval: progress {'model_id': 'Qwen/Qwen2.5-VL-7B-Instruct', 'completed': 27, 'total': 40, 'running_accuracy': 0.2222}\n"}
,{"stream_name":"stderr","time":1259.119827451,"data":"[transformers] Both `max_new_tokens` (=96) and `max_length`(=20) seem to have been set. `max_new_tokens` will take precedence. Please refer to the documentation for more information. (https://huggingface.co/docs/transformers/main/en/main_classes/text_generation)\n"}
,{"stream_name":"stdout","time":1263.964433782,"data":"[2026-05-11T16:04:34.449311+00:00] model_eval: progress {'model_id': 'Qwen/Qwen2.5-VL-7B-Instruct', 'completed': 28, 'total': 40, 'running_accuracy': 0.2143}\n"}
,{"stream_name":"stderr","time":1263.975150358,"data":"[transformers] Both `max_new_tokens` (=96) and `max_length`(=20) seem to have been set. `max_new_tokens` will take precedence. Please refer to the documentation for more information. (https://huggingface.co/docs/transformers/main/en/main_classes/text_generation)\n"}
,{"stream_name":"stdout","time":1268.382137794,"data":"[2026-05-11T16:04:38.867021+00:00] model_eval: progress {'model_id': 'Qwen/Qwen2.5-VL-7B-Instruct', 'completed': 29, 'total': 40, 'running_accuracy': 0.2069}\n"}
,{"stream_name":"stderr","time":1268.392628068,"data":"[transformers] Both `max_new_tokens` (=96) and `max_length`(=20) seem to have been set. `max_new_tokens` will take precedence. Please refer to the documentation for more information. (https://huggingface.co/docs/transformers/main/en/main_classes/text_generation)\n"}
,{"stream_name":"stdout","time":1273.442098735,"data":"[2026-05-11T16:04:43.926975+00:00] model_eval: progress {'model_id': 'Qwen/Qwen2.5-VL-7B-Instruct', 'completed': 30, 'total': 40, 'running_accuracy': 0.2}\n"}
,{"stream_name":"stderr","time":1273.45292697,"data":"[transformers] Both `max_new_tokens` (=96) and `max_length`(=20) seem to have been set. `max_new_tokens` will take precedence. Please refer to the documentation for more information. (https://huggingface.co/docs/transformers/main/en/main_classes/text_generation)\n"}
,{"stream_name":"stdout","time":1278.366278862,"data":"[2026-05-11T16:04:48.851229+00:00] model_eval: progress {'model_id': 'Qwen/Qwen2.5-VL-7B-Instruct', 'completed': 31, 'total': 40, 'running_accuracy': 0.1935}\n"}
,{"stream_name":"stderr","time":1278.376969081,"data":"[transformers] Both `max_new_tokens` (=96) and `max_length`(=20) seem to have been set. `max_new_tokens` will take precedence. Please refer to the documentation for more information. (https://huggingface.co/docs/transformers/main/en/main_classes/text_generation)\n"}
,{"stream_name":"stdout","time":1282.864194776,"data":"[2026-05-11T16:04:53.349089+00:00] model_eval: progress {'model_id': 'Qwen/Qwen2.5-VL-7B-Instruct', 'completed': 32, 'total': 40, 'running_accuracy': 0.1875}\n"}
,{"stream_name":"stderr","time":1282.874404136,"data":"[transformers] Both `max_new_tokens` (=96) and `max_length`(=20) seem to have been set. `max_new_tokens` will take precedence. Please refer to the documentation for more information. (https://huggingface.co/docs/transformers/main/en/main_classes/text_generation)\n"}
,{"stream_name":"stdout","time":1287.256720467,"data":"[2026-05-11T16:04:57.741645+00:00] model_eval: progress {'model_id': 'Qwen/Qwen2.5-VL-7B-Instruct', 'completed': 33, 'total': 40, 'running_accuracy': 0.1818}\n"}
,{"stream_name":"stderr","time":1287.267450427,"data":"[transformers] Both `max_new_tokens` (=96) and `max_length`(=20) seem to have been set. `max_new_tokens` will take precedence. Please refer to the documentation for more information. (https://huggingface.co/docs/transformers/main/en/main_classes/text_generation)\n"}
,{"stream_name":"stdout","time":1292.243619193,"data":"[2026-05-11T16:05:02.728538+00:00] model_eval: progress {'model_id': 'Qwen/Qwen2.5-VL-7B-Instruct', 'completed': 34, 'total': 40, 'running_accuracy': 0.1765}\n"}
,{"stream_name":"stderr","time":1292.254727954,"data":"[transformers] Both `max_new_tokens` (=96) and `max_length`(=20) seem to have been set. `max_new_tokens` will take precedence. Please refer to the documentation for more information. (https://huggingface.co/docs/transformers/main/en/main_classes/text_generation)\n"}
,{"stream_name":"stdout","time":1296.704045796,"data":"[2026-05-11T16:05:07.188969+00:00] model_eval: progress {'model_id': 'Qwen/Qwen2.5-VL-7B-Instruct', 'completed': 35, 'total': 40, 'running_accuracy': 0.1714}\n"}
,{"stream_name":"stderr","time":1296.714554767,"data":"[transformers] Both `max_new_tokens` (=96) and `max_length`(=20) seem to have been set. `max_new_tokens` will take precedence. Please refer to the documentation for more information. (https://huggingface.co/docs/transformers/main/en/main_classes/text_generation)\n"}
,{"stream_name":"stdout","time":1301.189865753,"data":"[2026-05-11T16:05:11.674778+00:00] model_eval: progress {'model_id': 'Qwen/Qwen2.5-VL-7B-Instruct', 'completed': 36, 'total': 40, 'running_accuracy': 0.1667}\n"}
,{"stream_name":"stderr","time":1301.200833247,"data":"[transformers] Both `max_new_tokens` (=96) and `max_length`(=20) seem to have been set. `max_new_tokens` will take precedence. Please refer to the documentation for more information. (https://huggingface.co/docs/transformers/main/en/main_classes/text_generation)\n"}
,{"stream_name":"stdout","time":1305.61591773,"data":"[2026-05-11T16:05:16.100820+00:00] model_eval: progress {'model_id': 'Qwen/Qwen2.5-VL-7B-Instruct', 'completed': 37, 'total': 40, 'running_accuracy': 0.1622}\n"}
,{"stream_name":"stderr","time":1305.627403817,"data":"[transformers] Both `max_new_tokens` (=96) and `max_length`(=20) seem to have been set. `max_new_tokens` will take precedence. Please refer to the documentation for more information. (https://huggingface.co/docs/transformers/main/en/main_classes/text_generation)\n"}
,{"stream_name":"stdout","time":1310.617501283,"data":"[2026-05-11T16:05:21.102465+00:00] model_eval: progress {'model_id': 'Qwen/Qwen2.5-VL-7B-Instruct', 'completed': 38, 'total': 40, 'running_accuracy': 0.1579}\n"}
,{"stream_name":"stderr","time":1310.628352038,"data":"[transformers] Both `max_new_tokens` (=96) and `max_length`(=20) seem to have been set. `max_new_tokens` will take precedence. Please refer to the documentation for more information. (https://huggingface.co/docs/transformers/main/en/main_classes/text_generation)\n"}
,{"stream_name":"stdout","time":1314.772992568,"data":"[2026-05-11T16:05:25.257946+00:00] model_eval: progress {'model_id': 'Qwen/Qwen2.5-VL-7B-Instruct', 'completed': 39, 'total': 40, 'running_accuracy': 0.1538}\n"}
,{"stream_name":"stderr","time":1314.783838354,"data":"[transformers] Both `max_new_tokens` (=96) and `max_length`(=20) seem to have been set. `max_new_tokens` will take precedence. Please refer to the documentation for more information. (https://huggingface.co/docs/transformers/main/en/main_classes/text_generation)\n"}
,{"stream_name":"stdout","time":1319.805755957,"data":"[2026-05-11T16:05:30.290726+00:00] model_eval: progress {'model_id': 'Qwen/Qwen2.5-VL-7B-Instruct', 'completed': 40, 'total': 40, 'running_accuracy': 0.15}\n"}
,{"stream_name":"stdout","time":1320.38434782,"data":"[2026-05-11T16:05:30.869308+00:00] model_eval: completed {'model_id': 'Qwen/Qwen2.5-VL-7B-Instruct', 'accuracy': 0.15, 'n': 40}\n"}
,{"stream_name":"stdout","time":1320.384551215,"data":"[2026-05-11T16:05:30.869657+00:00] model_eval: skipped {'model_id': 'llava-hf/llava-v1.6-34b-hf', 'reason': 'GPU memory 29.12 GB is below requested 38.0 GB'}\n"}
,{"stream_name":"stdout","time":1320.384561235,"data":"\n"}
,{"stream_name":"stdout","time":1320.384564901,"data":"========================================================================================\n"}
,{"stream_name":"stdout","time":1320.384568556,"data":"2026-05-11T16:05:30.869754+00:00 | Building LoRA JSONL data\n"}
,{"stream_name":"stdout","time":1320.384572254,"data":"========================================================================================\n"}
,{"stream_name":"stdout","time":1320.437607414,"data":"[2026-05-11T16:05:30.922579+00:00] lora_data: created {'train_rows': 64, 'val_rows': 16}\n"}
,{"stream_name":"stdout","time":1320.437651423,"data":"\n"}
,{"stream_name":"stdout","time":1320.437656197,"data":"========================================================================================\n"}
,{"stream_name":"stdout","time":1320.437661105,"data":"2026-05-11T16:05:30.922688+00:00 | Training LoRA adapter for Qwen/Qwen2.5-VL-3B-Instruct\n"}
,{"stream_name":"stdout","time":1320.437665166,"data":"========================================================================================\n"}
,{"stream_name":"stderr","time":1476.726949738,"data":"\rLoading weights:   0%|          | 0/824 [00:00\u003c?, ?it/s]\rLoading weights:   0%|          | 1/824 [00:02\u003c33:01,  2.41s/it]\rLoading weights:   0%|          | 3/824 [00:02\u003c09:28,  1.45it/s]\rLoading weights:   0%|          | 4/824 [00:02\u003c07:01,  1.94it/s]\rLoading weights:   1%|          | 5/824 [00:02\u003c05:30,  2.48it/s]\rLoading weights:   2%|▏         | 15/824 [00:03\u003c01:14, 10.92it/s]\rLoading weights:   2%|▏         | 17/824 [00:03\u003c01:27,  9.22it/s]\rLoading weights:   3%|▎         | 27/824 [00:03\u003c00:48, 16.36it/s]\rLoading weights:   4%|▎         | 30/824 [00:04\u003c00:57, 13.83it/s]\rLoading weights:   5%|▍         | 39/824 [00:07\u003c02:24,  5.45it/s]\rLoading weights:   5%|▍         | 41/824 [00:12\u003c06:47,  1.92it/s]\rLoading weights:   5%|▌         | 44/824 [00:12\u003c05:25,  2.40it/s]\rLoading weights:   6%|▌         | 46/824 [00:13\u003c04:55,  2.63it/s]\rLoading weights:   6%|▌         | 48/824 [00:13\u003c04:52,  2.65it/s]\rLoading weights:   6%|▌         | 51/824 [00:17\u003c08:09,  1.58it/s]\rLoading weights:   6%|▋         | 52/824 [00:20\u003c11:33,  1.11it/s]\rLoading weights:   6%|▋         | 53/824 [00:23\u003c16:14,  1.26s/it]\rLoading weights:   7%|▋         | 57/824 [00:24\u003c09:25,  1.36it/s]\rLoading weights:   7%|▋         | 59/824 [00:24\u003c07:33,  1.69it/s]\rLoading weights:   7%|▋         | 61/824 [00:24\u003c05:46,  2.20it/s]\rLoading weights:   8%|▊         | 63/824 [00:27\u003c08:52,  1.43it/s]\rLoading weights:   8%|▊         | 64/824 [00:31\u003c15:14,  1.20s/it]\rLoading weights:   8%|▊         | 65/824 [00:34\u003c20:06,  1.59s/it]\rLoading weights:   8%|▊         | 68/824 [00:34\u003c11:16,  1.12it/s]\rLoading weights:   8%|▊         | 70/824 [00:34\u003c08:37,  1.46it/s]\rLoading weights:   9%|▊         | 71/824 [00:35\u003c08:10,  1.53it/s]\rLoading weights:   9%|▉         | 75/824 [00:39\u003c10:13,  1.22it/s]\rLoading weights:   9%|▉         | 76/824 [00:41\u003c12:56,  1.04s/it]\rLoading weights:   9%|▉         | 77/824 [00:44\u003c16:19,  1.31s/it]\rLoading weights:  10%|▉         | 80/824 [00:44\u003c09:25,  1.32it/s]\rLoading weights:  10%|▉         | 81/824 [00:45\u003c09:24,  1.32it/s]\rLoading weights:  10%|█         | 83/824 [00:45\u003c07:59,  1.55it/s]\rLoading weights:  10%|█         | 85/824 [00:46\u003c05:38,  2.18it/s]\rLoading weights:  11%|█         | 87/824 [00:49\u003c10:12,  1.20it/s]\rLoading weights:  11%|█         | 88/824 [00:52\u003c14:31,  1.18s/it]\rLoading weights:  11%|█         | 89/824 [00:55\u003c20:26,  1.67s/it]\rLoading weights:  11%|█▏        | 93/824 [00:56\u003c10:32,  1.16it/s]\rLoading weights:  12%|█▏        | 95/824 [00:56\u003c08:29,  1.43it/s]\rLoading weights:  12%|█▏        | 99/824 [01:00\u003c09:12,  1.31it/s]\rLoading weights:  12%|█▏        | 100/824 [01:03\u003c12:28,  1.03s/it]\rLoading weights:  12%|█▏        | 101/824 [01:05\u003c15:29,  1.29s/it]\rLoading weights:  13%|█▎        | 105/824 [01:06\u003c08:48,  1.36it/s]\rLoading weights:  13%|█▎        | 107/824 [01:06\u003c07:06,  1.68it/s]\rLoading weights:  13%|█▎        | 111/824 [01:09\u003c08:02,  1.48it/s]\rLoading weights:  14%|█▎        | 112/824 [01:12\u003c11:29,  1.03it/s]\rLoading weights:  14%|█▎        | 113/824 [01:15\u003c14:14,  1.20s/it]\rLoading weights:  14%|█▍        | 116/824 [01:15\u003c08:37,  1.37it/s]\rLoading weights:  14%|█▍        | 118/824 [01:15\u003c06:43,  1.75it/s]\rLoading weights:  14%|█▍        | 119/824 [01:15\u003c06:22,  1.85it/s]\rLoading weights:  15%|█▍        | 123/824 [01:16\u003c03:35,  3.25it/s]\rLoading weights:  15%|█▌        | 124/824 [01:16\u003c03:19,  3.51it/s]\rLoading weights:  15%|█▌        | 125/824 [01:16\u003c03:03,  3.81it/s]\rLoading weights:  16%|█▋        | 135/824 [01:16\u003c01:04, 10.72it/s]\rLoading weights:  17%|█▋        | 137/824 [01:17\u003c01:14,  9.27it/s]\rLoading weights:  18%|█▊        | 147/824 [01:17\u003c00:42, 15.92it/s]\rLoading weights:  18%|█▊        | 150/824 [01:17\u003c00:49, 13.58it/s]\rLoading weights:  19%|█▉        | 159/824 [01:17\u003c00:35, 18.73it/s]\rLoading weights:  20%|█▉        | 162/824 [01:18\u003c00:42, 15.43it/s]\rLoading weights:  21%|██        | 171/824 [01:18\u003c00:31, 20.45it/s]\rLoading weights:  21%|██        | 174/824 [01:18\u003c00:39, 16.46it/s]\rLoading weights:  22%|██▏       | 183/824 [01:19\u003c00:30, 21.28it/s]\rLoading weights:  23%|██▎       | 186/824 [01:19\u003c00:37, 16.94it/s]\rLoading weights:  24%|██▎       | 195/824 [01:19\u003c00:29, 21.68it/s]\rLoading weights:  24%|██▍       | 198/824 [01:20\u003c00:36, 17.17it/s]\rLoading weights:  25%|██▌       | 207/824 [01:20\u003c00:28, 21.87it/s]\rLoading weights:  25%|██▌       | 210/824 [01:20\u003c00:35, 17.28it/s]\rLoading weights:  27%|██▋       | 219/824 [01:20\u003c00:27, 21.96it/s]\rLoading weights:  27%|██▋       | 222/824 [01:21\u003c00:34, 17.34it/s]\rLoading weights:  28%|██▊       | 231/824 [01:21\u003c00:26, 22.00it/s]\rLoading weights:  28%|██▊       | 234/824 [01:21\u003c00:33, 17.36it/s]\rLoading weights:  29%|██▉       | 243/824 [01:22\u003c00:26, 22.05it/s]\rLoading weights:  30%|██▉       | 246/824 [01:22\u003c00:33, 17.38it/s]\rLoading weights:  31%|███       | 255/824 [01:22\u003c00:25, 22.05it/s]\rLoading weights:  31%|███▏      | 258/824 [01:23\u003c00:32, 17.39it/s]\rLoading weights:  32%|███▏      | 267/824 [01:23\u003c00:25, 22.02it/s]\rLoading weights:  33%|███▎      | 270/824 [01:23\u003c00:31, 17.37it/s]\rLoading weights:  34%|███▍      | 279/824 [01:24\u003c00:24, 22.05it/s]\rLoading weights:  34%|███▍      | 282/824 [01:24\u003c00:27, 19.66it/s]\rLoading weights:  35%|███▍      | 287/824 [01:24\u003c00:24, 22.30it/s]\rLoading weights:  35%|███▌      | 291/824 [01:25\u003c00:40, 13.20it/s]\rLoading weights:  36%|███▌      | 293/824 [01:26\u003c01:15,  7.03it/s]\rLoading weights:  36%|███▋      | 299/824 [01:26\u003c00:53,  9.86it/s]\rLoading weights:  37%|███▋      | 303/824 [01:26\u003c00:43, 12.00it/s]\rLoading weights:  37%|███▋      | 306/824 [01:27\u003c01:23,  6.24it/s]\rLoading weights:  38%|███▊      | 315/824 [01:28\u003c01:00,  8.46it/s]\rLoading weights:  38%|███▊      | 317/824 [01:29\u003c01:24,  5.99it/s]\rLoading weights:  40%|███▉      | 327/824 [01:29\u003c00:54,  9.16it/s]\rLoading weights:  40%|███▉      | 329/824 [01:31\u003c01:26,  5.74it/s]\rLoading weights:  41%|████      | 339/824 [01:31\u003c00:52,  9.30it/s]\rLoading weights:  41%|████▏     | 341/824 [01:32\u003c01:25,  5.68it/s]\rLoading weights:  42%|████▏     | 345/824 [01:33\u003c01:08,  7.00it/s]\rLoading weights:  43%|████▎     | 351/824 [01:33\u003c00:51,  9.16it/s]\rLoading weights:  43%|████▎     | 353/824 [01:33\u003c01:02,  7.52it/s]\rLoading weights:  44%|████▍     | 363/824 [01:34\u003c00:40, 11.47it/s]\rLoading weights:  44%|████▍     | 365/824 [01:38\u003c02:48,  2.73it/s]\rLoading weights:  45%|████▍     | 369/824 [01:39\u003c02:13,  3.41it/s]\rLoading weights:  45%|████▌     | 371/824 [01:39\u003c02:12,  3.42it/s]\rLoading weights:  46%|████▌     | 375/824 [01:42\u003c02:58,  2.52it/s]\rLoading weights:  46%|████▌     | 376/824 [01:44\u003c04:36,  1.62it/s]\rLoading weights:  46%|████▌     | 377/824 [01:46\u003c05:46,  1.29it/s]\rLoading weights:  46%|████▌     | 381/824 [01:47\u003c03:31,  2.09it/s]\rLoading weights:  46%|████▋     | 383/824 [01:47\u003c03:16,  2.24it/s]\rLoading weights:  47%|████▋     | 385/824 [01:47\u003c02:33,  2.85it/s]\rLoading weights:  47%|████▋     | 387/824 [01:48\u003c02:22,  3.07it/s]\rLoading weights:  47%|████▋     | 388/824 [01:51\u003c05:59,  1.21it/s]\rLoading weights:  47%|████▋     | 389/824 [01:53\u003c06:43,  1.08it/s]\rLoading weights:  48%|████▊     | 393/824 [01:53\u003c03:31,  2.04it/s]\rLoading weights:  48%|████▊     | 395/824 [01:54\u003c03:03,  2.33it/s]\rLoading weights:  48%|████▊     | 399/824 [01:56\u003c03:13,  2.20it/s]\rLoading weights:  49%|████▊     | 400/824 [01:56\u003c03:22,  2.09it/s]\rLoading weights:  49%|████▊     | 401/824 [01:58\u003c04:42,  1.50it/s]\rLoading weights:  49%|████▉     | 407/824 [01:58\u003c02:13,  3.12it/s]\rLoading weights:  50%|████▉     | 411/824 [02:00\u003c02:37,  2.62it/s]\rLoading weights:  50%|█████     | 412/824 [02:03\u003c04:22,  1.57it/s]\rLoading weights:  50%|█████     | 413/824 [02:05\u003c05:48,  1.18it/s]\rLoading weights:  51%|█████     | 417/824 [02:06\u003c03:52,  1.75it/s]\rLoading weights:  51%|█████     | 419/824 [02:07\u003c03:37,  1.86it/s]\rLoading weights:  51%|█████▏    | 423/824 [02:10\u003c04:37,  1.45it/s]\rLoading weights:  51%|█████▏    | 424/824 [02:15\u003c07:31,  1.13s/it]\rLoading weights:  52%|█████▏    | 425/824 [02:19\u003c10:27,  1.57s/it]\rLoading weights:  52%|█████▏    | 428/824 [02:19\u003c06:21,  1.04it/s]\rLoading weights:  52%|█████▏    | 429/824 [02:19\u003c05:47,  1.14it/s]\rLoading weights:  52%|█████▏    | 431/824 [02:20\u003c04:27,  1.47it/s]\rLoading weights:  53%|█████▎    | 440/824 [02:20\u003c01:30,  4.25it/s]\rLoading weights:  55%|█████▌    | 454/824 [02:20\u003c00:36, 10.09it/s]\rLoading weights:  56%|█████▋    | 464/824 [02:20\u003c00:23, 15.30it/s]\rLoading weights:  57%|█████▋    | 472/824 [02:20\u003c00:19, 18.45it/s]\rLoading weights:  58%|█████▊    | 479/824 [02:21\u003c00:18, 18.25it/s]\rLoading weights:  59%|█████▊    | 484/824 [02:21\u003c00:16, 20.08it/s]\rLoading weights:  59%|█████▉    | 489/824 [02:21\u003c00:15, 21.72it/s]\rLoading weights:  60%|█████▉    | 493/824 [02:21\u003c00:21, 15.27it/s]\rLoading weights:  61%|██████    | 500/824 [02:22\u003c00:17, 18.44it/s]\rLoading weights:  62%|██████▏   | 510/824 [02:22\u003c00:12, 26.01it/s]\rLoading weights:  63%|██████▎   | 522/824 [02:22\u003c00:08, 37.16it/s]\rLoading weights:  64%|██████▍   | 528/824 [02:22\u003c00:07, 37.69it/s]\rLoading weights:  65%|██████▌   | 538/824 [02:22\u003c00:06, 47.44it/s]\rLoading weights:  67%|██████▋   | 548/824 [02:22\u003c00:04, 57.12it/s]\rLoading weights:  68%|██████▊   | 560/824 [02:22\u003c00:03, 69.75it/s]\rLoading weights:  69%|██████▉   | 570/824 [02:23\u003c00:03, 64.39it/s]\rLoading weights:  70%|███████   | 578/824 [02:23\u003c00:03, 67.67it/s]\rLoading weights:  71%|███████   | 586/824 [02:23\u003c00:04, 48.26it/s]\rLoading weights:  73%|███████▎  | 598/824 [02:23\u003c00:04, 52.30it/s]\rLoading weights:  73%|███████▎  | 605/824 [02:23\u003c00:04, 49.32it/s]\rLoading weights:  74%|███████▍  | 611/824 [02:24\u003c00:06, 33.71it/s]\rLoading weights:  75%|███████▍  | 616/824 [02:24\u003c00:06, 30.53it/s]\rLoading weights:  75%|███████▌  | 620/824 [02:24\u003c00:08, 23.57it/s]\rLoading weights:  76%|███████▌  | 623/824 [02:24\u003c00:09, 21.61it/s]\rLoading weights:  76%|███████▋  | 630/824 [02:25\u003c00:06, 28.40it/s]\rLoading weights:  78%|███████▊  | 640/824 [02:25\u003c00:04, 40.86it/s]\rLoading weights:  79%|███████▊  | 648/824 [02:25\u003c00:03, 48.25it/s]\rLoading weights:  80%|███████▉  | 658/824 [02:25\u003c00:02, 59.53it/s]\rLoading weights:  81%|████████▏ | 670/824 [02:25\u003c00:02, 70.84it/s]\rLoading weights:  82%|████████▏ | 679/824 [02:25\u003c00:02, 52.88it/s]\rLoading weights:  83%|████████▎ | 686/824 [02:26\u003c00:03, 38.15it/s]\rLoading weights:  84%|████████▍ | 692/824 [02:26\u003c00:04, 27.99it/s]\rLoading weights:  85%|████████▍ | 697/824 [02:26\u003c00:04, 25.81it/s]\rLoading weights:  85%|████████▌ | 702/824 [02:26\u003c00:04, 27.95it/s]\rLoading weights:  86%|████████▌ | 706/824 [02:27\u003c00:04, 23.80it/s]\rLoading weights:  86%|████████▌ | 709/824 [02:27\u003c00:05, 22.32it/s]\rLoading weights:  87%|████████▋ | 716/824 [02:27\u003c00:04, 22.69it/s]\rLoading weights:  87%|████████▋ | 720/824 [02:27\u003c00:04, 21.33it/s]\rLoading weights:  88%|████████▊ | 726/824 [02:28\u003c00:04, 23.51it/s]\rLoading weights:  88%|████████▊ | 729/824 [02:28\u003c00:03, 23.84it/s]\rLoading weights:  89%|████████▉ | 732/824 [02:28\u003c00:04, 19.90it/s]\rLoading weights:  90%|████████▉ | 738/824 [02:28\u003c00:03, 21.69it/s]\rLoading weights:  90%|████████▉ | 741/824 [02:28\u003c00:03, 20.97it/s]\rLoading weights:  90%|█████████ | 744/824 [02:29\u003c00:04, 17.60it/s]\rLoading weights:  91%|█████████ | 750/824 [02:29\u003c00:03, 23.13it/s]\rLoading weights:  91%|█████████▏| 753/824 [02:29\u003c00:03, 22.23it/s]\rLoading weights:  92%|█████████▏| 756/824 [02:29\u003c00:04, 16.37it/s]\rLoading weights:  92%|█████████▏| 762/824 [02:29\u003c00:03, 18.85it/s]\rLoading weights:  94%|█████████▎| 772/824 [02:30\u003c00:01, 31.06it/s]\rLoading weights:  94%|█████████▍| 777/824 [02:30\u003c00:01, 27.04it/s]\rLoading weights:  95%|█████████▍| 781/824 [02:30\u003c00:01, 23.87it/s]\rLoading weights:  95%|█████████▌| 786/824 [02:30\u003c00:01, 21.74it/s]\rLoading weights:  96%|█████████▌| 790/824 [02:30\u003c00:01, 22.75it/s]\rLoading weights:  96%|█████████▌| 793/824 [02:31\u003c00:01, 20.86it/s]\rLoading weights:  97%|█████████▋| 798/824 [02:31\u003c00:01, 23.78it/s]\rLoading weights:  97%|█████████▋| 801/824 [02:31\u003c00:01, 15.15it/s]\rLoading weights:  98%|█████████▊| 804/824 [02:32\u003c00:01, 14.05it/s]\rLoading weights:  98%|█████████▊| 808/824 [02:32\u003c00:00, 16.55it/s]\rLoading weights:  98%|█████████▊| 811/824 [02:32\u003c00:00, 14.97it/s]\rLoading weights:  99%|█████████▉| 814/824 [02:32\u003c00:00, 15.47it/s]\rLoading weights: 100%|█████████▉| 821/824 [02:32\u003c00:00, 21.13it/s]\rLoading weights: 100%|██████████| 824/824 [02:32\u003c00:00,  5.39it/s]\n"}
,{"stream_name":"stdout","time":1478.31339802,"data":"trainable params: 37,152,768 || all params: 3,791,775,744 || trainable%: 0.9798\n"}
,{"stream_name":"stderr","time":1478.743002483,"data":"/usr/local/lib/python3.12/dist-packages/torch/_dynamo/eval_frame.py:1181: UserWarning: torch.utils.checkpoint: the use_reentrant parameter should be passed explicitly. Starting in PyTorch 2.9, calling checkpoint without use_reentrant will raise an exception. use_reentrant=False is recommended, but if you need to preserve the current default behavior, you can pass use_reentrant=True. Refer to docs for more details on the differences between the two variants.\n"}
,{"stream_name":"stderr","time":1478.743039851,"data":"  return fn(*args, **kwargs)\n"}
,{"stream_name":"stderr","time":1479.767677698,"data":"[transformers] `use_cache=True` is incompatible with gradient checkpointing. Setting `use_cache=False`.\n"}
,{"stream_name":"stderr","time":1484.27369664,"data":"/usr/local/lib/python3.12/dist-packages/torch/autograd/graph.py:865: UserWarning: The AccumulateGrad node's stream does not match the stream of the node that produced the incoming gradient. This may incur unnecessary synchronization and break CUDA graph capture if the AccumulateGrad node's stream is the default stream. This mismatch is caused by an AccumulateGrad node created prior to the current iteration being kept alive. This can happen if the autograd graph is still being kept alive by tensors such as the loss, or if you are using DDP, which will stash a reference to the node. To resolve the mismatch, delete all references to the autograd graph or ensure that DDP initialization is performed under the same stream as subsequent forwards. If the mismatch is intentional, you can use torch.autograd.graph.set_warn_on_accumulate_grad_stream_mismatch(False) to suppress this warning. (Triggered internally at /pytorch/torch/csrc/autograd/input_buffer.cpp:240.)\n"}
,{"stream_name":"stderr","time":1484.273732346,"data":"  return Variable._execution_engine.run_backward(  # Calls into the C++ engine to run the backward pass\n"}
,{"stream_name":"stdout","time":1510.715954268,"data":"[2026-05-11T16:08:41.200789+00:00] lora_train: progress {'update': 1, 'max_updates': 32, 'examples_seen': 4, 'loss': 2.142061}\n"}
,{"stream_name":"stdout","time":1543.352060684,"data":"[2026-05-11T16:09:13.836918+00:00] lora_train: progress {'update': 2, 'max_updates': 32, 'examples_seen': 8, 'loss': 1.170379}\n"}
,{"stream_name":"stdout","time":1575.155087678,"data":"[2026-05-11T16:09:45.639967+00:00] lora_train: progress {'update': 3, 'max_updates': 32, 'examples_seen': 12, 'loss': 0.796106}\n"}
,{"stream_name":"stdout","time":1607.57013577,"data":"[2026-05-11T16:10:18.055082+00:00] lora_train: progress {'update': 4, 'max_updates': 32, 'examples_seen': 16, 'loss': 0.469216}\n"}
,{"stream_name":"stdout","time":1639.30908794,"data":"[2026-05-11T16:10:49.794025+00:00] lora_train: progress {'update': 5, 'max_updates': 32, 'examples_seen': 20, 'loss': 0.408093}\n"}
,{"stream_name":"stdout","time":1675.750727791,"data":"[2026-05-11T16:11:26.235608+00:00] lora_train: progress {'update': 6, 'max_updates': 32, 'examples_seen': 24, 'loss': 0.179573}\n"}
,{"stream_name":"stdout","time":1708.016032472,"data":"[2026-05-11T16:11:58.500945+00:00] lora_train: progress {'update': 7, 'max_updates': 32, 'examples_seen': 28, 'loss': 0.129415}\n"}
,{"stream_name":"stdout","time":1740.198422315,"data":"[2026-05-11T16:12:30.683326+00:00] lora_train: progress {'update': 8, 'max_updates': 32, 'examples_seen': 32, 'loss': 0.073174}\n"}
,{"stream_name":"stdout","time":1767.074165935,"data":"[2026-05-11T16:12:57.559072+00:00] lora_train: progress {'update': 9, 'max_updates': 32, 'examples_seen': 36, 'loss': 0.129816}\n"}
,{"stream_name":"stdout","time":1793.889852211,"data":"[2026-05-11T16:13:24.374747+00:00] lora_train: progress {'update': 10, 'max_updates': 32, 'examples_seen': 40, 'loss': 0.088467}\n"}
,{"stream_name":"stdout","time":1820.606188844,"data":"[2026-05-11T16:13:51.091031+00:00] lora_train: progress {'update': 11, 'max_updates': 32, 'examples_seen': 44, 'loss': 0.118507}\n"}
,{"stream_name":"stdout","time":1847.497690491,"data":"[2026-05-11T16:14:17.982482+00:00] lora_train: progress {'update': 12, 'max_updates': 32, 'examples_seen': 48, 'loss': 0.089851}\n"}
,{"stream_name":"stdout","time":1874.295195419,"data":"[2026-05-11T16:14:44.780132+00:00] lora_train: progress {'update': 13, 'max_updates': 32, 'examples_seen': 52, 'loss': 0.048351}\n"}
,{"stream_name":"stdout","time":1901.287032245,"data":"[2026-05-11T16:15:11.771837+00:00] lora_train: progress {'update': 14, 'max_updates': 32, 'examples_seen': 56, 'loss': 0.043561}\n"}
,{"stream_name":"stdout","time":1928.081827977,"data":"[2026-05-11T16:15:38.566652+00:00] lora_train: progress {'update': 15, 'max_updates': 32, 'examples_seen': 60, 'loss': 0.052831}\n"}
,{"stream_name":"stdout","time":1954.974734142,"data":"[2026-05-11T16:16:05.459570+00:00] lora_train: progress {'update': 16, 'max_updates': 32, 'examples_seen': 64, 'loss': 0.050605}\n"}
,{"stream_name":"stdout","time":1955.5510787,"data":"[2026-05-11T16:16:06.036082+00:00] lora_train: completed {'final_loss': 0.05060507729649544, 'adapter_dir': '/kaggle/working/tumor_multimodal_kaggle_outputs/lora_adapter_qwen25vl_3b_mri'}\n"}
,{"stream_name":"stdout","time":1955.984149305,"data":"\n"}
,{"stream_name":"stdout","time":1955.984183497,"data":"========================================================================================\n"}
,{"stream_name":"stdout","time":1955.984189836,"data":"2026-05-11T16:16:06.469113+00:00 | Packaging outputs\n"}
,{"stream_name":"stdout","time":1955.984194611,"data":"========================================================================================\n"}
,{"stream_name":"stdout","time":1963.983477807,"data":"[2026-05-11T16:16:14.468460+00:00] package: created {'zip_path': '/kaggle/working/tumor_multimodal_kaggle_outputs.zip'}\n"}
,{"stream_name":"stdout","time":1965.396984354,"data":"\n"}
,{"stream_name":"stdout","time":1965.397027999,"data":"========================================================================================\n"}
,{"stream_name":"stdout","time":1965.397048094,"data":"2026-05-11T16:16:15.882097+00:00 | Kaggle job finished\n"}
,{"stream_name":"stdout","time":1965.397052897,"data":"========================================================================================\n"}
,{"stream_name":"stdout","time":1965.397725584,"data":"{\n"}
,{"stream_name":"stdout","time":1965.397742324,"data":"  \"created_utc\": \"2026-05-11T15:43:31.562822+00:00\",\n"}
,{"stream_name":"stdout","time":1965.397747762,"data":"  \"repo_url\": \"https://github.com/TailsOS-hack/Tumor-Database.git\",\n"}
,{"stream_name":"stdout","time":1965.397751735,"data":"  \"status\": \"completed\",\n"}
,{"stream_name":"stdout","time":1965.397755353,"data":"  \"models\": [\n"}
,{"stream_name":"stdout","time":1965.397759036,"data":"    {\n"}
,{"stream_name":"stdout","time":1965.39776553,"data":"      \"model_id\": \"Qwen/Qwen2.5-VL-3B-Instruct\",\n"}
,{"stream_name":"stdout","time":1965.3977687,"data":"      \"status\": \"completed\",\n"}
,{"stream_name":"stdout","time":1965.39777109,"data":"      \"notes\": \"Primary free-tier model. Strong quality with realistic Kaggle memory needs.\",\n"}
,{"stream_name":"stdout","time":1965.397773656,"data":"      \"n\": 64,\n"}
,{"stream_name":"stdout","time":1965.39777594,"data":"      \"accuracy\": 0.171875,\n"}
,{"stream_name":"stdout","time":1965.397778297,"data":"      \"strict_json_rate\": 1.0,\n"}
,{"stream_name":"stdout","time":1965.397780713,"data":"      \"seconds\": 464.72,\n"}
,{"stream_name":"stdout","time":1965.397783652,"data":"      \"classification_report\": \"                           precision    recall  f1-score   support\\n\\n             tumor_glioma       0.00      0.00      0.00         8\\n         tumor_meningioma       1.00      0.38      0.55         8\\n            tumor_notumor       0.13      1.00      0.23         8\\n          tumor_pituitary       0.00      0.00      0.00         8\\n    dementia_MildDemented       0.00      0.00      0.00         8\\ndementia_ModerateDemented       0.00      0.00      0.00         8\\n     dementia_NonDemented       0.00      0.00      0.00         8\\ndementia_VeryMildDemented       0.00      0.00      0.00         8\\n         INVALID_OR_PARSE       0.00      0.00      0.00         0\\n\\n                 accuracy                           0.17        64\\n                macro avg       0.13      0.15      0.09        64\\n             weighted avg       0.14      0.17      0.10        64\\n\",\n"}
,{"stream_name":"stdout","time":1965.397789611,"data":"      \"confusion_matrix_labels\": [\n"}
,{"stream_name":"stdout","time":1965.39779191,"data":"        \"tumor_glioma\",\n"}
,{"stream_name":"stdout","time":1965.397794229,"data":"        \"tumor_meningioma\",\n"}
,{"stream_name":"stdout","time":1965.397796688,"data":"        \"tumor_notumor\",\n"}
,{"stream_name":"stdout","time":1965.397799005,"data":"        \"tumor_pituitary\",\n"}
,{"stream_name":"stdout","time":1965.397801293,"data":"        \"dementia_MildDemented\",\n"}
,{"stream_name":"stdout","time":1965.397803673,"data":"        \"dementia_ModerateDemented\",\n"}
,{"stream_name":"stdout","time":1965.39780598,"data":"        \"dementia_NonDemented\",\n"}
,{"stream_name":"stdout","time":1965.397808284,"data":"        \"dementia_VeryMildDemented\",\n"}
,{"stream_name":"stdout","time":1965.397810527,"data":"        \"INVALID_OR_PARSE\"\n"}
,{"stream_name":"stdout","time":1965.397812814,"data":"      ],\n"}
,{"stream_name":"stdout","time":1965.397815072,"data":"      \"confusion_matrix\": [\n"}
,{"stream_name":"stdout","time":1965.39781738,"data":"        [\n"}
,{"stream_name":"stdout","time":1965.397819605,"data":"          0,\n"}
,{"stream_name":"stdout","time":1965.397828745,"data":"          0,\n"}
,{"stream_name":"stdout","time":1965.397831092,"data":"          8,\n"}
,{"stream_name":"stdout","time":1965.397833235,"data":"          0,\n"}
,{"stream_name":"stdout","time":1965.397835447,"data":"          0,\n"}
,{"stream_name":"stdout","time":1965.397837625,"data":"          0,\n"}
,{"stream_name":"stdout","time":1965.397839832,"data":"          0,\n"}
,{"stream_name":"stdout","time":1965.397842002,"data":"          0,\n"}
,{"stream_name":"stdout","time":1965.39784421,"data":"          0\n"}
,{"stream_name":"stdout","time":1965.397846387,"data":"        ],\n"}
,{"stream_name":"stdout","time":1965.397848628,"data":"        [\n"}
,{"stream_name":"stdout","time":1965.397850806,"data":"          0,\n"}
,{"stream_name":"stdout","time":1965.397853025,"data":"          3,\n"}
,{"stream_name":"stdout","time":1965.39785519,"data":"          5,\n"}
,{"stream_name":"stdout","time":1965.3978575,"data":"          0,\n"}
,{"stream_name":"stdout","time":1965.397859663,"data":"          0,\n"}
,{"stream_name":"stdout","time":1965.397861875,"data":"          0,\n"}
,{"stream_name":"stdout","time":1965.397864037,"data":"          0,\n"}
,{"stream_name":"stdout","time":1965.397866362,"data":"          0,\n"}
,{"stream_name":"stdout","time":1965.39786853,"data":"          0\n"}
,{"stream_name":"stdout","time":1965.397870737,"data":"        ],\n"}
,{"stream_name":"stdout","time":1965.397872923,"data":"        [\n"}
,{"stream_name":"stdout","time":1965.397875238,"data":"          0,\n"}
,{"stream_name":"stdout","time":1965.397877411,"data":"          0,\n"}
,{"stream_name":"stdout","time":1965.397879615,"data":"          8,\n"}
,{"stream_name":"stdout","time":1965.397881898,"data":"          0,\n"}
,{"stream_name":"stdout","time":1965.397884883,"data":"          0,\n"}
,{"stream_name":"stdout","time":1965.397887193,"data":"          0,\n"}
,{"stream_name":"stdout","time":1965.397889395,"data":"          0,\n"}
,{"stream_name":"stdout","time":1965.397891583,"data":"          0,\n"}
,{"stream_name":"stdout","time":1965.397893843,"data":"          0\n"}
,{"stream_name":"stdout","time":1965.397896028,"data":"        ],\n"}
,{"stream_name":"stdout","time":1965.397898222,"data":"        [\n"}
,{"stream_name":"stdout","time":1965.397900466,"data":"          0,\n"}
,{"stream_name":"stdout","time":1965.397902886,"data":"          0,\n"}
,{"stream_name":"stdout","time":1965.397905144,"data":"          8,\n"}
,{"stream_name":"stdout","time":1965.397907354,"data":"          0,\n"}
,{"stream_name":"stdout","time":1965.397909537,"data":"          0,\n"}
,{"stream_name":"stdout","time":1965.397911736,"data":"          0,\n"}
,{"stream_name":"stdout","time":1965.397913965,"data":"          0,\n"}
,{"stream_name":"stdout","time":1965.39791615,"data":"          0,\n"}
,{"stream_name":"stdout","time":1965.397918393,"data":"          0\n"}
,{"stream_name":"stdout","time":1965.397920618,"data":"        ],\n"}
,{"stream_name":"stdout","time":1965.39792285,"data":"        [\n"}
,{"stream_name":"stdout","time":1965.397925106,"data":"          0,\n"}
,{"stream_name":"stdout","time":1965.39792735,"data":"          0,\n"}
,{"stream_name":"stdout","time":1965.397929547,"data":"          8,\n"}
,{"stream_name":"stdout","time":1965.397931732,"data":"          0,\n"}
,{"stream_name":"stdout","time":1965.397933938,"data":"          0,\n"}
,{"stream_name":"stdout","time":1965.397936112,"data":"          0,\n"}
,{"stream_name":"stdout","time":1965.397940505,"data":"          0,\n"}
,{"stream_name":"stdout","time":1965.397942793,"data":"          0,\n"}
,{"stream_name":"stdout","time":1965.397945047,"data":"          0\n"}
,{"stream_name":"stdout","time":1965.397947267,"data":"        ],\n"}
,{"stream_name":"stdout","time":1965.397949429,"data":"        [\n"}
,{"stream_name":"stdout","time":1965.39795163,"data":"          0,\n"}
,{"stream_name":"stdout","time":1965.39795379,"data":"          0,\n"}
,{"stream_name":"stdout","time":1965.397955993,"data":"          8,\n"}
,{"stream_name":"stdout","time":1965.397958275,"data":"          0,\n"}
,{"stream_name":"stdout","time":1965.397960478,"data":"          0,\n"}
,{"stream_name":"stdout","time":1965.397962645,"data":"          0,\n"}
,{"stream_name":"stdout","time":1965.397964844,"data":"          0,\n"}
,{"stream_name":"stdout","time":1965.397967,"data":"          0,\n"}
,{"stream_name":"stdout","time":1965.397969197,"data":"          0\n"}
,{"stream_name":"stdout","time":1965.397971375,"data":"        ],\n"}
,{"stream_name":"stdout","time":1965.397973582,"data":"        [\n"}
,{"stream_name":"stdout","time":1965.397975787,"data":"          0,\n"}
,{"stream_name":"stdout","time":1965.397977996,"data":"          0,\n"}
,{"stream_name":"stdout","time":1965.397980164,"data":"          8,\n"}
,{"stream_name":"stdout","time":1965.397982372,"data":"          0,\n"}
,{"stream_name":"stdout","time":1965.397984521,"data":"          0,\n"}
,{"stream_name":"stdout","time":1965.397986723,"data":"          0,\n"}
,{"stream_name":"stdout","time":1965.397988883,"data":"          0,\n"}
,{"stream_name":"stdout","time":1965.39799109,"data":"          0,\n"}
,{"stream_name":"stdout","time":1965.397993255,"data":"          0\n"}
,{"stream_name":"stdout","time":1965.397995465,"data":"        ],\n"}
,{"stream_name":"stdout","time":1965.39799767,"data":"        [\n"}
,{"stream_name":"stdout","time":1965.397999874,"data":"          0,\n"}
,{"stream_name":"stdout","time":1965.398002032,"data":"          0,\n"}
,{"stream_name":"stdout","time":1965.398004236,"data":"          8,\n"}
,{"stream_name":"stdout","time":1965.398006403,"data":"          0,\n"}
,{"stream_name":"stdout","time":1965.398008599,"data":"          0,\n"}
,{"stream_name":"stdout","time":1965.398010772,"data":"          0,\n"}
,{"stream_name":"stdout","time":1965.398012977,"data":"          0,\n"}
,{"stream_name":"stdout","time":1965.398015167,"data":"          0,\n"}
,{"stream_name":"stdout","time":1965.398017392,"data":"          0\n"}
,{"stream_name":"stdout","time":1965.398019557,"data":"        ],\n"}
,{"stream_name":"stdout","time":1965.398021778,"data":"        [\n"}
,{"stream_name":"stdout","time":1965.398023945,"data":"          0,\n"}
,{"stream_name":"stdout","time":1965.398026147,"data":"          0,\n"}
,{"stream_name":"stdout","time":1965.398028337,"data":"          0,\n"}
,{"stream_name":"stdout","time":1965.398030555,"data":"          0,\n"}
,{"stream_name":"stdout","time":1965.398032719,"data":"          0,\n"}
,{"stream_name":"stdout","time":1965.398034914,"data":"          0,\n"}
,{"stream_name":"stdout","time":1965.398037203,"data":"          0,\n"}
,{"stream_name":"stdout","time":1965.398039409,"data":"          0,\n"}
,{"stream_name":"stdout","time":1965.398041572,"data":"          0\n"}
,{"stream_name":"stdout","time":1965.398043781,"data":"        ]\n"}
,{"stream_name":"stdout","time":1965.398046064,"data":"      ]\n"}
,{"stream_name":"stdout","time":1965.39804827,"data":"    },\n"}
,{"stream_name":"stdout","time":1965.398052456,"data":"    {\n"}
,{"stream_name":"stdout","time":1965.398054729,"data":"      \"model_id\": \"Qwen/Qwen2-VL-2B-Instruct\",\n"}
,{"stream_name":"stdout","time":1965.398057108,"data":"      \"status\": \"completed\",\n"}
,{"stream_name":"stdout","time":1965.398059423,"data":"      \"notes\": \"Smaller Qwen baseline for free T4 runs.\",\n"}
,{"stream_name":"stdout","time":1965.398061803,"data":"      \"n\": 48,\n"}
,{"stream_name":"stdout","time":1965.398064075,"data":"      \"accuracy\": 0.125,\n"}
,{"stream_name":"stdout","time":1965.398066405,"data":"      \"strict_json_rate\": 1.0,\n"}
,{"stream_name":"stdout","time":1965.398068712,"data":"      \"seconds\": 291.35,\n"}
,{"stream_name":"stdout","time":1965.398071377,"data":"      \"classification_report\": \"                           precision    recall  f1-score   support\\n\\n             tumor_glioma       0.12      1.00      0.22         6\\n         tumor_meningioma       0.00      0.00      0.00         6\\n            tumor_notumor       0.00      0.00      0.00         6\\n          tumor_pituitary       0.00      0.00      0.00         6\\n    dementia_MildDemented       0.00      0.00      0.00         6\\ndementia_ModerateDemented       0.00      0.00      0.00         6\\n     dementia_NonDemented       0.00      0.00      0.00         6\\ndementia_VeryMildDemented       0.00      0.00      0.00         6\\n         INVALID_OR_PARSE       0.00      0.00      0.00         0\\n\\n                 accuracy                           0.12        48\\n                macro avg       0.01      0.11      0.02        48\\n             weighted avg       0.02      0.12      0.03        48\\n\",\n"}
,{"stream_name":"stdout","time":1965.398075538,"data":"      \"confusion_matrix_labels\": [\n"}
,{"stream_name":"stdout","time":1965.398077864,"data":"        \"tumor_glioma\",\n"}
,{"stream_name":"stdout","time":1965.398080163,"data":"        \"tumor_meningioma\",\n"}
,{"stream_name":"stdout","time":1965.398084274,"data":"        \"tumor_notumor\",\n"}
,{"stream_name":"stdout","time":1965.398086669,"data":"        \"tumor_pituitary\",\n"}
,{"stream_name":"stdout","time":1965.39808896,"data":"        \"dementia_MildDemented\",\n"}
,{"stream_name":"stdout","time":1965.398091262,"data":"        \"dementia_ModerateDemented\",\n"}
,{"stream_name":"stdout","time":1965.3980935,"data":"        \"dementia_NonDemented\",\n"}
,{"stream_name":"stdout","time":1965.398095783,"data":"        \"dementia_VeryMildDemented\",\n"}
,{"stream_name":"stdout","time":1965.398098002,"data":"        \"INVALID_OR_PARSE\"\n"}
,{"stream_name":"stdout","time":1965.398100275,"data":"      ],\n"}
,{"stream_name":"stdout","time":1965.398102441,"data":"      \"confusion_matrix\": [\n"}
,{"stream_name":"stdout","time":1965.398104737,"data":"        [\n"}
,{"stream_name":"stdout","time":1965.398106947,"data":"          6,\n"}
,{"stream_name":"stdout","time":1965.398109191,"data":"          0,\n"}
,{"stream_name":"stdout","time":1965.398111348,"data":"          0,\n"}
,{"stream_name":"stdout","time":1965.398113548,"data":"          0,\n"}
,{"stream_name":"stdout","time":1965.398115705,"data":"          0,\n"}
,{"stream_name":"stdout","time":1965.39811791,"data":"          0,\n"}
,{"stream_name":"stdout","time":1965.398120066,"data":"          0,\n"}
,{"stream_name":"stdout","time":1965.398122268,"data":"          0,\n"}
,{"stream_name":"stdout","time":1965.398124448,"data":"          0\n"}
,{"stream_name":"stdout","time":1965.398126675,"data":"        ],\n"}
,{"stream_name":"stdout","time":1965.398128881,"data":"        [\n"}
,{"stream_name":"stdout","time":1965.398131084,"data":"          6,\n"}
,{"stream_name":"stdout","time":1965.398135395,"data":"          0,\n"}
,{"stream_name":"stdout","time":1965.398137726,"data":"          0,\n"}
,{"stream_name":"stdout","time":1965.398139933,"data":"          0,\n"}
,{"stream_name":"stdout","time":1965.398142112,"data":"          0,\n"}
,{"stream_name":"stdout","time":1965.398144426,"data":"          0,\n"}
,{"stream_name":"stdout","time":1965.398146603,"data":"          0,\n"}
,{"stream_name":"stdout","time":1965.398148797,"data":"          0,\n"}
,{"stream_name":"stdout","time":1965.39815097,"data":"          0\n"}
,{"stream_name":"stdout","time":1965.39815316,"data":"        ],\n"}
,{"stream_name":"stdout","time":1965.398155341,"data":"        [\n"}
,{"stream_name":"stdout","time":1965.398157533,"data":"          6,\n"}
,{"stream_name":"stdout","time":1965.398159719,"data":"          0,\n"}
,{"stream_name":"stdout","time":1965.398161932,"data":"          0,\n"}
,{"stream_name":"stdout","time":1965.398164112,"data":"          0,\n"}
,{"stream_name":"stdout","time":1965.398166324,"data":"          0,\n"}
,{"stream_name":"stdout","time":1965.398168512,"data":"          0,\n"}
,{"stream_name":"stdout","time":1965.398170705,"data":"          0,\n"}
,{"stream_name":"stdout","time":1965.39817288,"data":"          0,\n"}
,{"stream_name":"stdout","time":1965.39817508,"data":"          0\n"}
,{"stream_name":"stdout","time":1965.398177255,"data":"        ],\n"}
,{"stream_name":"stdout","time":1965.398179472,"data":"        [\n"}
,{"stream_name":"stdout","time":1965.398181653,"data":"          6,\n"}
,{"stream_name":"stdout","time":1965.39818384,"data":"          0,\n"}
,{"stream_name":"stdout","time":1965.398186015,"data":"          0,\n"}
,{"stream_name":"stdout","time":1965.3981882,"data":"          0,\n"}
,{"stream_name":"stdout","time":1965.398190374,"data":"          0,\n"}
,{"stream_name":"stdout","time":1965.39819257,"data":"          0,\n"}
,{"stream_name":"stdout","time":1965.398194745,"data":"          0,\n"}
,{"stream_name":"stdout","time":1965.398196965,"data":"          0,\n"}
,{"stream_name":"stdout","time":1965.398199137,"data":"          0\n"}
,{"stream_name":"stdout","time":1965.398201346,"data":"        ],\n"}
,{"stream_name":"stdout","time":1965.398203539,"data":"        [\n"}
,{"stream_name":"stdout","time":1965.398205804,"data":"          6,\n"}
,{"stream_name":"stdout","time":1965.39820811,"data":"          0,\n"}
,{"stream_name":"stdout","time":1965.398210259,"data":"          0,\n"}
,{"stream_name":"stdout","time":1965.39821246,"data":"          0,\n"}
,{"stream_name":"stdout","time":1965.398214647,"data":"          0,\n"}
,{"stream_name":"stdout","time":1965.398216864,"data":"          0,\n"}
,{"stream_name":"stdout","time":1965.39821906,"data":"          0,\n"}
,{"stream_name":"stdout","time":1965.398221261,"data":"          0,\n"}
,{"stream_name":"stdout","time":1965.398223438,"data":"          0\n"}
,{"stream_name":"stdout","time":1965.398225709,"data":"        ],\n"}
,{"stream_name":"stdout","time":1965.39822787,"data":"        [\n"}
,{"stream_name":"stdout","time":1965.39823007,"data":"          6,\n"}
,{"stream_name":"stdout","time":1965.398232328,"data":"          0,\n"}
,{"stream_name":"stdout","time":1965.398234591,"data":"          0,\n"}
,{"stream_name":"stdout","time":1965.398236738,"data":"          0,\n"}
,{"stream_name":"stdout","time":1965.39823904,"data":"          0,\n"}
,{"stream_name":"stdout","time":1965.398241198,"data":"          0,\n"}
,{"stream_name":"stdout","time":1965.398243395,"data":"          0,\n"}
,{"stream_name":"stdout","time":1965.3982475,"data":"          0,\n"}
,{"stream_name":"stdout","time":1965.398249775,"data":"          0\n"}
,{"stream_name":"stdout","time":1965.398251987,"data":"        ],\n"}
,{"stream_name":"stdout","time":1965.398254187,"data":"        [\n"}
,{"stream_name":"stdout","time":1965.398256377,"data":"          6,\n"}
,{"stream_name":"stdout","time":1965.398258585,"data":"          0,\n"}
,{"stream_name":"stdout","time":1965.398260767,"data":"          0,\n"}
,{"stream_name":"stdout","time":1965.398262967,"data":"          0,\n"}
,{"stream_name":"stdout","time":1965.398265155,"data":"          0,\n"}
,{"stream_name":"stdout","time":1965.398267358,"data":"          0,\n"}
,{"stream_name":"stdout","time":1965.398269578,"data":"          0,\n"}
,{"stream_name":"stdout","time":1965.39827176,"data":"          0,\n"}
,{"stream_name":"stdout","time":1965.398273945,"data":"          0\n"}
,{"stream_name":"stdout","time":1965.398276132,"data":"        ],\n"}
,{"stream_name":"stdout","time":1965.398278314,"data":"        [\n"}
,{"stream_name":"stdout","time":1965.398280499,"data":"          6,\n"}
,{"stream_name":"stdout","time":1965.398282678,"data":"          0,\n"}
,{"stream_name":"stdout","time":1965.398284864,"data":"          0,\n"}
,{"stream_name":"stdout","time":1965.398287072,"data":"          0,\n"}
,{"stream_name":"stdout","time":1965.398289265,"data":"          0,\n"}
,{"stream_name":"stdout","time":1965.398291449,"data":"          0,\n"}
,{"stream_name":"stdout","time":1965.398293629,"data":"          0,\n"}
,{"stream_name":"stdout","time":1965.398295816,"data":"          0,\n"}
,{"stream_name":"stdout","time":1965.398298013,"data":"          0\n"}
,{"stream_name":"stdout","time":1965.398300199,"data":"        ],\n"}
,{"stream_name":"stdout","time":1965.398302384,"data":"        [\n"}
,{"stream_name":"stdout","time":1965.39830459,"data":"          0,\n"}
,{"stream_name":"stdout","time":1965.398307301,"data":"          0,\n"}
,{"stream_name":"stdout","time":1965.39830976,"data":"          0,\n"}
,{"stream_name":"stdout","time":1965.398311988,"data":"          0,\n"}
,{"stream_name":"stdout","time":1965.398314657,"data":"          0,\n"}
,{"stream_name":"stdout","time":1965.398316947,"data":"          0,\n"}
,{"stream_name":"stdout","time":1965.398319764,"data":"          0,\n"}
,{"stream_name":"stdout","time":1965.39832199,"data":"          0,\n"}
,{"stream_name":"stdout","time":1965.398325048,"data":"          0\n"}
,{"stream_name":"stdout","time":1965.398328447,"data":"        ]\n"}
,{"stream_name":"stdout","time":1965.398330843,"data":"      ]\n"}
,{"stream_name":"stdout","time":1965.398333042,"data":"    },\n"}
,{"stream_name":"stdout","time":1965.398335225,"data":"    {\n"}
,{"stream_name":"stdout","time":1965.398337483,"data":"      \"model_id\": \"HuggingFaceTB/SmolVLM2-2.2B-Instruct\",\n"}
,{"stream_name":"stdout","time":1965.3983399,"data":"      \"status\": \"failed\",\n"}
,{"stream_name":"stdout","time":1965.398342347,"data":"      \"error\": \"ImportError('Package `num2words` is required to run SmolVLM processor. Install it with `pip install num2words`.')\",\n"}
,{"stream_name":"stdout","time":1965.39835148,"data":"      \"traceback\": \"Traceback (most recent call last):\\n  File \\\"/kaggle/src/script.py\\\", line 713, in main\\n    summary = evaluate_candidate(candidate, rows, gpu)\\n              ^^^^^^^^^^^^^^^^^^^^^^^^^^^^^^^^^^^^^^^^\\n  File \\\"/kaggle/src/script.py\\\", line 410, in evaluate_candidate\\n    pipe = load_vlm_pipeline(candidate)\\n           ^^^^^^^^^^^^^^^^^^^^^^^^^^^^\\n  File \\\"/kaggle/src/script.py\\\", line 374, in load_vlm_pipeline\\n    return pipeline(\\n           ^^^^^^^^^\\n  File \\\"/usr/local/lib/python3.12/dist-packages/transformers/pipelines/__init__.py\\\", line 1052, in pipeline\\n    processor = _resolve_processor(\\n                ^^^^^^^^^^^^^^^^^^^\\n  File \\\"/usr/local/lib/python3.12/dist-packages/transformers/pipelines/__init__.py\\\", line 638, in _resolve_processor\\n    return _load_pipeline_component(load_processor, processor, load)\\n           ^^^^^^^^^^^^^^^^^^^^^^^^^^^^^^^^^^^^^^^^^^^^^^^^^^^^^^^^^\\n  File \\\"/usr/local/lib/python3.12/dist-packages/transformers/pipelines/__init__.py\\\", line 446, in _load_pipeline_component\\n    return loader(component)\\n           ^^^^^^^^^^^^^^^^^\\n  File \\\"/usr/local/lib/python3.12/dist-packages/transformers/pipelines/__init__.py\\\", line 629, in load\\n    processor = AutoProcessor.from_pretrained(processor, _from_pipeline=task, **hub_kwargs, **model_kwargs)\\n                ^^^^^^^^^^^^^^^^^^^^^^^^^^^^^^^^^^^^^^^^^^^^^^^^^^^^^^^^^^^^^^^^^^^^^^^^^^^^^^^^^^^^^^^^^^^\\n  File \\\"/usr/local/lib/python3.12/dist-packages/transformers/models/auto/processing_auto.py\\\", line 436, in from_pretrained\\n    return processor_class.from_pretrained(\\n           ^^^^^^^^^^^^^^^^^^^^^^^^^^^^^^^^\\n  File \\\"/usr/local/lib/python3.12/dist-packages/transformers/processing_utils.py\\\", line 1430, in from_pretrained\\n    return cls.from_args_and_dict(args, processor_dict, **instantiation_kwargs)\\n           ^^^^^^^^^^^^^^^^^^^^^^^^^^^^^^^^^^^^^^^^^^^^^^^^^^^^^^^^^^^^^^^^^^^^\\n  File \\\"/usr/local/lib/python3.12/dist-packages/transformers/processing_utils.py\\\", line 1197, in from_args_and_dict\\n    processor = cls(*args, **valid_kwargs)\\n                ^^^^^^^^^^^^^^^^^^^^^^^^^^\\n  File \\\"/usr/local/lib/python3.12/dist-packages/transformers/models/smolvlm/processing_smolvlm.py\\\", line 142, in __init__\\n    raise ImportError(\\nImportError: Package `num2words` is required to run SmolVLM processor. Install it with `pip install num2words`.\\n\",\n"}
,{"stream_name":"stdout","time":1965.398365025,"data":"      \"notes\": \"Small open VLM baseline that should fit on Kaggle T4.\"\n"}
,{"stream_name":"stdout","time":1965.398367558,"data":"    },\n"}
,{"stream_name":"stdout","time":1965.398369707,"data":"    {\n"}
,{"stream_name":"stdout","time":1965.398371927,"data":"      \"model_id\": \"Qwen/Qwen2.5-VL-7B-Instruct\",\n"}
,{"stream_name":"stdout","time":1965.398374275,"data":"      \"status\": \"completed\",\n"}
,{"stream_name":"stdout","time":1965.39837661,"data":"      \"notes\": \"Stronger Qwen candidate. Runs only if the assigned GPU has enough memory.\",\n"}
,{"stream_name":"stdout","time":1965.398378986,"data":"      \"n\": 40,\n"}
,{"stream_name":"stdout","time":1965.398381248,"data":"      \"accuracy\": 0.15,\n"}
,{"stream_name":"stdout","time":1965.398383585,"data":"      \"strict_json_rate\": 1.0,\n"}
,{"stream_name":"stdout","time":1965.398385855,"data":"      \"seconds\": 441.07,\n"}
,{"stream_name":"stdout","time":1965.398388182,"data":"      \"classification_report\": \"                           precision    recall  f1-score   support\\n\\n             tumor_glioma       0.16      0.80      0.27         5\\n         tumor_meningioma       0.00      0.00      0.00         5\\n            tumor_notumor       0.13      0.40      0.20         5\\n          tumor_pituitary       0.00      0.00      0.00         5\\n    dementia_MildDemented       0.00      0.00      0.00         5\\ndementia_ModerateDemented       0.00      0.00      0.00         5\\n     dementia_NonDemented       0.00      0.00      0.00         5\\ndementia_VeryMildDemented       0.00      0.00      0.00         5\\n         INVALID_OR_PARSE       0.00      0.00      0.00         0\\n\\n                 accuracy                           0.15        40\\n                macro avg       0.03      0.13      0.05        40\\n             weighted avg       0.04      0.15      0.06        40\\n\",\n"}
,{"stream_name":"stdout","time":1965.39839424,"data":"      \"confusion_matrix_labels\": [\n"}
,{"stream_name":"stdout","time":1965.398396663,"data":"        \"tumor_glioma\",\n"}
,{"stream_name":"stdout","time":1965.39839894,"data":"        \"tumor_meningioma\",\n"}
,{"stream_name":"stdout","time":1965.398401308,"data":"        \"tumor_notumor\",\n"}
,{"stream_name":"stdout","time":1965.398403645,"data":"        \"tumor_pituitary\",\n"}
,{"stream_name":"stdout","time":1965.398406207,"data":"        \"dementia_MildDemented\",\n"}
,{"stream_name":"stdout","time":1965.398408512,"data":"        \"dementia_ModerateDemented\",\n"}
,{"stream_name":"stdout","time":1965.398410805,"data":"        \"dementia_NonDemented\",\n"}
,{"stream_name":"stdout","time":1965.39841307,"data":"        \"dementia_VeryMildDemented\",\n"}
,{"stream_name":"stdout","time":1965.39841541,"data":"        \"INVALID_OR_PARSE\"\n"}
,{"stream_name":"stdout","time":1965.398417642,"data":"      ],\n"}
,{"stream_name":"stdout","time":1965.398419849,"data":"      \"confusion_matrix\": [\n"}
,{"stream_name":"stdout","time":1965.398422127,"data":"        [\n"}
,{"stream_name":"stdout","time":1965.398424526,"data":"          4,\n"}
,{"stream_name":"stdout","time":1965.398426701,"data":"          0,\n"}
,{"stream_name":"stdout","time":1965.398428911,"data":"          1,\n"}
,{"stream_name":"stdout","time":1965.398431083,"data":"          0,\n"}
,{"stream_name":"stdout","time":1965.398433288,"data":"          0,\n"}
,{"stream_name":"stdout","time":1965.398435452,"data":"          0,\n"}
,{"stream_name":"stdout","time":1965.398437657,"data":"          0,\n"}
,{"stream_name":"stdout","time":1965.398439858,"data":"          0,\n"}
,{"stream_name":"stdout","time":1965.398442063,"data":"          0\n"}
,{"stream_name":"stdout","time":1965.398444285,"data":"        ],\n"}
,{"stream_name":"stdout","time":1965.398446504,"data":"        [\n"}
,{"stream_name":"stdout","time":1965.398448685,"data":"          5,\n"}
,{"stream_name":"stdout","time":1965.398450895,"data":"          0,\n"}
,{"stream_name":"stdout","time":1965.398453067,"data":"          0,\n"}
,{"stream_name":"stdout","time":1965.398455278,"data":"          0,\n"}
,{"stream_name":"stdout","time":1965.398457465,"data":"          0,\n"}
,{"stream_name":"stdout","time":1965.398459663,"data":"          0,\n"}
,{"stream_name":"stdout","time":1965.398461834,"data":"          0,\n"}
,{"stream_name":"stdout","time":1965.398464045,"data":"          0,\n"}
,{"stream_name":"stdout","time":1965.39846621,"data":"          0\n"}
,{"stream_name":"stdout","time":1965.398468412,"data":"        ],\n"}
,{"stream_name":"stdout","time":1965.398470595,"data":"        [\n"}
,{"stream_name":"stdout","time":1965.3984728,"data":"          3,\n"}
,{"stream_name":"stdout","time":1965.398475198,"data":"          0,\n"}
,{"stream_name":"stdout","time":1965.398477415,"data":"          2,\n"}
,{"stream_name":"stdout","time":1965.398479592,"data":"          0,\n"}
,{"stream_name":"stdout","time":1965.3984818,"data":"          0,\n"}
,{"stream_name":"stdout","time":1965.398483967,"data":"          0,\n"}
,{"stream_name":"stdout","time":1965.398486191,"data":"          0,\n"}
,{"stream_name":"stdout","time":1965.398488363,"data":"          0,\n"}
,{"stream_name":"stdout","time":1965.398490563,"data":"          0\n"}
,{"stream_name":"stdout","time":1965.398492978,"data":"        ],\n"}
,{"stream_name":"stdout","time":1965.398495196,"data":"        [\n"}
,{"stream_name":"stdout","time":1965.398499254,"data":"          4,\n"}
,{"stream_name":"stdout","time":1965.398501484,"data":"          0,\n"}
,{"stream_name":"stdout","time":1965.39850369,"data":"          1,\n"}
,{"stream_name":"stdout","time":1965.398505865,"data":"          0,\n"}
,{"stream_name":"stdout","time":1965.398508065,"data":"          0,\n"}
,{"stream_name":"stdout","time":1965.398510244,"data":"          0,\n"}
,{"stream_name":"stdout","time":1965.398512552,"data":"          0,\n"}
,{"stream_name":"stdout","time":1965.398514721,"data":"          0,\n"}
,{"stream_name":"stdout","time":1965.398516926,"data":"          0\n"}
,{"stream_name":"stdout","time":1965.398519106,"data":"        ],\n"}
,{"stream_name":"stdout","time":1965.398521311,"data":"        [\n"}
,{"stream_name":"stdout","time":1965.398523492,"data":"          3,\n"}
,{"stream_name":"stdout","time":1965.398525701,"data":"          0,\n"}
,{"stream_name":"stdout","time":1965.398527883,"data":"          2,\n"}
,{"stream_name":"stdout","time":1965.3985301,"data":"          0,\n"}
,{"stream_name":"stdout","time":1965.39853227,"data":"          0,\n"}
,{"stream_name":"stdout","time":1965.398534472,"data":"          0,\n"}
,{"stream_name":"stdout","time":1965.398536657,"data":"          0,\n"}
,{"stream_name":"stdout","time":1965.398538868,"data":"          0,\n"}
,{"stream_name":"stdout","time":1965.398541043,"data":"          0\n"}
,{"stream_name":"stdout","time":1965.398543238,"data":"        ],\n"}
,{"stream_name":"stdout","time":1965.398545428,"data":"        [\n"}
,{"stream_name":"stdout","time":1965.398547649,"data":"          2,\n"}
,{"stream_name":"stdout","time":1965.398549824,"data":"          0,\n"}
,{"stream_name":"stdout","time":1965.398552023,"data":"          3,\n"}
,{"stream_name":"stdout","time":1965.398554195,"data":"          0,\n"}
,{"stream_name":"stdout","time":1965.398556393,"data":"          0,\n"}
,{"stream_name":"stdout","time":1965.398558569,"data":"          0,\n"}
,{"stream_name":"stdout","time":1965.39856077,"data":"          0,\n"}
,{"stream_name":"stdout","time":1965.398562952,"data":"          0,\n"}
,{"stream_name":"stdout","time":1965.398565181,"data":"          0\n"}
,{"stream_name":"stdout","time":1965.398567357,"data":"        ],\n"}
,{"stream_name":"stdout","time":1965.398569566,"data":"        [\n"}
,{"stream_name":"stdout","time":1965.398571741,"data":"          2,\n"}
,{"stream_name":"stdout","time":1965.39857951,"data":"          0,\n"}
,{"stream_name":"stdout","time":1965.398581734,"data":"          3,\n"}
,{"stream_name":"stdout","time":1965.398583883,"data":"          0,\n"}
,{"stream_name":"stdout","time":1965.398586033,"data":"          0,\n"}
,{"stream_name":"stdout","time":1965.398588315,"data":"          0,\n"}
,{"stream_name":"stdout","time":1965.398590463,"data":"          0,\n"}
,{"stream_name":"stdout","time":1965.398592652,"data":"          0,\n"}
,{"stream_name":"stdout","time":1965.39859492,"data":"          0\n"}
,{"stream_name":"stdout","time":1965.398597088,"data":"        ],\n"}
,{"stream_name":"stdout","time":1965.398599303,"data":"        [\n"}
,{"stream_name":"stdout","time":1965.398601455,"data":"          2,\n"}
,{"stream_name":"stdout","time":1965.398603671,"data":"          0,\n"}
,{"stream_name":"stdout","time":1965.398605844,"data":"          3,\n"}
,{"stream_name":"stdout","time":1965.398607999,"data":"          0,\n"}
,{"stream_name":"stdout","time":1965.398610159,"data":"          0,\n"}
,{"stream_name":"stdout","time":1965.39861238,"data":"          0,\n"}
,{"stream_name":"stdout","time":1965.398616433,"data":"          0,\n"}
,{"stream_name":"stdout","time":1965.398618783,"data":"          0,\n"}
,{"stream_name":"stdout","time":1965.398620911,"data":"          0\n"}
,{"stream_name":"stdout","time":1965.398623098,"data":"        ],\n"}
,{"stream_name":"stdout","time":1965.398625269,"data":"        [\n"}
,{"stream_name":"stdout","time":1965.398627514,"data":"          0,\n"}
,{"stream_name":"stdout","time":1965.398629645,"data":"          0,\n"}
,{"stream_name":"stdout","time":1965.398631828,"data":"          0,\n"}
,{"stream_name":"stdout","time":1965.398633968,"data":"          0,\n"}
,{"stream_name":"stdout","time":1965.398636151,"data":"          0,\n"}
,{"stream_name":"stdout","time":1965.398638292,"data":"          0,\n"}
,{"stream_name":"stdout","time":1965.398640476,"data":"          0,\n"}
,{"stream_name":"stdout","time":1965.39864265,"data":"          0,\n"}
,{"stream_name":"stdout","time":1965.398644833,"data":"          0\n"}
,{"stream_name":"stdout","time":1965.398646974,"data":"        ]\n"}
,{"stream_name":"stdout","time":1965.398649163,"data":"      ]\n"}
,{"stream_name":"stdout","time":1965.398651303,"data":"    },\n"}
,{"stream_name":"stdout","time":1965.398653465,"data":"    {\n"}
,{"stream_name":"stdout","time":1965.398688632,"data":"      \"model_id\": \"llava-hf/llava-v1.6-34b-hf\",\n"}
,{"stream_name":"stdout","time":1965.398693151,"data":"      \"status\": \"skipped\",\n"}
,{"stream_name":"stdout","time":1965.398697101,"data":"      \"reason\": \"GPU memory 29.12 GB is below requested 38.0 GB\",\n"}
,{"stream_name":"stdout","time":1965.398701163,"data":"      \"notes\": \"Large requested baseline. Usually skipped on free Kaggle unless a very large GPU is assigned.\"\n"}
,{"stream_name":"stdout","time":1965.398705196,"data":"    }\n"}
,{"stream_name":"stdout","time":1965.398708458,"data":"  ],\n"}
,{"stream_name":"stdout","time":1965.398712278,"data":"  \"gpu\": {\n"}
,{"stream_name":"stdout","time":1965.398716211,"data":"    \"cuda_available\": true,\n"}
,{"stream_name":"stdout","time":1965.398720355,"data":"    \"gpu_name\": \"Tesla T4\",\n"}
,{"stream_name":"stdout","time":1965.398724535,"data":"    \"total_memory_gb\": 14.56,\n"}
,{"stream_name":"stdout","time":1965.398729457,"data":"    \"nvidia_smi\": \"Mon May 11 15:44:05 2026       \\n+-----------------------------------------------------------------------------------------+\\n| NVIDIA-SMI 580.105.08             Driver Version: 580.105.08     CUDA Version: 13.0     |\\n+-----------------------------------------+------------------------+----------------------+\\n| GPU  Name                 Persistence-M | Bus-Id          Disp.A | Volatile Uncorr. ECC |\\n| Fan  Temp   Perf          Pwr:Usage/Cap |           Memory-Usage | GPU-Util  Compute M. |\\n|                                         |                        |               MIG M. |\\n|=========================================+========================+======================|\\n|   0  Tesla T4                       Off |   00000000:00:04.0 Off |                    0 |\\n| N/A   40C    P8             10W /   70W |       3MiB /  15360MiB |      0%      Default |\\n|                                         |                        |                  N/A |\\n+-----------------------------------------+------------------------+----------------------+\\n|   1  Tesla T4                       Off |   00000000:00:05.0 Off |                    0 |\\n| N/A   41C    P8             11W /   70W |       3MiB /  15360MiB |      0%      Default |\\n|                                         |                        |                  N/A |\\n+-----------------------------------------+------------------------+----------------------+\\n\\n+-----------------------------------------------------------------------------------------+\\n| Processes:                                                                              |\\n|  GPU   GI   CI              PID   Type   Process name                        GPU Memory |\\n|        ID   ID                                                               Usage      |\\n|=========================================================================================|\\n|  No running processes found                                                             |\\n+-----------------------------------------------------------------------------------------+\\n\",\n"}
,{"stream_name":"stdout","time":1965.39874487,"data":"    \"compute_capability\": \"7.5\",\n"}
,{"stream_name":"stdout","time":1965.398749251,"data":"    \"compute_capability_major\": 7,\n"}
,{"stream_name":"stdout","time":1965.398753567,"data":"    \"torch_cuda_supported\": true,\n"}
,{"stream_name":"stdout","time":1965.398757307,"data":"    \"device_count\": 2,\n"}
,{"stream_name":"stdout","time":1965.398761072,"data":"    \"devices\": [\n"}
,{"stream_name":"stdout","time":1965.398764925,"data":"      {\n"}
,{"stream_name":"stdout","time":1965.398768653,"data":"        \"index\": 0,\n"}
,{"stream_name":"stdout","time":1965.398772285,"data":"        \"name\": \"Tesla T4\",\n"}
,{"stream_name":"stdout","time":1965.398776213,"data":"        \"memory_gb\": 14.56,\n"}
,{"stream_name":"stdout","time":1965.398779844,"data":"        \"compute_capability\": \"7.5\"\n"}
,{"stream_name":"stdout","time":1965.398783853,"data":"      },\n"}
,{"stream_name":"stdout","time":1965.398787397,"data":"      {\n"}
,{"stream_name":"stdout","time":1965.398791104,"data":"        \"index\": 1,\n"}
,{"stream_name":"stdout","time":1965.398794702,"data":"        \"name\": \"Tesla T4\",\n"}
,{"stream_name":"stdout","time":1965.398798648,"data":"        \"memory_gb\": 14.56,\n"}
,{"stream_name":"stdout","time":1965.398802702,"data":"        \"compute_capability\": \"7.5\"\n"}
,{"stream_name":"stdout","time":1965.398806665,"data":"      }\n"}
,{"stream_name":"stdout","time":1965.398810337,"data":"    ],\n"}
,{"stream_name":"stdout","time":1965.398814074,"data":"    \"aggregate_memory_gb\": 29.12\n"}
,{"stream_name":"stdout","time":1965.398817914,"data":"  },\n"}
,{"stream_name":"stdout","time":1965.398821828,"data":"  \"lora\": {\n"}
,{"stream_name":"stdout","time":1965.398825574,"data":"    \"status\": \"completed\",\n"}
,{"stream_name":"stdout","time":1965.398829871,"data":"    \"base_model_id\": \"Qwen/Qwen2.5-VL-3B-Instruct\",\n"}
,{"stream_name":"stdout","time":1965.398833987,"data":"    \"adapter_dir\": \"/kaggle/working/tumor_multimodal_kaggle_outputs/lora_adapter_qwen25vl_3b_mri\",\n"}
,{"stream_name":"stdout","time":1965.398838258,"data":"    \"train_examples\": 64,\n"}
,{"stream_name":"stdout","time":1965.398842257,"data":"    \"val_examples\": 16,\n"}
,{"stream_name":"stdout","time":1965.398847511,"data":"    \"optimizer_updates\": 16,\n"}
,{"stream_name":"stdout","time":1965.398851493,"data":"    \"final_loss\": 0.05060507729649544,\n"}
,{"stream_name":"stdout","time":1965.398855449,"data":"    \"mean_loss\": 0.3761961980490014\n"}
,{"stream_name":"stdout","time":1965.398859242,"data":"  },\n"}
,{"stream_name":"stdout","time":1965.398863077,"data":"  \"best_zero_shot_model\": {\n"}
,{"stream_name":"stdout","time":1965.398867051,"data":"    \"model_id\": \"Qwen/Qwen2.5-VL-3B-Instruct\",\n"}
,{"stream_name":"stdout","time":1965.398871042,"data":"    \"status\": \"completed\",\n"}
,{"stream_name":"stdout","time":1965.398875056,"data":"    \"notes\": \"Primary free-tier model. Strong quality with realistic Kaggle memory needs.\",\n"}
,{"stream_name":"stdout","time":1965.398882134,"data":"    \"n\": 64,\n"}
,{"stream_name":"stdout","time":1965.398885932,"data":"    \"accuracy\": 0.171875,\n"}
,{"stream_name":"stdout","time":1965.398889775,"data":"    \"strict_json_rate\": 1.0,\n"}
,{"stream_name":"stdout","time":1965.398893585,"data":"    \"seconds\": 464.72,\n"}
,{"stream_name":"stdout","time":1965.398897509,"data":"    \"classification_report\": \"                           precision    recall  f1-score   support\\n\\n             tumor_glioma       0.00      0.00      0.00         8\\n         tumor_meningioma       1.00      0.38      0.55         8\\n            tumor_notumor       0.13      1.00      0.23         8\\n          tumor_pituitary       0.00      0.00      0.00         8\\n    dementia_MildDemented       0.00      0.00      0.00         8\\ndementia_ModerateDemented       0.00      0.00      0.00         8\\n     dementia_NonDemented       0.00      0.00      0.00         8\\ndementia_VeryMildDemented       0.00      0.00      0.00         8\\n         INVALID_OR_PARSE       0.00      0.00      0.00         0\\n\\n                 accuracy                           0.17        64\\n                macro avg       0.13      0.15      0.09        64\\n             weighted avg       0.14      0.17      0.10        64\\n\",\n"}
,{"stream_name":"stdout","time":1965.398904741,"data":"    \"confusion_matrix_labels\": [\n"}
,{"stream_name":"stdout","time":1965.398908559,"data":"      \"tumor_glioma\",\n"}
,{"stream_name":"stdout","time":1965.398912362,"data":"      \"tumor_meningioma\",\n"}
,{"stream_name":"stdout","time":1965.398916347,"data":"      \"tumor_notumor\",\n"}
,{"stream_name":"stdout","time":1965.398920256,"data":"      \"tumor_pituitary\",\n"}
,{"stream_name":"stdout","time":1965.398924036,"data":"      \"dementia_MildDemented\",\n"}
,{"stream_name":"stdout","time":1965.398927916,"data":"      \"dementia_ModerateDemented\",\n"}
,{"stream_name":"stdout","time":1965.398931609,"data":"      \"dementia_NonDemented\",\n"}
,{"stream_name":"stdout","time":1965.398934779,"data":"      \"dementia_VeryMildDemented\",\n"}
,{"stream_name":"stdout","time":1965.398938645,"data":"      \"INVALID_OR_PARSE\"\n"}
,{"stream_name":"stdout","time":1965.398942391,"data":"    ],\n"}
,{"stream_name":"stdout","time":1965.398945947,"data":"    \"confusion_matrix\": [\n"}
,{"stream_name":"stdout","time":1965.398949599,"data":"      [\n"}
,{"stream_name":"stdout","time":1965.398953253,"data":"        0,\n"}
,{"stream_name":"stdout","time":1965.398956944,"data":"        0,\n"}
,{"stream_name":"stdout","time":1965.398960595,"data":"        8,\n"}
,{"stream_name":"stdout","time":1965.39896436,"data":"        0,\n"}
,{"stream_name":"stdout","time":1965.398967872,"data":"        0,\n"}
,{"stream_name":"stdout","time":1965.398971328,"data":"        0,\n"}
,{"stream_name":"stdout","time":1965.398974956,"data":"        0,\n"}
,{"stream_name":"stdout","time":1965.398978636,"data":"        0,\n"}
,{"stream_name":"stdout","time":1965.398982314,"data":"        0\n"}
,{"stream_name":"stdout","time":1965.398985906,"data":"      ],\n"}
,{"stream_name":"stdout","time":1965.398989594,"data":"      [\n"}
,{"stream_name":"stdout","time":1965.398993186,"data":"        0,\n"}
,{"stream_name":"stdout","time":1965.398996657,"data":"        3,\n"}
,{"stream_name":"stdout","time":1965.399000647,"data":"        5,\n"}
,{"stream_name":"stdout","time":1965.399004217,"data":"        0,\n"}
,{"stream_name":"stdout","time":1965.399007808,"data":"        0,\n"}
,{"stream_name":"stdout","time":1965.3990115,"data":"        0,\n"}
,{"stream_name":"stdout","time":1965.399015189,"data":"        0,\n"}
,{"stream_name":"stdout","time":1965.399021394,"data":"        0,\n"}
,{"stream_name":"stdout","time":1965.399025248,"data":"        0\n"}
,{"stream_name":"stdout","time":1965.39902893,"data":"      ],\n"}
,{"stream_name":"stdout","time":1965.399032717,"data":"      [\n"}
,{"stream_name":"stdout","time":1965.399036328,"data":"        0,\n"}
,{"stream_name":"stdout","time":1965.399039918,"data":"        0,\n"}
,{"stream_name":"stdout","time":1965.399043681,"data":"        8,\n"}
,{"stream_name":"stdout","time":1965.399047415,"data":"        0,\n"}
,{"stream_name":"stdout","time":1965.399051063,"data":"        0,\n"}
,{"stream_name":"stdout","time":1965.399054633,"data":"        0,\n"}
,{"stream_name":"stdout","time":1965.399058256,"data":"        0,\n"}
,{"stream_name":"stdout","time":1965.399061999,"data":"        0,\n"}
,{"stream_name":"stdout","time":1965.399065542,"data":"        0\n"}
,{"stream_name":"stdout","time":1965.399069403,"data":"      ],\n"}
,{"stream_name":"stdout","time":1965.399073158,"data":"      [\n"}
,{"stream_name":"stdout","time":1965.399076939,"data":"        0,\n"}
,{"stream_name":"stdout","time":1965.399080622,"data":"        0,\n"}
,{"stream_name":"stdout","time":1965.399084491,"data":"        8,\n"}
,{"stream_name":"stdout","time":1965.399090407,"data":"        0,\n"}
,{"stream_name":"stdout","time":1965.399094255,"data":"        0,\n"}
,{"stream_name":"stdout","time":1965.399098889,"data":"        0,\n"}
,{"stream_name":"stdout","time":1965.399102897,"data":"        0,\n"}
,{"stream_name":"stdout","time":1965.399106687,"data":"        0,\n"}
,{"stream_name":"stdout","time":1965.3991105,"data":"        0\n"}
,{"stream_name":"stdout","time":1965.399114336,"data":"      ],\n"}
,{"stream_name":"stdout","time":1965.399118267,"data":"      [\n"}
,{"stream_name":"stdout","time":1965.399122202,"data":"        0,\n"}
,{"stream_name":"stdout","time":1965.399126098,"data":"        0,\n"}
,{"stream_name":"stdout","time":1965.399129934,"data":"        8,\n"}
,{"stream_name":"stdout","time":1965.399133639,"data":"        0,\n"}
,{"stream_name":"stdout","time":1965.399137859,"data":"        0,\n"}
,{"stream_name":"stdout","time":1965.399141664,"data":"        0,\n"}
,{"stream_name":"stdout","time":1965.399145443,"data":"        0,\n"}
,{"stream_name":"stdout","time":1965.399149319,"data":"        0,\n"}
,{"stream_name":"stdout","time":1965.399153392,"data":"        0\n"}
,{"stream_name":"stdout","time":1965.399157199,"data":"      ],\n"}
,{"stream_name":"stdout","time":1965.399161646,"data":"      [\n"}
,{"stream_name":"stdout","time":1965.399165315,"data":"        0,\n"}
,{"stream_name":"stdout","time":1965.399169113,"data":"        0,\n"}
,{"stream_name":"stdout","time":1965.399172902,"data":"        8,\n"}
,{"stream_name":"stdout","time":1965.399176756,"data":"        0,\n"}
,{"stream_name":"stdout","time":1965.399180578,"data":"        0,\n"}
,{"stream_name":"stdout","time":1965.399184325,"data":"        0,\n"}
,{"stream_name":"stdout","time":1965.399188072,"data":"        0,\n"}
,{"stream_name":"stdout","time":1965.399191847,"data":"        0,\n"}
,{"stream_name":"stdout","time":1965.399195682,"data":"        0\n"}
,{"stream_name":"stdout","time":1965.399199509,"data":"      ],\n"}
,{"stream_name":"stdout","time":1965.399203294,"data":"      [\n"}
,{"stream_name":"stdout","time":1965.399207049,"data":"        0,\n"}
,{"stream_name":"stdout","time":1965.399210819,"data":"        0,\n"}
,{"stream_name":"stdout","time":1965.399214553,"data":"        8,\n"}
,{"stream_name":"stdout","time":1965.399221437,"data":"        0,\n"}
,{"stream_name":"stdout","time":1965.399225291,"data":"        0,\n"}
,{"stream_name":"stdout","time":1965.399229058,"data":"        0,\n"}
,{"stream_name":"stdout","time":1965.399232821,"data":"        0,\n"}
,{"stream_name":"stdout","time":1965.399236854,"data":"        0,\n"}
,{"stream_name":"stdout","time":1965.399240626,"data":"        0\n"}
,{"stream_name":"stdout","time":1965.399244475,"data":"      ],\n"}
,{"stream_name":"stdout","time":1965.399248289,"data":"      [\n"}
,{"stream_name":"stdout","time":1965.399252089,"data":"        0,\n"}
,{"stream_name":"stdout","time":1965.399255881,"data":"        0,\n"}
,{"stream_name":"stdout","time":1965.399259665,"data":"        8,\n"}
,{"stream_name":"stdout","time":1965.399263474,"data":"        0,\n"}
,{"stream_name":"stdout","time":1965.399267627,"data":"        0,\n"}
,{"stream_name":"stdout","time":1965.399271422,"data":"        0,\n"}
,{"stream_name":"stdout","time":1965.399275301,"data":"        0,\n"}
,{"stream_name":"stdout","time":1965.399279089,"data":"        0,\n"}
,{"stream_name":"stdout","time":1965.399282792,"data":"        0\n"}
,{"stream_name":"stdout","time":1965.399286526,"data":"      ],\n"}
,{"stream_name":"stdout","time":1965.399290331,"data":"      [\n"}
,{"stream_name":"stdout","time":1965.399294107,"data":"        0,\n"}
,{"stream_name":"stdout","time":1965.399297926,"data":"        0,\n"}
,{"stream_name":"stdout","time":1965.399301655,"data":"        0,\n"}
,{"stream_name":"stdout","time":1965.399305537,"data":"        0,\n"}
,{"stream_name":"stdout","time":1965.399309316,"data":"        0,\n"}
,{"stream_name":"stdout","time":1965.399313082,"data":"        0,\n"}
,{"stream_name":"stdout","time":1965.39931681,"data":"        0,\n"}
,{"stream_name":"stdout","time":1965.39932059,"data":"        0,\n"}
,{"stream_name":"stdout","time":1965.399324221,"data":"        0\n"}
,{"stream_name":"stdout","time":1965.399327569,"data":"      ]\n"}
,{"stream_name":"stdout","time":1965.399331316,"data":"    ]\n"}
,{"stream_name":"stdout","time":1965.399335129,"data":"  }\n"}
,{"stream_name":"stdout","time":1965.399338859,"data":"}\n"}
,{"stream_name":"stdout","time":1965.399342616,"data":"\n"}
,{"stream_name":"stdout","time":1965.399346471,"data":"Main zip output: /kaggle/working/tumor_multimodal_kaggle_outputs.zip\n"}
,{"stream_name":"stderr","time":1972.448408335,"data":"/usr/local/lib/python3.12/dist-packages/mistune.py:435: SyntaxWarning: invalid escape sequence '\\|'\n"}
,{"stream_name":"stderr","time":1972.448436783,"data":"  cells[i][c] = re.sub('\\\\\\\\\\|', '|', cell)\n"}
,{"stream_name":"stderr","time":1972.749259752,"data":"/usr/local/lib/python3.12/dist-packages/nbconvert/filters/filter_links.py:36: SyntaxWarning: invalid escape sequence '\\_'\n"}
,{"stream_name":"stderr","time":1972.749296479,"data":"  text = re.sub(r'_', '\\_', text) # Escape underscores in display text\n"}
,{"stream_name":"stderr","time":1973.402116876,"data":"[NbConvertApp] Converting notebook __script__.ipynb to html\n"}
,{"stream_name":"stderr","time":1974.734738409,"data":"[NbConvertApp] Writing 414243 bytes to __results__.html\n"}
]