index,image_path,true_index,pred_index,true_label,pred_label,confidence,correct,prob_glioma,prob_meningioma,prob_notumor,prob_pituitary
0,data/brain_tumor/Testing/glioma/Te-glTr_0000.jpg,0,0,glioma,glioma,0.9871574723776159,1,0.9871574723776159,0.0046581255647442305,0.005319462347254133,0.0028649397103857354
1,data/brain_tumor/Testing/glioma/Te-glTr_0001.jpg,0,0,glioma,glioma,0.9685131103957058,1,0.9685131103957058,0.009385145999623128,0.01006074321326139,0.012041000391409724
2,data/brain_tumor/Testing/glioma/Te-glTr_0002.jpg,0,0,glioma,glioma,0.9662686397399367,1,0.9662686397399367,0.012988213195696029,0.010683155409669258,0.010059991654697968
3,data/brain_tumor/Testing/glioma/Te-glTr_0003.jpg,0,0,glioma,glioma,0.8623156353046948,1,0.8623156353046948,0.10595281915519476,0.01924071178029812,0.012490833759812348
4,data/brain_tumor/Testing/glioma/Te-glTr_0004.jpg,0,0,glioma,glioma,0.9454615888271777,1,0.9454615888271777,0.03236210779030077,0.008761184453241238,0.013415118929280321
5,data/brain_tumor/Testing/glioma/Te-glTr_0005.jpg,0,0,glioma,glioma,0.9786410428764326,1,0.9786410428764326,0.013035131885042907,0.0059033028565292885,0.0024205223819952454
6,data/brain_tumor/Testing/glioma/Te-glTr_0006.jpg,0,0,glioma,glioma,0.9738057083428758,1,0.9738057083428758,0.005232996680376178,0.006159147604346458,0.014802147372401505
7,data/brain_tumor/Testing/glioma/Te-glTr_0007.jpg,0,0,glioma,glioma,0.9740556569216369,1,0.9740556569216369,0.005968862268783732,0.010349769241640059,0.009625711567939366
8,data/brain_tumor/Testing/glioma/Te-glTr_0008.jpg,0,0,glioma,glioma,0.965331570414285,1,0.965331570414285,0.005662791640827996,0.008621388656890626,0.020384249287996356
9,data/brain_tumor/Testing/glioma/Te-glTr_0009.jpg,0,0,glioma,glioma,0.9799599168376106,1,0.9799599168376106,0.006344869888289208,0.007396984018067214,0.0062982292560329325
10,data/brain_tumor/Testing/glioma/Te-gl_0010.jpg,0,0,glioma,glioma,0.9803125590935835,1,0.9803125590935835,0.004857084876722708,0.004179996578469757,0.01065035945122404
11,data/brain_tumor/Testing/glioma/Te-gl_0011.jpg,0,0,glioma,glioma,0.9609668935029617,1,0.9609668935029617,0.012748383887929074,0.00805084650578381,0.018233876103325358
12,data/brain_tumor/Testing/glioma/Te-gl_0012.jpg,0,0,glioma,glioma,0.959744370421066,1,0.959744370421066,0.009449581040728867,0.006885634529281592,0.02392041400892359
13,data/brain_tumor/Testing/glioma/Te-gl_0013.jpg,0,0,glioma,glioma,0.9571386810726332,1,0.9571386810726332,0.027534260307310574,0.009687572352265306,0.005639486267790949
14,data/brain_tumor/Testing/glioma/Te-gl_0014.jpg,0,0,glioma,glioma,0.9762042992139154,1,0.9762042992139154,0.010673928979157971,0.007142475014520089,0.005979296792406596
15,data/brain_tumor/Testing/glioma/Te-gl_0015.jpg,0,0,glioma,glioma,0.974630047373245,1,0.974630047373245,0.0045280698201872385,0.005434425023853883,0.015407457782713916
16,data/brain_tumor/Testing/glioma/Te-gl_0016.jpg,0,0,glioma,glioma,0.975601283605992,1,0.975601283605992,0.007429914294381054,0.0070974633251061955,0.009871338774520748
17,data/brain_tumor/Testing/glioma/Te-gl_0017.jpg,0,0,glioma,glioma,0.9681469550132367,1,0.9681469550132367,0.012527856654938257,0.007372552805817498,0.011952635526007529
18,data/brain_tumor/Testing/glioma/Te-gl_0018.jpg,0,0,glioma,glioma,0.9754134885447203,1,0.9754134885447203,0.011950912729545703,0.005771942361437536,0.0068636563642963866
19,data/brain_tumor/Testing/glioma/Te-gl_0019.jpg,0,0,glioma,glioma,0.9602731001244846,1,0.9602731001244846,0.03361471952128651,0.0033085104804089806,0.0028036698738198415
20,data/brain_tumor/Testing/glioma/Te-gl_0020.jpg,0,0,glioma,glioma,0.9710018751555128,1,0.9710018751555128,0.004012089955955029,0.005950657357103341,0.019035377531428813
21,data/brain_tumor/Testing/glioma/Te-gl_0021.jpg,0,0,glioma,glioma,0.9742001025669311,1,0.9742001025669311,0.00627305705643264,0.007733993025891249,0.011792847350745001
22,data/brain_tumor/Testing/glioma/Te-gl_0022.jpg,0,0,glioma,glioma,0.9709401013122673,1,0.9709401013122673,0.016157967774147557,0.006022126806632012,0.006879804106953132
23,data/brain_tumor/Testing/glioma/Te-gl_0023.jpg,0,0,glioma,glioma,0.883196793353477,1,0.883196793353477,0.08511905586180697,0.016285913474596722,0.015398237310119352
24,data/brain_tumor/Testing/glioma/Te-gl_0024.jpg,0,0,glioma,glioma,0.8067583932591439,1,0.8067583932591439,0.03215828496011348,0.13568882467258392,0.025394497108158692
25,data/brain_tumor/Testing/glioma/Te-gl_0025.jpg,0,0,glioma,glioma,0.9716785939244363,1,0.9716785939244363,0.009286078064983112,0.0066987083182152895,0.01233661969236531
26,data/brain_tumor/Testing/glioma/Te-gl_0026.jpg,0,0,glioma,glioma,0.9802047482478745,1,0.9802047482478745,0.004194925018838653,0.0070379249765249435,0.008562401756761946
27,data/brain_tumor/Testing/glioma/Te-gl_0027.jpg,0,0,glioma,glioma,0.9748076787453074,1,0.9748076787453074,0.006690690753338216,0.005399438081868517,0.013102192419485941
28,data/brain_tumor/Testing/glioma/Te-gl_0028.jpg,0,0,glioma,glioma,0.9671933408475841,1,0.9671933408475841,0.025915100255205933,0.0036951085971975817,0.0031964503000124116
29,data/brain_tumor/Testing/glioma/Te-gl_0029.jpg,0,0,glioma,glioma,0.8067583932591439,1,0.8067583932591439,0.03215828496011348,0.13568882467258392,0.025394497108158692
30,data/brain_tumor/Testing/glioma/Te-gl_0030.jpg,0,1,glioma,meningioma,0.8177128533183291,0,0.1624237020607182,0.8177128533183291,0.006640050640628355,0.013223393980324382
31,data/brain_tumor/Testing/glioma/Te-gl_0031.jpg,0,0,glioma,glioma,0.9756970072196491,1,0.9756970072196491,0.008233660625369222,0.006406794400366089,0.0096625377546156
32,data/brain_tumor/Testing/glioma/Te-gl_0032.jpg,0,0,glioma,glioma,0.9724447509845029,1,0.9724447509845029,0.008389419688520885,0.00879463999432385,0.01037118933265233
33,data/brain_tumor/Testing/glioma/Te-gl_0033.jpg,0,0,glioma,glioma,0.977167340182566,1,0.977167340182566,0.007816943594806851,0.007881880994761208,0.007133835227865943
34,data/brain_tumor/Testing/glioma/Te-gl_0034.jpg,0,0,glioma,glioma,0.9753940852411928,1,0.9753940852411928,0.008261972661282252,0.010990814735600797,0.0053531273619241634
35,data/brain_tumor/Testing/glioma/Te-gl_0035.jpg,0,0,glioma,glioma,0.970758276860919,1,0.970758276860919,0.007513781218425532,0.01112923536681622,0.010598706553839283
36,data/brain_tumor/Testing/glioma/Te-gl_0036.jpg,0,0,glioma,glioma,0.9548556150807427,1,0.9548556150807427,0.027969332242570203,0.010663547488569227,0.006511505188117937
37,data/brain_tumor/Testing/glioma/Te-gl_0037.jpg,0,0,glioma,glioma,0.9575705425701465,1,0.9575705425701465,0.021478948884636244,0.015138787986621204,0.005811720558596043
38,data/brain_tumor/Testing/glioma/Te-gl_0038.jpg,0,0,glioma,glioma,0.9685904745167565,1,0.9685904745167565,0.00522191530487519,0.007654567063768633,0.01853304311459966
39,data/brain_tumor/Testing/glioma/Te-gl_0039.jpg,0,0,glioma,glioma,0.9760777358785634,1,0.9760777358785634,0.013254061347457609,0.004655078521303403,0.006013124252675625
40,data/brain_tumor/Testing/glioma/Te-gl_0040.jpg,0,0,glioma,glioma,0.9792093633318196,1,0.9792093633318196,0.008174172103956087,0.008107582543933152,0.004508882020291153
41,data/brain_tumor/Testing/glioma/Te-gl_0041.jpg,0,0,glioma,glioma,0.9694440662783144,1,0.9694440662783144,0.010360325073721565,0.012061210719887125,0.008134397928076919
42,data/brain_tumor/Testing/glioma/Te-gl_0042.jpg,0,0,glioma,glioma,0.9720675560525888,1,0.9720675560525888,0.014021413777107293,0.007581545205585964,0.0063294849647180075
43,data/brain_tumor/Testing/glioma/Te-gl_0043.jpg,0,0,glioma,glioma,0.884611833195655,1,0.884611833195655,0.07482427017745345,0.015267151301256172,0.0252967453256354
44,data/brain_tumor/Testing/glioma/Te-gl_0044.jpg,0,0,glioma,glioma,0.9619452821481468,1,0.9619452821481468,0.03220626840669726,0.003503977288773139,0.0023444721563827594
45,data/brain_tumor/Testing/glioma/Te-gl_0045.jpg,0,0,glioma,glioma,0.9404768720435349,1,0.9404768720435349,0.03957590366789555,0.01458658895272946,0.005360635335840098
46,data/brain_tumor/Testing/glioma/Te-gl_0046.jpg,0,0,glioma,glioma,0.9445322326387391,1,0.9445322326387391,0.04582946085179765,0.007878604487188126,0.0017597020222751673
47,data/brain_tumor/Testing/glioma/Te-gl_0047.jpg,0,0,glioma,glioma,0.8892263637598401,1,0.8892263637598401,0.07631146049035399,0.01898194262412276,0.015480233125683172
48,data/brain_tumor/Testing/glioma/Te-gl_0048.jpg,0,0,glioma,glioma,0.9265100312458303,1,0.9265100312458303,0.05274340855880757,0.013666440662773862,0.007080119532588257
49,data/brain_tumor/Testing/glioma/Te-gl_0049.jpg,0,0,glioma,glioma,0.9749555806995773,1,0.9749555806995773,0.011427015555816567,0.006333525979107872,0.007283877765498192
50,data/brain_tumor/Testing/glioma/Te-gl_0050.jpg,0,0,glioma,glioma,0.9714815651701232,1,0.9714815651701232,0.009703931769687897,0.01027236074499193,0.008542142315196968
51,data/brain_tumor/Testing/glioma/Te-gl_0051.jpg,0,0,glioma,glioma,0.9769097498137076,1,0.9769097498137076,0.010706594513975477,0.0053903923050625715,0.006993263367254311
52,data/brain_tumor/Testing/glioma/Te-gl_0052.jpg,0,0,glioma,glioma,0.9620977088906696,1,0.9620977088906696,0.012857529394596487,0.015164406109435513,0.009880355605298447
53,data/brain_tumor/Testing/glioma/Te-gl_0053.jpg,0,0,glioma,glioma,0.9612474225955228,1,0.9612474225955228,0.007467199878167356,0.016744735382172516,0.014540642144137333
54,data/brain_tumor/Testing/glioma/Te-gl_0054.jpg,0,0,glioma,glioma,0.9713165978142002,1,0.9713165978142002,0.005128617828316619,0.01393342507445091,0.009621359283032208
55,data/brain_tumor/Testing/glioma/Te-gl_0055.jpg,0,0,glioma,glioma,0.9562720638583003,1,0.9562720638583003,0.01608130891605968,0.012112206756859633,0.01553442046878036
56,data/brain_tumor/Testing/glioma/Te-gl_0056.jpg,0,0,glioma,glioma,0.9705961066405482,1,0.9705961066405482,0.005643701017876405,0.017837428904175483,0.0059227634373999515
57,data/brain_tumor/Testing/glioma/Te-gl_0057.jpg,0,0,glioma,glioma,0.9339446673562875,1,0.9339446673562875,0.057639365731203346,0.004186050344778212,0.004229916567731032
58,data/brain_tumor/Testing/glioma/Te-gl_0058.jpg,0,0,glioma,glioma,0.9672513476545643,1,0.9672513476545643,0.008107346875203808,0.01056635803491866,0.014074947435313153
59,data/brain_tumor/Testing/glioma/Te-gl_0059.jpg,0,0,glioma,glioma,0.9695848452227385,1,0.9695848452227385,0.004378124511250602,0.00960401713286113,0.016433013133149776
60,data/brain_tumor/Testing/glioma/Te-gl_0060.jpg,0,0,glioma,glioma,0.9715617575055301,1,0.9715617575055301,0.012313151150523787,0.008806666609461729,0.007318424734484362
61,data/brain_tumor/Testing/glioma/Te-gl_0061.jpg,0,0,glioma,glioma,0.9733327826609102,1,0.9733327826609102,0.00818246340380441,0.0057068570754964425,0.012777896859789016
62,data/brain_tumor/Testing/glioma/Te-gl_0062.jpg,0,0,glioma,glioma,0.9704729842836346,1,0.9704729842836346,0.009036334719608923,0.010380670989005749,0.010110010007750784
63,data/brain_tumor/Testing/glioma/Te-gl_0063.jpg,0,0,glioma,glioma,0.9536680126217486,1,0.9536680126217486,0.014782238980853755,0.02108302426036984,0.010466724137027813
64,data/brain_tumor/Testing/glioma/Te-gl_0064.jpg,0,0,glioma,glioma,0.9769416351370904,1,0.9769416351370904,0.006480499569992073,0.005971399540374619,0.010606465752542836
65,data/brain_tumor/Testing/glioma/Te-gl_0065.jpg,0,0,glioma,glioma,0.9730753914668923,1,0.9730753914668923,0.00542089403892195,0.008071976232708918,0.01343173826147686
66,data/brain_tumor/Testing/glioma/Te-gl_0066.jpg,0,0,glioma,glioma,0.9737318842401863,1,0.9737318842401863,0.00908128217928875,0.007512786033827795,0.009674047546697163
67,data/brain_tumor/Testing/glioma/Te-gl_0067.jpg,0,0,glioma,glioma,0.9661246286225602,1,0.9661246286225602,0.009079484963579496,0.013732341691380769,0.011063544722479533
68,data/brain_tumor/Testing/glioma/Te-gl_0068.jpg,0,0,glioma,glioma,0.9776445322859492,1,0.9776445322859492,0.00975177805013802,0.007176561932745192,0.005427127731167668
69,data/brain_tumor/Testing/glioma/Te-gl_0069.jpg,0,0,glioma,glioma,0.966708982273876,1,0.966708982273876,0.0065912321330835934,0.010967073049338341,0.015732712543702003
70,data/brain_tumor/Testing/glioma/Te-gl_0070.jpg,0,0,glioma,glioma,0.962193251091007,1,0.962193251091007,0.011225890137380585,0.014353724160883128,0.01222713461072931
71,data/brain_tumor/Testing/glioma/Te-gl_0071.jpg,0,0,glioma,glioma,0.9712887512942309,1,0.9712887512942309,0.00998271890177739,0.00790468142501845,0.010823848378973263
72,data/brain_tumor/Testing/glioma/Te-gl_0072.jpg,0,0,glioma,glioma,0.9736252721797873,1,0.9736252721797873,0.011741917004447712,0.008667971269887933,0.005964839545876985
73,data/brain_tumor/Testing/glioma/Te-gl_0073.jpg,0,0,glioma,glioma,0.9729559407947269,1,0.9729559407947269,0.005604575845965311,0.008824074628543005,0.012615408730764768
74,data/brain_tumor/Testing/glioma/Te-gl_0074.jpg,0,0,glioma,glioma,0.9802619944613693,1,0.9802619944613693,0.004538362250476888,0.0066684736219641315,0.00853116966618969
75,data/brain_tumor/Testing/glioma/Te-gl_0075.jpg,0,0,glioma,glioma,0.9771192246736721,1,0.9771192246736721,0.007187160763251674,0.00867470887770215,0.007018905685374076
76,data/brain_tumor/Testing/glioma/Te-gl_0076.jpg,0,0,glioma,glioma,0.9689246858733523,1,0.9689246858733523,0.008261365685199185,0.011992141414558139,0.010821807026890368
77,data/brain_tumor/Testing/glioma/Te-gl_0077.jpg,0,0,glioma,glioma,0.9667964305772181,1,0.9667964305772181,0.010734522143791241,0.012453439131680698,0.010015608147309993
78,data/brain_tumor/Testing/glioma/Te-gl_0078.jpg,0,0,glioma,glioma,0.9709934127325234,1,0.9709934127325234,0.0075078034856013495,0.009968809918079287,0.011529973863795978
79,data/brain_tumor/Testing/glioma/Te-gl_0079.jpg,0,0,glioma,glioma,0.9683770429151836,1,0.9683770429151836,0.007235613570709375,0.014978789557008562,0.009408553957098493
80,data/brain_tumor/Testing/glioma/Te-gl_0080.jpg,0,0,glioma,glioma,0.9691481626374578,1,0.9691481626374578,0.006808775502476005,0.014037396811088163,0.010005665048977975
81,data/brain_tumor/Testing/glioma/Te-gl_0081.jpg,0,0,glioma,glioma,0.4281860483371935,1,0.4281860483371935,0.34075935218152487,0.047746869075903406,0.1833077304053782
82,data/brain_tumor/Testing/glioma/Te-gl_0082.jpg,0,0,glioma,glioma,0.9669730103275664,1,0.9669730103275664,0.009996813759195856,0.008329805017746258,0.014700370895491432
83,data/brain_tumor/Testing/glioma/Te-gl_0083.jpg,0,0,glioma,glioma,0.8028123171499376,1,0.8028123171499376,0.030554541935060343,0.13443470652271503,0.03219843439228701
84,data/brain_tumor/Testing/glioma/Te-gl_0084.jpg,0,0,glioma,glioma,0.9511540142346391,1,0.9511540142346391,0.020798229691458767,0.0201110384567774,0.007936717617124715
85,data/brain_tumor/Testing/glioma/Te-gl_0085.jpg,0,0,glioma,glioma,0.9772864616446967,1,0.9772864616446967,0.006585073280164965,0.008333741209912036,0.00779472386522636
86,data/brain_tumor/Testing/glioma/Te-gl_0086.jpg,0,0,glioma,glioma,0.9702784468760075,1,0.9702784468760075,0.005885529827671511,0.014089169052886246,0.009746854243434685
87,data/brain_tumor/Testing/glioma/Te-gl_0087.jpg,0,0,glioma,glioma,0.9823378565133204,1,0.9823378565133204,0.010935477784565007,0.0032180614446491096,0.0035086042574654867
88,data/brain_tumor/Testing/glioma/Te-gl_0088.jpg,0,0,glioma,glioma,0.9770620613169796,1,0.9770620613169796,0.015582005709955672,0.003106060528221092,0.004249872444843671
89,data/brain_tumor/Testing/glioma/Te-gl_0089.jpg,0,0,glioma,glioma,0.8838449086862286,1,0.8838449086862286,0.08983387903096923,0.019976124606864962,0.0063450876759372585
90,data/brain_tumor/Testing/glioma/Te-gl_0090.jpg,0,0,glioma,glioma,0.9774969242920561,1,0.9774969242920561,0.006942121793846883,0.005742775289674232,0.009818178624422705
91,data/brain_tumor/Testing/glioma/Te-gl_0091.jpg,0,0,glioma,glioma,0.9720502726615239,1,0.9720502726615239,0.011997541697637469,0.009080452128827134,0.006871733512011547
92,data/brain_tumor/Testing/glioma/Te-gl_0092.jpg,0,0,glioma,glioma,0.9777654081993545,1,0.9777654081993545,0.004955964299105989,0.005194808964847461,0.01208381853669197
93,data/brain_tumor/Testing/glioma/Te-gl_0093.jpg,0,0,glioma,glioma,0.92806848752269,1,0.92806848752269,0.012858145439165424,0.007821853010368805,0.051251514027775724
94,data/brain_tumor/Testing/glioma/Te-gl_0094.jpg,0,0,glioma,glioma,0.843751082429751,1,0.843751082429751,0.039652823926367334,0.1039566780889292,0.012639415554952406
95,data/brain_tumor/Testing/glioma/Te-gl_0095.jpg,0,0,glioma,glioma,0.9723906498916621,1,0.9723906498916621,0.00853617580880192,0.010277694072057132,0.008795480227478817
96,data/brain_tumor/Testing/glioma/Te-gl_0096.jpg,0,0,glioma,glioma,0.9729772713037567,1,0.9729772713037567,0.007000253431977765,0.007999211963225401,0.012023263301040152
97,data/brain_tumor/Testing/glioma/Te-gl_0097.jpg,0,0,glioma,glioma,0.9484607488991623,1,0.9484607488991623,0.032185285983744205,0.012086998558724313,0.007266966558369188
98,data/brain_tumor/Testing/glioma/Te-gl_0098.jpg,0,0,glioma,glioma,0.9660455690245651,1,0.9660455690245651,0.010754742509564307,0.014418671023711879,0.00878101744215876
99,data/brain_tumor/Testing/glioma/Te-gl_0099.jpg,0,0,glioma,glioma,0.9577782883929781,1,0.9577782883929781,0.006101592063460388,0.007703347704885728,0.028416771838675792
100,data/brain_tumor/Testing/glioma/Te-gl_0100.jpg,0,0,glioma,glioma,0.9723169725037977,1,0.9723169725037977,0.008417237897325099,0.012061086577781523,0.007204703021095716
101,data/brain_tumor/Testing/glioma/Te-gl_0101.jpg,0,0,glioma,glioma,0.8705705266448679,1,0.8705705266448679,0.06510486350694422,0.049686490702749844,0.014638119145438052
102,data/brain_tumor/Testing/glioma/Te-gl_0102.jpg,0,0,glioma,glioma,0.9209589014833869,1,0.9209589014833869,0.008334946112440376,0.059382231647227626,0.011323920756945108
103,data/brain_tumor/Testing/glioma/Te-gl_0103.jpg,0,0,glioma,glioma,0.9722433633325039,1,0.9722433633325039,0.008714630083868618,0.014139561965884855,0.004902444617742547
104,data/brain_tumor/Testing/glioma/Te-gl_0104.jpg,0,0,glioma,glioma,0.9516987946811526,1,0.9516987946811526,0.013437176509213795,0.02510307825900313,0.009760950550630535
105,data/brain_tumor/Testing/glioma/Te-gl_0105.jpg,0,0,glioma,glioma,0.9334889667732436,1,0.9334889667732436,0.015390425949153352,0.03767183430059223,0.013448772977010855
106,data/brain_tumor/Testing/glioma/Te-gl_0106.jpg,0,0,glioma,glioma,0.9605119836654653,1,0.9605119836654653,0.02527822155404749,0.0027056906223175696,0.011504104158169668
107,data/brain_tumor/Testing/glioma/Te-gl_0107.jpg,0,0,glioma,glioma,0.9754132581777051,1,0.9754132581777051,0.02077842366874826,0.0025158432051577543,0.0012924749483888944
108,data/brain_tumor/Testing/glioma/Te-gl_0108.jpg,0,0,glioma,glioma,0.9778375757208873,1,0.9778375757208873,0.007262230505818729,0.007891283927061147,0.007008909846232829
109,data/brain_tumor/Testing/glioma/Te-gl_0109.jpg,0,0,glioma,glioma,0.9225866043879102,1,0.9225866043879102,0.010227190159177946,0.012538738338558664,0.05464746711435317
110,data/brain_tumor/Testing/glioma/Te-gl_0110.jpg,0,0,glioma,glioma,0.9645246441171893,1,0.9645246441171893,0.0037381596158319137,0.006854836063294397,0.024882360203684374
111,data/brain_tumor/Testing/glioma/Te-gl_0111.jpg,0,0,glioma,glioma,0.9768150617099168,1,0.9768150617099168,0.005761683552145162,0.0061830292589832485,0.011240225478954773
112,data/brain_tumor/Testing/glioma/Te-gl_0112.jpg,0,0,glioma,glioma,0.9695856643437271,1,0.9695856643437271,0.00769248703638082,0.01039078187488602,0.012331066745006045
113,data/brain_tumor/Testing/glioma/Te-gl_0113.jpg,0,0,glioma,glioma,0.9779823218036814,1,0.9779823218036814,0.009812680466049594,0.005880644314799183,0.006324353415469822
114,data/brain_tumor/Testing/glioma/Te-gl_0114.jpg,0,0,glioma,glioma,0.8857221091959898,1,0.8857221091959898,0.08881901436785339,0.01473091271397044,0.010727963722186396
115,data/brain_tumor/Testing/glioma/Te-gl_0115.jpg,0,0,glioma,glioma,0.9669063184115415,1,0.9669063184115415,0.01694382661599921,0.006911195841344522,0.009238659131114766
116,data/brain_tumor/Testing/glioma/Te-gl_0116.jpg,0,0,glioma,glioma,0.9763637512896856,1,0.9763637512896856,0.0061414039869127635,0.00862855347381688,0.008866291249584787
117,data/brain_tumor/Testing/glioma/Te-gl_0117.jpg,0,0,glioma,glioma,0.9710296617707087,1,0.9710296617707087,0.010866789663640433,0.008220400347340466,0.009883148218310366
118,data/brain_tumor/Testing/glioma/Te-gl_0118.jpg,0,0,glioma,glioma,0.9630713225555168,1,0.9630713225555168,0.017706756208343662,0.008206611804910445,0.011015309431229138
119,data/brain_tumor/Testing/glioma/Te-gl_0119.jpg,0,0,glioma,glioma,0.9707182572845826,1,0.9707182572845826,0.009278271639168167,0.007137545823884764,0.012865925252364512
120,data/brain_tumor/Testing/glioma/Te-gl_0120.jpg,0,0,glioma,glioma,0.9799678029036581,1,0.9799678029036581,0.0064525667487565245,0.005751696706814558,0.00782793364077076
121,data/brain_tumor/Testing/glioma/Te-gl_0121.jpg,0,0,glioma,glioma,0.9742304172880845,1,0.9742304172880845,0.008573559188701969,0.007390428865523146,0.009805594657690403
122,data/brain_tumor/Testing/glioma/Te-gl_0122.jpg,0,0,glioma,glioma,0.9726478779027236,1,0.9726478779027236,0.015249335711217874,0.007138946795307669,0.004963839590750919
123,data/brain_tumor/Testing/glioma/Te-gl_0123.jpg,0,0,glioma,glioma,0.9660834112230954,1,0.9660834112230954,0.008627884523078017,0.01866534803318644,0.006623356220640162
124,data/brain_tumor/Testing/glioma/Te-gl_0124.jpg,0,0,glioma,glioma,0.9409007605333023,1,0.9409007605333023,0.012189282331416054,0.036384862594024514,0.010525094541257145
125,data/brain_tumor/Testing/glioma/Te-gl_0125.jpg,0,0,glioma,glioma,0.9626021017630714,1,0.9626021017630714,0.02766073762058258,0.001272496718752789,0.0084646638975933
126,data/brain_tumor/Testing/glioma/Te-gl_0126.jpg,0,0,glioma,glioma,0.9800992141644355,1,0.9800992141644355,0.016340852993631562,0.0014204537616354172,0.0021394790802975994
127,data/brain_tumor/Testing/glioma/Te-gl_0127.jpg,0,0,glioma,glioma,0.9716622198401555,1,0.9716622198401555,0.00910978537500528,0.008715432640497409,0.010512562144341741
128,data/brain_tumor/Testing/glioma/Te-gl_0128.jpg,0,0,glioma,glioma,0.9738097245272792,1,0.9738097245272792,0.007129264103971035,0.010726924114265986,0.00833408725448374
129,data/brain_tumor/Testing/glioma/Te-gl_0129.jpg,0,0,glioma,glioma,0.9344556945086563,1,0.9344556945086563,0.034182775829327806,0.017691789227895046,0.013669740434120857
130,data/brain_tumor/Testing/glioma/Te-gl_0130.jpg,0,0,glioma,glioma,0.9817405701379712,1,0.9817405701379712,0.0051877068962153244,0.005797522002146047,0.007274200963667384
131,data/brain_tumor/Testing/glioma/Te-gl_0131.jpg,0,0,glioma,glioma,0.9733558970256942,1,0.9733558970256942,0.0065161479221538246,0.008815494435775749,0.011312460616376172
132,data/brain_tumor/Testing/glioma/Te-gl_0132.jpg,0,0,glioma,glioma,0.9602132615353696,1,0.9602132615353696,0.012178729686513267,0.016300630973531256,0.011307377804585959
133,data/brain_tumor/Testing/glioma/Te-gl_0133.jpg,0,0,glioma,glioma,0.952712436169082,1,0.952712436169082,0.022495422973203758,0.014080787366048732,0.010711353491665588
134,data/brain_tumor/Testing/glioma/Te-gl_0134.jpg,0,0,glioma,glioma,0.9581398216184444,1,0.9581398216184444,0.012110121356442512,0.014230975655907219,0.015519081369205953
135,data/brain_tumor/Testing/glioma/Te-gl_0135.jpg,0,0,glioma,glioma,0.977306865090894,1,0.977306865090894,0.005566614467435336,0.008691745478323135,0.008434774963347453
136,data/brain_tumor/Testing/glioma/Te-gl_0136.jpg,0,0,glioma,glioma,0.9534076542181557,1,0.9534076542181557,0.01915960657214972,0.013795783010907814,0.013636956198786849
137,data/brain_tumor/Testing/glioma/Te-gl_0137.jpg,0,0,glioma,glioma,0.973520313383799,1,0.973520313383799,0.007549257284842224,0.008937768023121342,0.009992661308237472
138,data/brain_tumor/Testing/glioma/Te-gl_0138.jpg,0,0,glioma,glioma,0.9026160899266793,1,0.9026160899266793,0.06899249601871121,0.021189309804625644,0.007202104249983823
139,data/brain_tumor/Testing/glioma/Te-gl_0139.jpg,0,0,glioma,glioma,0.9741182075967005,1,0.9741182075967005,0.009511974976821849,0.010079517385942545,0.006290300040535071
140,data/brain_tumor/Testing/glioma/Te-gl_0140.jpg,0,0,glioma,glioma,0.9629130842929053,1,0.9629130842929053,0.012927491992658567,0.011904111919222908,0.012255311795213211
141,data/brain_tumor/Testing/glioma/Te-gl_0141.jpg,0,0,glioma,glioma,0.9725088701836172,1,0.9725088701836172,0.008361957647986465,0.007425267897140249,0.011703904271256109
142,data/brain_tumor/Testing/glioma/Te-gl_0142.jpg,0,0,glioma,glioma,0.9839047979712715,1,0.9839047979712715,0.007536750898126123,0.005094546457484215,0.003463904673118165
143,data/brain_tumor/Testing/glioma/Te-gl_0143.jpg,0,0,glioma,glioma,0.9729606572638495,1,0.9729606572638495,0.006145468953082601,0.012050405223251168,0.00884346855981674
144,data/brain_tumor/Testing/glioma/Te-gl_0144.jpg,0,0,glioma,glioma,0.9667849398438213,1,0.9667849398438213,0.011309394680549983,0.01151914154685139,0.01038652392877735
145,data/brain_tumor/Testing/glioma/Te-gl_0145.jpg,0,0,glioma,glioma,0.9812523818604183,1,0.9812523818604183,0.00782290853759324,0.006195826516539025,0.00472888308544948
146,data/brain_tumor/Testing/glioma/Te-gl_0146.jpg,0,0,glioma,glioma,0.9644012783494287,1,0.9644012783494287,0.01459711747252694,0.016037095890727403,0.00496450828731694
147,data/brain_tumor/Testing/glioma/Te-gl_0147.jpg,0,0,glioma,glioma,0.9871416535504021,1,0.9871416535504021,0.005629532757797237,0.004272210138043519,0.0029566035537571846
148,data/brain_tumor/Testing/glioma/Te-gl_0148.jpg,0,0,glioma,glioma,0.9610758504361684,1,0.9610758504361684,0.01128778057320977,0.020812476228282122,0.006823892762339707
149,data/brain_tumor/Testing/glioma/Te-gl_0149.jpg,0,0,glioma,glioma,0.9614061480420084,1,0.9614061480420084,0.011340601095132876,0.013802903370116384,0.01345034749274232
150,data/brain_tumor/Testing/glioma/Te-gl_0150.jpg,0,0,glioma,glioma,0.9599791076794347,1,0.9599791076794347,0.029656087715626923,0.007188371332823678,0.003176433272114618
151,data/brain_tumor/Testing/glioma/Te-gl_0151.jpg,0,0,glioma,glioma,0.9591503509554681,1,0.9591503509554681,0.0173902182960873,0.015572570858966005,0.00788685988947866
152,data/brain_tumor/Testing/glioma/Te-gl_0152.jpg,0,0,glioma,glioma,0.7484331650354296,1,0.7484331650354296,0.23690804596432624,0.004221781113706909,0.01043700788653727
153,data/brain_tumor/Testing/glioma/Te-gl_0153.jpg,0,0,glioma,glioma,0.9857225165633772,1,0.9857225165633772,0.004552720929309888,0.006567478943052076,0.003157283564260883
154,data/brain_tumor/Testing/glioma/Te-gl_0154.jpg,0,0,glioma,glioma,0.9737511671690045,1,0.9737511671690045,0.009512699594537198,0.011515290942895372,0.005220842293562964
155,data/brain_tumor/Testing/glioma/Te-gl_0155.jpg,0,0,glioma,glioma,0.9676049226816801,1,0.9676049226816801,0.009317850931148907,0.009440317977941187,0.013636908409229785
156,data/brain_tumor/Testing/glioma/Te-gl_0156.jpg,0,0,glioma,glioma,0.9691344725232216,1,0.9691344725232216,0.007491186901256137,0.007639745893882259,0.01573459468164003
157,data/brain_tumor/Testing/glioma/Te-gl_0157.jpg,0,0,glioma,glioma,0.9690902594138033,1,0.9690902594138033,0.010398080028522015,0.011996450349556296,0.008515210208118342
158,data/brain_tumor/Testing/glioma/Te-gl_0158.jpg,0,0,glioma,glioma,0.9525034755345153,1,0.9525034755345153,0.039825028549221236,0.005292137470015177,0.0023793584462482547
159,data/brain_tumor/Testing/glioma/Te-gl_0159.jpg,0,0,glioma,glioma,0.7149994539795316,1,0.7149994539795316,0.2652049722430523,0.01291850798107935,0.0068770657963367595
160,data/brain_tumor/Testing/glioma/Te-gl_0160.jpg,0,0,glioma,glioma,0.9530192282450061,1,0.9530192282450061,0.02166634621250963,0.014215702543894896,0.011098722998589399
161,data/brain_tumor/Testing/glioma/Te-gl_0161.jpg,0,0,glioma,glioma,0.9791556595730658,1,0.9791556595730658,0.011546210156185751,0.005791810227479429,0.00350632004326897
162,data/brain_tumor/Testing/glioma/Te-gl_0162.jpg,0,0,glioma,glioma,0.9810080827374359,1,0.9810080827374359,0.0061022209019193615,0.008405534296129025,0.004484162064515736
163,data/brain_tumor/Testing/glioma/Te-gl_0163.jpg,0,0,glioma,glioma,0.9883185416825981,1,0.9883185416825981,0.004379100539649698,0.0055151771523236455,0.0017871806254284813
164,data/brain_tumor/Testing/glioma/Te-gl_0164.jpg,0,0,glioma,glioma,0.9621098005876495,1,0.9621098005876495,0.004923327037045214,0.013618473932051647,0.019348398443253628
165,data/brain_tumor/Testing/glioma/Te-gl_0165.jpg,0,0,glioma,glioma,0.9555107524017653,1,0.9555107524017653,0.007601970466883311,0.012035645006493702,0.024851632124857657
166,data/brain_tumor/Testing/glioma/Te-gl_0166.jpg,0,0,glioma,glioma,0.9762119008794613,1,0.9762119008794613,0.008626397253849576,0.007593553475486101,0.0075681483912030025
167,data/brain_tumor/Testing/glioma/Te-gl_0167.jpg,0,0,glioma,glioma,0.9637992812901414,1,0.9637992812901414,0.009218035677881644,0.0062969571931790055,0.02068572583879795
168,data/brain_tumor/Testing/glioma/Te-gl_0168.jpg,0,0,glioma,glioma,0.9444587564928763,1,0.9444587564928763,0.034168185012779226,0.013547636116678056,0.007825422377666506
169,data/brain_tumor/Testing/glioma/Te-gl_0169.jpg,0,0,glioma,glioma,0.9353498477421892,1,0.9353498477421892,0.04357936353012102,0.014408099860920521,0.006662688866769263
170,data/brain_tumor/Testing/glioma/Te-gl_0170.jpg,0,0,glioma,glioma,0.9772204210820141,1,0.9772204210820141,0.007110364273968957,0.007330781333600613,0.008338433310416308
171,data/brain_tumor/Testing/glioma/Te-gl_0171.jpg,0,0,glioma,glioma,0.9644786512119696,1,0.9644786512119696,0.012448021110264697,0.01142808886514985,0.011645238812615859
172,data/brain_tumor/Testing/glioma/Te-gl_0172.jpg,0,0,glioma,glioma,0.9789451380062819,1,0.9789451380062819,0.007479279772240096,0.008529094584019747,0.005046487637458291
173,data/brain_tumor/Testing/glioma/Te-gl_0173.jpg,0,0,glioma,glioma,0.9703980883106198,1,0.9703980883106198,0.011699587346418688,0.011898731125306417,0.006003593217655132
174,data/brain_tumor/Testing/glioma/Te-gl_0174.jpg,0,0,glioma,glioma,0.9415744034972074,1,0.9415744034972074,0.03607865312521806,0.017691587451793087,0.004655355925781431
175,data/brain_tumor/Testing/glioma/Te-gl_0175.jpg,0,0,glioma,glioma,0.9782879187846173,1,0.9782879187846173,0.007273790326564114,0.009471168005054325,0.004967122883764319
176,data/brain_tumor/Testing/glioma/Te-gl_0176.jpg,0,0,glioma,glioma,0.9757998029757162,1,0.9757998029757162,0.0033356121121839136,0.014285636134440572,0.006578948777659251
177,data/brain_tumor/Testing/glioma/Te-gl_0177.jpg,0,0,glioma,glioma,0.9801134666102604,1,0.9801134666102604,0.009234618021449183,0.005729140947370202,0.0049227744209201195
178,data/brain_tumor/Testing/glioma/Te-gl_0178.jpg,0,0,glioma,glioma,0.9770422427752391,1,0.9770422427752391,0.01057747577563579,0.009530992450619693,0.002849288998505382
179,data/brain_tumor/Testing/glioma/Te-gl_0179.jpg,0,0,glioma,glioma,0.9717465960392767,1,0.9717465960392767,0.007257868310114672,0.011115987221354196,0.009879548429254413
180,data/brain_tumor/Testing/glioma/Te-gl_0180.jpg,0,0,glioma,glioma,0.9549720447412662,1,0.9549720447412662,0.015379936692154835,0.019404717115019364,0.010243301451559576
181,data/brain_tumor/Testing/glioma/Te-gl_0181.jpg,0,0,glioma,glioma,0.9733034587663176,1,0.9733034587663176,0.010568821389330086,0.008863299738374922,0.007264420105977315
182,data/brain_tumor/Testing/glioma/Te-gl_0182.jpg,0,0,glioma,glioma,0.9666339484983884,1,0.9666339484983884,0.016645326745361275,0.01130889510804149,0.0054118296482089075
183,data/brain_tumor/Testing/glioma/Te-gl_0183.jpg,0,0,glioma,glioma,0.9786517147084681,1,0.9786517147084681,0.007029304369255536,0.007983756352011775,0.006335224570264603
184,data/brain_tumor/Testing/glioma/Te-gl_0184.jpg,0,0,glioma,glioma,0.9640374488916931,1,0.9640374488916931,0.006028242600113385,0.009695135363968651,0.020239173144224926
185,data/brain_tumor/Testing/glioma/Te-gl_0185.jpg,0,0,glioma,glioma,0.9380107581157301,1,0.9380107581157301,0.01059035192642025,0.029301600714791615,0.022097289243058017
186,data/brain_tumor/Testing/glioma/Te-gl_0186.jpg,0,0,glioma,glioma,0.9486052552360903,1,0.9486052552360903,0.008071763492751561,0.01668436643474654,0.02663861483641161
187,data/brain_tumor/Testing/glioma/Te-gl_0187.jpg,0,0,glioma,glioma,0.9760427302263567,1,0.9760427302263567,0.005943476582946205,0.007238817738799809,0.010774975451897333
188,data/brain_tumor/Testing/glioma/Te-gl_0188.jpg,0,0,glioma,glioma,0.9881336306911958,1,0.9881336306911958,0.0035221277101798627,0.004141515210541178,0.004202726388083201
189,data/brain_tumor/Testing/glioma/Te-gl_0189.jpg,0,0,glioma,glioma,0.9668972312119374,1,0.9668972312119374,0.006374216519776424,0.0150682429770335,0.011660309291252693
190,data/brain_tumor/Testing/glioma/Te-gl_0190.jpg,0,0,glioma,glioma,0.9621881112150646,1,0.9621881112150646,0.010362308327635168,0.011427572768727698,0.016022007688572523
191,data/brain_tumor/Testing/glioma/Te-gl_0191.jpg,0,0,glioma,glioma,0.9782984338012882,1,0.9782984338012882,0.007539353402356182,0.008226702488205683,0.0059355103081498925
192,data/brain_tumor/Testing/glioma/Te-gl_0192.jpg,0,0,glioma,glioma,0.6321177129381683,1,0.6321177129381683,0.34550793028392285,0.019945171478474244,0.002429185299434589
193,data/brain_tumor/Testing/glioma/Te-gl_0193.jpg,0,0,glioma,glioma,0.9658462735658196,1,0.9658462735658196,0.005344029097291638,0.008276066605406683,0.020533630731482025
194,data/brain_tumor/Testing/glioma/Te-gl_0194.jpg,0,0,glioma,glioma,0.9777532147437425,1,0.9777532147437425,0.008336871377537124,0.009557459083901623,0.004352454794818676
195,data/brain_tumor/Testing/glioma/Te-gl_0195.jpg,0,0,glioma,glioma,0.9750316247337628,1,0.9750316247337628,0.01797698753557649,0.005405854822068059,0.0015855329085925833
196,data/brain_tumor/Testing/glioma/Te-gl_0196.jpg,0,0,glioma,glioma,0.9772986951712276,1,0.9772986951712276,0.010324738180725615,0.0067086872962990275,0.005667879351747769
197,data/brain_tumor/Testing/glioma/Te-gl_0197.jpg,0,0,glioma,glioma,0.9572957743926788,1,0.9572957743926788,0.013369355435374966,0.02101995849110449,0.008314911680841823
198,data/brain_tumor/Testing/glioma/Te-gl_0198.jpg,0,0,glioma,glioma,0.9809099935930642,1,0.9809099935930642,0.00741243215479838,0.006974148030179968,0.004703426221957453
199,data/brain_tumor/Testing/glioma/Te-gl_0199.jpg,0,0,glioma,glioma,0.963297816515073,1,0.963297816515073,0.008156797111770772,0.018278977113719303,0.010266409259436933
200,data/brain_tumor/Testing/glioma/Te-gl_0200.jpg,0,0,glioma,glioma,0.9696780522211296,1,0.9696780522211296,0.01491535374010852,0.012585197677948027,0.002821396360813843
201,data/brain_tumor/Testing/glioma/Te-gl_0201.jpg,0,0,glioma,glioma,0.9623699273423422,1,0.9623699273423422,0.017414230713008443,0.013226057744195562,0.006989784200453806
202,data/brain_tumor/Testing/glioma/Te-gl_0202.jpg,0,0,glioma,glioma,0.9635705701813588,1,0.9635705701813588,0.019826351453762228,0.010716329717949833,0.0058867486469291125
203,data/brain_tumor/Testing/glioma/Te-gl_0203.jpg,0,0,glioma,glioma,0.9788447740338985,1,0.9788447740338985,0.006141109376784752,0.011204742716973172,0.00380937387234363
204,data/brain_tumor/Testing/glioma/Te-gl_0204.jpg,0,0,glioma,glioma,0.9596556018438843,1,0.9596556018438843,0.022417203504608237,0.011404965520905395,0.006522229130602046
205,data/brain_tumor/Testing/glioma/Te-gl_0205.jpg,0,0,glioma,glioma,0.9722900220170906,1,0.9722900220170906,0.009497801257666813,0.006612230381718677,0.011599946343523895
206,data/brain_tumor/Testing/glioma/Te-gl_0206.jpg,0,0,glioma,glioma,0.9792018126934016,1,0.9792018126934016,0.006260388736997453,0.005815144387284364,0.008722654182316632
207,data/brain_tumor/Testing/glioma/Te-gl_0207.jpg,0,0,glioma,glioma,0.9781882692305752,1,0.9781882692305752,0.010711697784237882,0.007594431230000367,0.00350560175518653
208,data/brain_tumor/Testing/glioma/Te-gl_0208.jpg,0,0,glioma,glioma,0.9806040059529311,1,0.9806040059529311,0.011020700593520871,0.0063576745713100425,0.002017618882237998
209,data/brain_tumor/Testing/glioma/Te-gl_0209.jpg,0,0,glioma,glioma,0.9665691103491235,1,0.9665691103491235,0.00551299369547433,0.01769953193059932,0.010218364024802867
210,data/brain_tumor/Testing/glioma/Te-gl_0210.jpg,0,0,glioma,glioma,0.9752683580487553,1,0.9752683580487553,0.007497556462200249,0.010275122647370866,0.006958962841673514
211,data/brain_tumor/Testing/glioma/Te-gl_0211.jpg,0,0,glioma,glioma,0.9546301916862151,1,0.9546301916862151,0.007394319835686098,0.009540085041070243,0.028435403437028595
212,data/brain_tumor/Testing/glioma/Te-gl_0212.jpg,0,0,glioma,glioma,0.9727487581427761,1,0.9727487581427761,0.00702234677736023,0.011358527016233053,0.008870368063630663
213,data/brain_tumor/Testing/glioma/Te-gl_0213.jpg,0,0,glioma,glioma,0.9673552783398501,1,0.9673552783398501,0.009817720665160212,0.01541049821517891,0.007416502779810767
214,data/brain_tumor/Testing/glioma/Te-gl_0214.jpg,0,0,glioma,glioma,0.9631726938186502,1,0.9631726938186502,0.008166572166150892,0.01975755748051323,0.008903176534685683
215,data/brain_tumor/Testing/glioma/Te-gl_0215.jpg,0,0,glioma,glioma,0.9637805688509474,1,0.9637805688509474,0.009052430527986146,0.012384325262969037,0.014782675358097344
216,data/brain_tumor/Testing/glioma/Te-gl_0216.jpg,0,0,glioma,glioma,0.9717775489517059,1,0.9717775489517059,0.005913750108529936,0.007534338550787223,0.014774362388976954
217,data/brain_tumor/Testing/glioma/Te-gl_0217.jpg,0,0,glioma,glioma,0.9646688529022893,1,0.9646688529022893,0.013822466821757267,0.015211059442711873,0.006297620833241571
218,data/brain_tumor/Testing/glioma/Te-gl_0218.jpg,0,0,glioma,glioma,0.9471673771388063,1,0.9471673771388063,0.02207769967083876,0.01968366426132562,0.01107125892902939
219,data/brain_tumor/Testing/glioma/Te-gl_0219.jpg,0,0,glioma,glioma,0.9580730073117525,1,0.9580730073117525,0.008554367634557395,0.013328229003039609,0.020044396050650552
220,data/brain_tumor/Testing/glioma/Te-gl_0220.jpg,0,0,glioma,glioma,0.9697190094165011,1,0.9697190094165011,0.01313513273008279,0.010283262013965337,0.006862595839450786
221,data/brain_tumor/Testing/glioma/Te-gl_0221.jpg,0,0,glioma,glioma,0.9754991027152163,1,0.9754991027152163,0.007507517080132665,0.005772262513301736,0.011221117691349208
222,data/brain_tumor/Testing/glioma/Te-gl_0222.jpg,0,0,glioma,glioma,0.927656240222277,1,0.927656240222277,0.010840240015389323,0.010701146987834177,0.05080237277449945
223,data/brain_tumor/Testing/glioma/Te-gl_0223.jpg,0,0,glioma,glioma,0.9664316033358633,1,0.9664316033358633,0.011515688910846577,0.010486273870076628,0.011566433883213491
224,data/brain_tumor/Testing/glioma/Te-gl_0224.jpg,0,0,glioma,glioma,0.9773907488487436,1,0.9773907488487436,0.00888834877975413,0.009706117041021377,0.004014785330480969
225,data/brain_tumor/Testing/glioma/Te-gl_0225.jpg,0,0,glioma,glioma,0.9667561164967298,1,0.9667561164967298,0.013608881335982294,0.014064514175117353,0.005570487992170553
226,data/brain_tumor/Testing/glioma/Te-gl_0226.jpg,0,0,glioma,glioma,0.9541755905801658,1,0.9541755905801658,0.00643623992201291,0.027327945430457645,0.01206022406736368
227,data/brain_tumor/Testing/glioma/Te-gl_0227.jpg,0,0,glioma,glioma,0.9758995935737801,1,0.9758995935737801,0.009865715663301298,0.006830696180036228,0.0074039945828823905
228,data/brain_tumor/Testing/glioma/Te-gl_0228.jpg,0,0,glioma,glioma,0.9757407316712111,1,0.9757407316712111,0.005991492426014964,0.009120856420249545,0.009146919482524432
229,data/brain_tumor/Testing/glioma/Te-gl_0229.jpg,0,0,glioma,glioma,0.9642717479068135,1,0.9642717479068135,0.016550318652752093,0.007113888594735838,0.012064044845698594
230,data/brain_tumor/Testing/glioma/Te-gl_0230.jpg,0,0,glioma,glioma,0.9495369107505595,1,0.9495369107505595,0.015137103245248057,0.011907742247844653,0.02341824375634786
231,data/brain_tumor/Testing/glioma/Te-gl_0231.jpg,0,0,glioma,glioma,0.9780444484613008,1,0.9780444484613008,0.008168706655188079,0.006642958602601739,0.0071438862809093924
232,data/brain_tumor/Testing/glioma/Te-gl_0232.jpg,0,1,glioma,meningioma,0.5121651215528679,0,0.4436676138092933,0.5121651215528679,0.03506757266718786,0.009099691970650971
233,data/brain_tumor/Testing/glioma/Te-gl_0233.jpg,0,0,glioma,glioma,0.8890448601673157,1,0.8890448601673157,0.07420812374427627,0.021909424525000516,0.014837591563407528
234,data/brain_tumor/Testing/glioma/Te-gl_0234.jpg,0,1,glioma,meningioma,0.5584368255326814,0,0.4189626385746094,0.5584368255326814,0.015226371983381375,0.007374163909327788
235,data/brain_tumor/Testing/glioma/Te-gl_0235.jpg,0,0,glioma,glioma,0.7332631356392644,1,0.7332631356392644,0.24179388605225263,0.008091195494021472,0.016851782814461536
236,data/brain_tumor/Testing/glioma/Te-gl_0236.jpg,0,0,glioma,glioma,0.6722458394392276,1,0.6722458394392276,0.30340992471899136,0.010336380134243012,0.014007855707538092
237,data/brain_tumor/Testing/glioma/Te-gl_0237.jpg,0,1,glioma,meningioma,0.6923330873961924,0,0.2883158860436963,0.6923330873961924,0.008313290596748065,0.011037735963363268
238,data/brain_tumor/Testing/glioma/Te-gl_0238.jpg,0,0,glioma,glioma,0.9582448262251343,1,0.9582448262251343,0.03456607553528126,0.004700507628861437,0.0024885906107229927
239,data/brain_tumor/Testing/glioma/Te-gl_0239.jpg,0,0,glioma,glioma,0.6127241516349008,1,0.6127241516349008,0.3549533042384796,0.023636716499262453,0.008685827627357161
240,data/brain_tumor/Testing/glioma/Te-gl_0240.jpg,0,0,glioma,glioma,0.9670584908817816,1,0.9670584908817816,0.020005851583983145,0.008655826262647623,0.0042798312715876426
241,data/brain_tumor/Testing/glioma/Te-gl_0241.jpg,0,0,glioma,glioma,0.9628363229001814,1,0.9628363229001814,0.013531966196647224,0.008015627457687358,0.015616083445484045
242,data/brain_tumor/Testing/glioma/Te-gl_0242.jpg,0,0,glioma,glioma,0.9418243731155618,1,0.9418243731155618,0.04909327173788975,0.0059481774276898755,0.003134177718858583
243,data/brain_tumor/Testing/glioma/Te-gl_0243.jpg,0,0,glioma,glioma,0.9742633283526644,1,0.9742633283526644,0.015124175975753437,0.007941701595530478,0.0026707940760517333
244,data/brain_tumor/Testing/glioma/Te-gl_0244.jpg,0,0,glioma,glioma,0.9623568721280215,1,0.9623568721280215,0.02291448802860329,0.0075878915906969335,0.007140748252678301
245,data/brain_tumor/Testing/glioma/Te-gl_0245.jpg,0,0,glioma,glioma,0.9798227953014162,1,0.9798227953014162,0.010640709452838732,0.007207074061642815,0.0023294211841022178
246,data/brain_tumor/Testing/glioma/Te-gl_0246.jpg,0,0,glioma,glioma,0.9470970688639943,1,0.9470970688639943,0.031994214326471954,0.018400718343962154,0.00250799846557164
247,data/brain_tumor/Testing/glioma/Te-gl_0247.jpg,0,0,glioma,glioma,0.6719147220371934,1,0.6719147220371934,0.3138600129784684,0.010918652082051894,0.00330661290228641
248,data/brain_tumor/Testing/glioma/Te-gl_0248.jpg,0,0,glioma,glioma,0.9630477159363856,1,0.9630477159363856,0.013244949842478619,0.009478958990081427,0.014228375231054372
249,data/brain_tumor/Testing/glioma/Te-gl_0249.jpg,0,0,glioma,glioma,0.9541813838482126,1,0.9541813838482126,0.026544202622090333,0.009332758827785276,0.009941654701911837
250,data/brain_tumor/Testing/glioma/Te-gl_0250.jpg,0,0,glioma,glioma,0.9698126772119696,1,0.9698126772119696,0.01302182283081277,0.00682170073898848,0.010343799218229123
251,data/brain_tumor/Testing/glioma/Te-gl_0251.jpg,0,0,glioma,glioma,0.929443413785975,1,0.929443413785975,0.014856316066218636,0.048799071188276234,0.0069011989595301505
252,data/brain_tumor/Testing/glioma/Te-gl_0252.jpg,0,0,glioma,glioma,0.6496245761338377,1,0.6496245761338377,0.33254995360668316,0.006833293674673165,0.010992176584806007
253,data/brain_tumor/Testing/glioma/Te-gl_0253.jpg,0,0,glioma,glioma,0.9242845971682535,1,0.9242845971682535,0.06705579305280301,0.004428992608438088,0.004230617170505407
254,data/brain_tumor/Testing/glioma/Te-gl_0254.jpg,0,0,glioma,glioma,0.9623721882832333,1,0.9623721882832333,0.02808535310695952,0.004956662370977238,0.0045857962388298765
255,data/brain_tumor/Testing/glioma/Te-gl_0255.jpg,0,0,glioma,glioma,0.813682719927516,1,0.813682719927516,0.17076386434934973,0.010035305294694779,0.005518110428439567
256,data/brain_tumor/Testing/glioma/Te-gl_0256.jpg,0,0,glioma,glioma,0.9777883951035503,1,0.9777883951035503,0.005022482047935365,0.012809375384511079,0.0043797474640032575
257,data/brain_tumor/Testing/glioma/Te-gl_0257.jpg,0,0,glioma,glioma,0.9706469530170153,1,0.9706469530170153,0.01534727922233144,0.007885886157938348,0.006119881602714952
258,data/brain_tumor/Testing/glioma/Te-gl_0258.jpg,0,0,glioma,glioma,0.8013717423939237,1,0.8013717423939237,0.1810440396655923,0.014118999052117125,0.0034652188883668987
259,data/brain_tumor/Testing/glioma/Te-gl_0259.jpg,0,1,glioma,meningioma,0.4285136807171294,0,0.40188309999424704,0.4285136807171294,0.1450886146547863,0.024514604633837245
260,data/brain_tumor/Testing/glioma/Te-gl_0260.jpg,0,0,glioma,glioma,0.9675349508483042,1,0.9675349508483042,0.023831644423721193,0.00522461142064696,0.0034087933073276844
261,data/brain_tumor/Testing/glioma/Te-gl_0261.jpg,0,0,glioma,glioma,0.5630170088535552,1,0.5630170088535552,0.4159862087518426,0.014196408866264457,0.006800373528337751
262,data/brain_tumor/Testing/glioma/Te-gl_0262.jpg,0,0,glioma,glioma,0.9746550501631636,1,0.9746550501631636,0.01889927090693979,0.003510685684311787,0.002934993245584818
263,data/brain_tumor/Testing/glioma/Te-gl_0263.jpg,0,0,glioma,glioma,0.5803971163562199,1,0.5803971163562199,0.4053394705751188,0.010349415016163837,0.003913998052497437
264,data/brain_tumor/Testing/glioma/Te-gl_0264.jpg,0,1,glioma,meningioma,0.8009206397851177,0,0.18949043068027796,0.8009206397851177,0.006079019306334791,0.0035099102282695406
265,data/brain_tumor/Testing/glioma/Te-gl_0265.jpg,0,1,glioma,meningioma,0.9018667684649466,0,0.07346424740928612,0.9018667684649466,0.011974314684930166,0.012694669440837062
266,data/brain_tumor/Testing/glioma/Te-gl_0266.jpg,0,0,glioma,glioma,0.9823487938959722,1,0.9823487938959722,0.007887960817674922,0.005176792042198935,0.0045864532441539626
267,data/brain_tumor/Testing/glioma/Te-gl_0267.jpg,0,0,glioma,glioma,0.8100570213965042,1,0.8100570213965042,0.1311676018545143,0.049575457826942455,0.009199918922039151
268,data/brain_tumor/Testing/glioma/Te-gl_0268.jpg,0,0,glioma,glioma,0.7931134215525364,1,0.7931134215525364,0.18050389243993759,0.012106863019618155,0.014275822987907888
269,data/brain_tumor/Testing/glioma/Te-gl_0269.jpg,0,0,glioma,glioma,0.9623263684364128,1,0.9623263684364128,0.022709473997818235,0.008058009409524353,0.00690614815624455
270,data/brain_tumor/Testing/glioma/Te-gl_0270.jpg,0,0,glioma,glioma,0.9761745268323488,1,0.9761745268323488,0.016721037014894705,0.004012446113018827,0.0030919900397376387
271,data/brain_tumor/Testing/glioma/Te-gl_0271.jpg,0,0,glioma,glioma,0.925722407283414,1,0.925722407283414,0.034479539359739894,0.00706382365342476,0.03273422970342129
272,data/brain_tumor/Testing/glioma/Te-gl_0272.jpg,0,0,glioma,glioma,0.9351109301116725,1,0.9351109301116725,0.021047215987172782,0.0051195696187003314,0.03872228428245442
273,data/brain_tumor/Testing/glioma/Te-gl_0273.jpg,0,0,glioma,glioma,0.9711038125727358,1,0.9711038125727358,0.013264923934310592,0.00668208422610838,0.008949179266845207
274,data/brain_tumor/Testing/glioma/Te-gl_0274.jpg,0,0,glioma,glioma,0.9710817183289777,1,0.9710817183289777,0.010103618566168922,0.008375766554485978,0.010438896550367362
275,data/brain_tumor/Testing/glioma/Te-gl_0275.jpg,0,0,glioma,glioma,0.8774043093278947,1,0.8774043093278947,0.11218581818822941,0.005121608479388413,0.005288264004487433
276,data/brain_tumor/Testing/glioma/Te-gl_0276.jpg,0,0,glioma,glioma,0.7597817821043457,1,0.7597817821043457,0.22285834079342898,0.006791550704044573,0.010568326398180759
277,data/brain_tumor/Testing/glioma/Te-gl_0277.jpg,0,0,glioma,glioma,0.8111204357660855,1,0.8111204357660855,0.1688160120584888,0.012484959099947752,0.007578593075477923
278,data/brain_tumor/Testing/glioma/Te-gl_0278.jpg,0,0,glioma,glioma,0.9297584871099698,1,0.9297584871099698,0.056805003227230824,0.004764611662222701,0.008671898000576736
279,data/brain_tumor/Testing/glioma/Te-gl_0279.jpg,0,0,glioma,glioma,0.9676165577522469,1,0.9676165577522469,0.01909970001305449,0.0037550760901416094,0.009528666144557019
280,data/brain_tumor/Testing/glioma/Te-gl_0280.jpg,0,0,glioma,glioma,0.9363152379116496,1,0.9363152379116496,0.031553027986400826,0.010653043412547563,0.02147869068940202
281,data/brain_tumor/Testing/glioma/Te-gl_0281.jpg,0,0,glioma,glioma,0.9518260335290596,1,0.9518260335290596,0.02441874732327432,0.009852314656915119,0.013902904490750921
282,data/brain_tumor/Testing/glioma/Te-gl_0282.jpg,0,0,glioma,glioma,0.9811134000297674,1,0.9811134000297674,0.010878151839141158,0.0064094939854449804,0.0015989541456463716
283,data/brain_tumor/Testing/glioma/Te-gl_0283.jpg,0,0,glioma,glioma,0.8815464059264183,1,0.8815464059264183,0.10795056430335681,0.008422225409782273,0.0020808043604426374
284,data/brain_tumor/Testing/glioma/Te-gl_0284.jpg,0,0,glioma,glioma,0.9628253875051046,1,0.9628253875051046,0.01208692826225295,0.013796624220245145,0.011291060012397339
285,data/brain_tumor/Testing/glioma/Te-gl_0285.jpg,0,0,glioma,glioma,0.9282178906441421,1,0.9282178906441421,0.05983136972979404,0.008669641269343985,0.003281098356719858
286,data/brain_tumor/Testing/glioma/Te-gl_0286.jpg,0,0,glioma,glioma,0.9686438829188113,1,0.9686438829188113,0.011550380379582156,0.009256047567362008,0.010549689134244465
287,data/brain_tumor/Testing/glioma/Te-gl_0287.jpg,0,0,glioma,glioma,0.9693851985740785,1,0.9693851985740785,0.007987142473567015,0.013801281224739243,0.008826377727615275
288,data/brain_tumor/Testing/glioma/Te-gl_0288.jpg,0,0,glioma,glioma,0.9484349758798514,1,0.9484349758798514,0.03183612890536024,0.010265344759452889,0.009463550455335475
289,data/brain_tumor/Testing/glioma/Te-gl_0289.jpg,0,0,glioma,glioma,0.9742817423868846,1,0.9742817423868846,0.009463323064981958,0.002413653718409468,0.013841280829723987
290,data/brain_tumor/Testing/glioma/Te-gl_0290.jpg,0,0,glioma,glioma,0.9839605345404521,1,0.9839605345404521,0.010959989939816648,0.002038011489039817,0.0030414640306915147
291,data/brain_tumor/Testing/glioma/Te-gl_0291.jpg,0,0,glioma,glioma,0.9311288098878985,1,0.9311288098878985,0.047576215627721026,0.007618223864221549,0.013676750620158978
292,data/brain_tumor/Testing/glioma/Te-gl_0292.jpg,0,0,glioma,glioma,0.9890001268130555,1,0.9890001268130555,0.00542682894542477,0.002397507104242888,0.0031755371372768158
293,data/brain_tumor/Testing/glioma/Te-gl_0293.jpg,0,0,glioma,glioma,0.9783435236116982,1,0.9783435236116982,0.009333545124774214,0.007662605781513131,0.004660325482014439
294,data/brain_tumor/Testing/glioma/Te-gl_0294.jpg,0,0,glioma,glioma,0.978941619508598,1,0.978941619508598,0.0038804698308657613,0.0056669892474895305,0.011510921413046635
295,data/brain_tumor/Testing/glioma/Te-gl_0295.jpg,0,0,glioma,glioma,0.8360903792587535,1,0.8360903792587535,0.11617659768090458,0.03437186622739481,0.013361156832947084
296,data/brain_tumor/Testing/glioma/Te-gl_0296.jpg,0,0,glioma,glioma,0.9764971232537365,1,0.9764971232537365,0.007545431683982753,0.0048698895155767355,0.01108755554670406
297,data/brain_tumor/Testing/glioma/Te-gl_0297.jpg,0,0,glioma,glioma,0.9631138560552897,1,0.9631138560552897,0.013781871813502473,0.010370893529450163,0.012733378601757737
298,data/brain_tumor/Testing/glioma/Te-gl_0298.jpg,0,0,glioma,glioma,0.9741197089630212,1,0.9741197089630212,0.005787550966449428,0.009561903984738307,0.010530836085791027
299,data/brain_tumor/Testing/glioma/Te-gl_0299.jpg,0,0,glioma,glioma,0.8850731918172126,1,0.8850731918172126,0.011421764520003526,0.015084963324072163,0.08842008033871172
300,data/brain_tumor/Testing/meningioma/Te-meTr_0000.jpg,1,1,meningioma,meningioma,0.9605447456468954,1,0.006642591020946015,0.9605447456468954,0.02943700861620287,0.003375654715955688
301,data/brain_tumor/Testing/meningioma/Te-meTr_0001.jpg,1,1,meningioma,meningioma,0.908708327681408,1,0.031562102947768275,0.908708327681408,0.04420781022411961,0.015521759146704176
302,data/brain_tumor/Testing/meningioma/Te-meTr_0002.jpg,1,1,meningioma,meningioma,0.6899353137251862,1,0.01677407665598995,0.6899353137251862,0.18485694779349587,0.10843366182532792
303,data/brain_tumor/Testing/meningioma/Te-meTr_0003.jpg,1,1,meningioma,meningioma,0.8825416975906909,1,0.008136975026548608,0.8825416975906909,0.07567927593734469,0.03364205144541578
304,data/brain_tumor/Testing/meningioma/Te-meTr_0004.jpg,1,1,meningioma,meningioma,0.9372777514908855,1,0.007871501792866883,0.9372777514908855,0.042201466591776406,0.012649280124471198
305,data/brain_tumor/Testing/meningioma/Te-meTr_0005.jpg,1,1,meningioma,meningioma,0.940971314907074,1,0.006158300209790468,0.940971314907074,0.04585137590765953,0.0070190089754760265
306,data/brain_tumor/Testing/meningioma/Te-meTr_0006.jpg,1,1,meningioma,meningioma,0.887380633134227,1,0.015757167242253803,0.887380633134227,0.0854248081021068,0.011437391521412387
307,data/brain_tumor/Testing/meningioma/Te-meTr_0007.jpg,1,1,meningioma,meningioma,0.8969366684099536,1,0.06758458268023405,0.8969366684099536,0.024747528504543433,0.010731220405268973
308,data/brain_tumor/Testing/meningioma/Te-meTr_0008.jpg,1,1,meningioma,meningioma,0.9515440191595685,1,0.01840527001422228,0.9515440191595685,0.023588876880975503,0.006461833945233629
309,data/brain_tumor/Testing/meningioma/Te-meTr_0009.jpg,1,1,meningioma,meningioma,0.914950937097751,1,0.008204707746854344,0.914950937097751,0.07219525387557378,0.004649101279820906
310,data/brain_tumor/Testing/meningioma/Te-me_0010.jpg,1,1,meningioma,meningioma,0.9537243513499671,1,0.011343300659487974,0.9537243513499671,0.01915498690181375,0.015777361088731172
311,data/brain_tumor/Testing/meningioma/Te-me_0011.jpg,1,1,meningioma,meningioma,0.9580717750666257,1,0.006222672961599386,0.9580717750666257,0.02515662725108207,0.0105489247206929
312,data/brain_tumor/Testing/meningioma/Te-me_0012.jpg,1,1,meningioma,meningioma,0.9385534795887376,1,0.01314044129788287,0.9385534795887376,0.02838851593438908,0.019917563178990464
313,data/brain_tumor/Testing/meningioma/Te-me_0013.jpg,1,1,meningioma,meningioma,0.89777395768308,1,0.029489291062857817,0.89777395768308,0.02073544396032353,0.052001307293738606
314,data/brain_tumor/Testing/meningioma/Te-me_0014.jpg,1,1,meningioma,meningioma,0.9554668024393413,1,0.010942504690296461,0.9554668024393413,0.026377718772842926,0.007212974097519302
315,data/brain_tumor/Testing/meningioma/Te-me_0015.jpg,1,1,meningioma,meningioma,0.9787886575943271,1,0.0031890123938347384,0.9787886575943271,0.01179409308185964,0.0062282369299785
316,data/brain_tumor/Testing/meningioma/Te-me_0016.jpg,1,1,meningioma,meningioma,0.9654275289428546,1,0.010459920796718706,0.9654275289428546,0.015785095419366704,0.00832745484106004
317,data/brain_tumor/Testing/meningioma/Te-me_0017.jpg,1,1,meningioma,meningioma,0.9326140394188592,1,0.007750846972644859,0.9326140394188592,0.04728305465741916,0.01235205895107677
318,data/brain_tumor/Testing/meningioma/Te-me_0018.jpg,1,1,meningioma,meningioma,0.9328271069000341,1,0.013197588706936762,0.9328271069000341,0.03185679904666699,0.022118505346362092
319,data/brain_tumor/Testing/meningioma/Te-me_0019.jpg,1,1,meningioma,meningioma,0.9125901809113076,1,0.012569847996685438,0.9125901809113076,0.045923681820622606,0.028916289271384347
320,data/brain_tumor/Testing/meningioma/Te-me_0020.jpg,1,1,meningioma,meningioma,0.9728769299525769,1,0.006648834490095914,0.9728769299525769,0.014459896251519493,0.0060143393058076705
321,data/brain_tumor/Testing/meningioma/Te-me_0021.jpg,1,1,meningioma,meningioma,0.9833934056787762,1,0.008133028919828908,0.9833934056787762,0.004872867077543151,0.003600698323851788
322,data/brain_tumor/Testing/meningioma/Te-me_0022.jpg,1,1,meningioma,meningioma,0.8332117603412006,1,0.05209066598556436,0.8332117603412006,0.09784486618631803,0.016852707486917067
323,data/brain_tumor/Testing/meningioma/Te-me_0023.jpg,1,1,meningioma,meningioma,0.9276815549170797,1,0.01017849322208956,0.9276815549170797,0.04412157784266497,0.01801837401816576
324,data/brain_tumor/Testing/meningioma/Te-me_0024.jpg,1,1,meningioma,meningioma,0.9741854093808427,1,0.002434164375103175,0.9741854093808427,0.01840658191198827,0.004973844332065756
325,data/brain_tumor/Testing/meningioma/Te-me_0025.jpg,1,1,meningioma,meningioma,0.9780679090079838,1,0.006531146650321683,0.9780679090079838,0.011228119661670782,0.004172824680023742
326,data/brain_tumor/Testing/meningioma/Te-me_0026.jpg,1,1,meningioma,meningioma,0.9683753216767008,1,0.011978247353362557,0.9683753216767008,0.01353874341797825,0.006107687551958367
327,data/brain_tumor/Testing/meningioma/Te-me_0027.jpg,1,1,meningioma,meningioma,0.964404300795832,1,0.008518827814219088,0.964404300795832,0.01297204577331603,0.014104825616632916
328,data/brain_tumor/Testing/meningioma/Te-me_0028.jpg,1,1,meningioma,meningioma,0.9512527301534197,1,0.009856742512978836,0.9512527301534197,0.026317731624313247,0.012572795709288247
329,data/brain_tumor/Testing/meningioma/Te-me_0029.jpg,1,1,meningioma,meningioma,0.9456291383674479,1,0.0068672188969437,0.9456291383674479,0.03889327944885834,0.008610363286750045
330,data/brain_tumor/Testing/meningioma/Te-me_0030.jpg,1,1,meningioma,meningioma,0.7633873522861571,1,0.01576475674483905,0.7633873522861571,0.20863588970406668,0.012212001264937272
331,data/brain_tumor/Testing/meningioma/Te-me_0031.jpg,1,1,meningioma,meningioma,0.9537243513499671,1,0.011343300659487974,0.9537243513499671,0.01915498690181375,0.015777361088731172
332,data/brain_tumor/Testing/meningioma/Te-me_0032.jpg,1,1,meningioma,meningioma,0.8345669072719786,1,0.021406425909362873,0.8345669072719786,0.11129147724032148,0.03273518957833702
333,data/brain_tumor/Testing/meningioma/Te-me_0033.jpg,1,1,meningioma,meningioma,0.9745857571915358,1,0.007847668938725239,0.9745857571915358,0.012646348187069058,0.0049202256826698845
334,data/brain_tumor/Testing/meningioma/Te-me_0034.jpg,1,1,meningioma,meningioma,0.9710723405880418,1,0.004554181008565135,0.9710723405880418,0.019237341842994308,0.005136136560398794
335,data/brain_tumor/Testing/meningioma/Te-me_0035.jpg,1,1,meningioma,meningioma,0.9512918319305409,1,0.014518026800112216,0.9512918319305409,0.023653732316507244,0.010536408952839601
336,data/brain_tumor/Testing/meningioma/Te-me_0036.jpg,1,1,meningioma,meningioma,0.9785094090578109,1,0.006158640125677362,0.9785094090578109,0.014047987589811016,0.0012839632267007545
337,data/brain_tumor/Testing/meningioma/Te-me_0037.jpg,1,1,meningioma,meningioma,0.9293556813753003,1,0.028860874487488006,0.9293556813753003,0.03713442759454922,0.004649016542662409
338,data/brain_tumor/Testing/meningioma/Te-me_0038.jpg,1,1,meningioma,meningioma,0.945682616660517,1,0.02021912238838904,0.945682616660517,0.025195830682044305,0.008902430269049697
339,data/brain_tumor/Testing/meningioma/Te-me_0039.jpg,1,1,meningioma,meningioma,0.9514293732680432,1,0.003183913437917264,0.9514293732680432,0.0337145181708053,0.011672195123234173
340,data/brain_tumor/Testing/meningioma/Te-me_0040.jpg,1,1,meningioma,meningioma,0.9506556444838027,1,0.026845291406914357,0.9506556444838027,0.017530839988202825,0.004968224121080101
341,data/brain_tumor/Testing/meningioma/Te-me_0041.jpg,1,1,meningioma,meningioma,0.9650467274693129,1,0.010143097112212437,0.9650467274693129,0.016662777712092635,0.008147397706382063
342,data/brain_tumor/Testing/meningioma/Te-me_0042.jpg,1,1,meningioma,meningioma,0.9663842111402388,1,0.011836129714691617,0.9663842111402388,0.007686075130944355,0.014093584014125273
343,data/brain_tumor/Testing/meningioma/Te-me_0043.jpg,1,1,meningioma,meningioma,0.9677331826135457,1,0.00835345066231203,0.9677331826135457,0.011136639367545819,0.01277672735659643
344,data/brain_tumor/Testing/meningioma/Te-me_0044.jpg,1,1,meningioma,meningioma,0.9649055137367603,1,0.004923740165706148,0.9649055137367603,0.023621271162763736,0.006549474934769832
345,data/brain_tumor/Testing/meningioma/Te-me_0045.jpg,1,1,meningioma,meningioma,0.44737323618635644,1,0.03761959406413592,0.44737323618635644,0.4393027971762851,0.07570437257322253
346,data/brain_tumor/Testing/meningioma/Te-me_0046.jpg,1,1,meningioma,meningioma,0.7986771822369938,1,0.039199805581575466,0.7986771822369938,0.07037745951481285,0.09174555266661785
347,data/brain_tumor/Testing/meningioma/Te-me_0047.jpg,1,1,meningioma,meningioma,0.9249070571008444,1,0.042191003814621944,0.9249070571008444,0.02625198556698442,0.006649953517549174
348,data/brain_tumor/Testing/meningioma/Te-me_0048.jpg,1,1,meningioma,meningioma,0.925351513297788,1,0.005680053007904862,0.925351513297788,0.02276092759512171,0.046207506099185454
349,data/brain_tumor/Testing/meningioma/Te-me_0049.jpg,1,1,meningioma,meningioma,0.8719154393320102,1,0.027870408541746237,0.8719154393320102,0.08700421995007852,0.013209932176165
350,data/brain_tumor/Testing/meningioma/Te-me_0050.jpg,1,1,meningioma,meningioma,0.9675135088526718,1,0.007139121235453495,0.9675135088526718,0.010870953171483823,0.014476416740390782
351,data/brain_tumor/Testing/meningioma/Te-me_0051.jpg,1,1,meningioma,meningioma,0.961946999679721,1,0.0038248737312186597,0.961946999679721,0.01655168417199005,0.01767644241707032
352,data/brain_tumor/Testing/meningioma/Te-me_0052.jpg,1,1,meningioma,meningioma,0.9563510978357825,1,0.008997312713424441,0.9563510978357825,0.01382962143484644,0.020821968015946567
353,data/brain_tumor/Testing/meningioma/Te-me_0053.jpg,1,1,meningioma,meningioma,0.9760177462702979,1,0.009128389254791675,0.9760177462702979,0.010710648620113125,0.0041432158547972985
354,data/brain_tumor/Testing/meningioma/Te-me_0054.jpg,1,1,meningioma,meningioma,0.9675235400040609,1,0.01103981705717274,0.9675235400040609,0.007462387629985493,0.013974255308780839
355,data/brain_tumor/Testing/meningioma/Te-me_0055.jpg,1,1,meningioma,meningioma,0.9688539829838494,1,0.0077861326563179265,0.9688539829838494,0.0113933220600333,0.0119665622997994
356,data/brain_tumor/Testing/meningioma/Te-me_0056.jpg,1,1,meningioma,meningioma,0.9759715535779926,1,0.005171090542646451,0.9759715535779926,0.011059154206131312,0.0077982016732296554
357,data/brain_tumor/Testing/meningioma/Te-me_0057.jpg,1,1,meningioma,meningioma,0.9577499859980304,1,0.011318583315502076,0.9577499859980304,0.024548885075627837,0.006382545610839674
358,data/brain_tumor/Testing/meningioma/Te-me_0058.jpg,1,1,meningioma,meningioma,0.9245366206349909,1,0.02731201362183566,0.9245366206349909,0.03447187749832496,0.013679488244848468
359,data/brain_tumor/Testing/meningioma/Te-me_0059.jpg,1,2,meningioma,notumor,0.452660131571364,0,0.13819168147689934,0.36986654032369787,0.452660131571364,0.03928164662803886
360,data/brain_tumor/Testing/meningioma/Te-me_0060.jpg,1,1,meningioma,meningioma,0.9548120303024867,1,0.01069697250115369,0.9548120303024867,0.015028715757064758,0.01946228143929486
361,data/brain_tumor/Testing/meningioma/Te-me_0061.jpg,1,1,meningioma,meningioma,0.9575212495294452,1,0.013703175673646368,0.9575212495294452,0.02524598102054672,0.0035295937763617107
362,data/brain_tumor/Testing/meningioma/Te-me_0062.jpg,1,1,meningioma,meningioma,0.908690469866131,1,0.010129858267965808,0.908690469866131,0.06616018404438234,0.015019487821520874
363,data/brain_tumor/Testing/meningioma/Te-me_0063.jpg,1,1,meningioma,meningioma,0.9600393664832484,1,0.012527651944820003,0.9600393664832484,0.019421668506171535,0.008011313065760065
364,data/brain_tumor/Testing/meningioma/Te-me_0064.jpg,1,1,meningioma,meningioma,0.7237688087293861,1,0.09571376157660003,0.7237688087293861,0.10960516006931185,0.07091226962470205
365,data/brain_tumor/Testing/meningioma/Te-me_0065.jpg,1,1,meningioma,meningioma,0.9758736717280537,1,0.0040083663535379925,0.9758736717280537,0.01864825418579888,0.0014697077326094544
366,data/brain_tumor/Testing/meningioma/Te-me_0066.jpg,1,1,meningioma,meningioma,0.9902831719488733,1,0.0043718034320198,0.9902831719488733,0.002662833655717757,0.0026821909633892166
367,data/brain_tumor/Testing/meningioma/Te-me_0067.jpg,1,1,meningioma,meningioma,0.9455953324653575,1,0.013922274183012248,0.9455953324653575,0.03764540600414166,0.0028369873474885453
368,data/brain_tumor/Testing/meningioma/Te-me_0068.jpg,1,1,meningioma,meningioma,0.9688382952846152,1,0.011885099568349046,0.9688382952846152,0.013379400060219501,0.005897205086816271
369,data/brain_tumor/Testing/meningioma/Te-me_0069.jpg,1,1,meningioma,meningioma,0.8241012774270162,1,0.008297682222030396,0.8241012774270162,0.1487981882230578,0.018802852127895606
370,data/brain_tumor/Testing/meningioma/Te-me_0070.jpg,1,1,meningioma,meningioma,0.9087481038085834,1,0.009785160568135389,0.9087481038085834,0.03547751583870524,0.04598921978457599
371,data/brain_tumor/Testing/meningioma/Te-me_0071.jpg,1,1,meningioma,meningioma,0.9536526422715147,1,0.018300618972705886,0.9536526422715147,0.020442571268918408,0.007604167486861032
372,data/brain_tumor/Testing/meningioma/Te-me_0072.jpg,1,1,meningioma,meningioma,0.9487715906140284,1,0.006014986017624408,0.9487715906140284,0.031009910368147854,0.01420351300019938
373,data/brain_tumor/Testing/meningioma/Te-me_0073.jpg,1,1,meningioma,meningioma,0.9536526422715147,1,0.018300618972705886,0.9536526422715147,0.020442571268918408,0.007604167486861032
374,data/brain_tumor/Testing/meningioma/Te-me_0074.jpg,1,1,meningioma,meningioma,0.95308704204904,1,0.015662295911569524,0.95308704204904,0.023740599186175403,0.007510062853215004
375,data/brain_tumor/Testing/meningioma/Te-me_0075.jpg,1,1,meningioma,meningioma,0.9658285136545358,1,0.014843813701734905,0.9658285136545358,0.013795532870591258,0.005532139773138078
376,data/brain_tumor/Testing/meningioma/Te-me_0076.jpg,1,1,meningioma,meningioma,0.946624525375311,1,0.011150059383688992,0.946624525375311,0.026415739429874026,0.015809675811125974
377,data/brain_tumor/Testing/meningioma/Te-me_0077.jpg,1,1,meningioma,meningioma,0.9587610560401746,1,0.008005692787585074,0.9587610560401746,0.014785186690533634,0.018448064481706748
378,data/brain_tumor/Testing/meningioma/Te-me_0078.jpg,1,1,meningioma,meningioma,0.962712789377385,1,0.010933879365752176,0.962712789377385,0.018303732654223616,0.00804959860263919
379,data/brain_tumor/Testing/meningioma/Te-me_0079.jpg,1,1,meningioma,meningioma,0.9452784296531085,1,0.011105808936675855,0.9452784296531085,0.035104895532782454,0.008510865877433214
380,data/brain_tumor/Testing/meningioma/Te-me_0080.jpg,1,1,meningioma,meningioma,0.8974161454233235,1,0.01992334228765752,0.8974161454233235,0.06254377343725415,0.020116738851764876
381,data/brain_tumor/Testing/meningioma/Te-me_0081.jpg,1,1,meningioma,meningioma,0.9782951304815974,1,0.006077011751145655,0.9782951304815974,0.013261065342048727,0.0023667924252082128
382,data/brain_tumor/Testing/meningioma/Te-me_0082.jpg,1,1,meningioma,meningioma,0.9539484346934233,1,0.009644920299957189,0.9539484346934233,0.027120290393437614,0.009286354613181969
383,data/brain_tumor/Testing/meningioma/Te-me_0083.jpg,1,1,meningioma,meningioma,0.8425820795513282,1,0.01028300395863565,0.8425820795513282,0.14060351795986853,0.006531398530167563
384,data/brain_tumor/Testing/meningioma/Te-me_0084.jpg,1,1,meningioma,meningioma,0.9874558128067092,1,0.0012359645514709282,0.9874558128067092,0.0041289561018372474,0.007179266539982594
385,data/brain_tumor/Testing/meningioma/Te-me_0085.jpg,1,1,meningioma,meningioma,0.8880163836412158,1,0.009975313664218754,0.8880163836412158,0.08668027468708667,0.0153280280074788
386,data/brain_tumor/Testing/meningioma/Te-me_0086.jpg,1,1,meningioma,meningioma,0.9708716720162122,1,0.013751115438627634,0.9708716720162122,0.0058588584916003375,0.009518354053559861
387,data/brain_tumor/Testing/meningioma/Te-me_0087.jpg,1,1,meningioma,meningioma,0.952076327603197,1,0.010007759052869875,0.952076327603197,0.021653891383381436,0.016262021960551678
388,data/brain_tumor/Testing/meningioma/Te-me_0088.jpg,1,1,meningioma,meningioma,0.9427248739966357,1,0.013259389210292311,0.9427248739966357,0.029742723047114176,0.014273013745957784
389,data/brain_tumor/Testing/meningioma/Te-me_0089.jpg,1,1,meningioma,meningioma,0.9774246108860344,1,0.008383492847433276,0.9774246108860344,0.010822870650171554,0.003369025616360781
390,data/brain_tumor/Testing/meningioma/Te-me_0090.jpg,1,1,meningioma,meningioma,0.9599851268540697,1,0.007416513209708007,0.9599851268540697,0.027410577854118243,0.005187782082104122
391,data/brain_tumor/Testing/meningioma/Te-me_0091.jpg,1,1,meningioma,meningioma,0.9324415609539521,1,0.008045656336803335,0.9324415609539521,0.04452221691347676,0.01499056579576771
392,data/brain_tumor/Testing/meningioma/Te-me_0092.jpg,1,1,meningioma,meningioma,0.8490785312890343,1,0.02625044979387643,0.8490785312890343,0.023351073134591394,0.10131994578249783
393,data/brain_tumor/Testing/meningioma/Te-me_0093.jpg,1,1,meningioma,meningioma,0.9323366168405837,1,0.008720519286503473,0.9323366168405837,0.04585371188819001,0.013089151984722854
394,data/brain_tumor/Testing/meningioma/Te-me_0094.jpg,1,1,meningioma,meningioma,0.9532056734921239,1,0.01641347494463548,0.9532056734921239,0.0205592854487683,0.009821566114472333
395,data/brain_tumor/Testing/meningioma/Te-me_0095.jpg,1,1,meningioma,meningioma,0.9596172913534712,1,0.01078557421684758,0.9596172913534712,0.02246027845733728,0.007136855972343942
396,data/brain_tumor/Testing/meningioma/Te-me_0096.jpg,1,1,meningioma,meningioma,0.9562538131952167,1,0.013406042848438477,0.9562538131952167,0.013781160926394913,0.016558983029949844
397,data/brain_tumor/Testing/meningioma/Te-me_0097.jpg,1,1,meningioma,meningioma,0.9662749243396457,1,0.0037099467827599016,0.9662749243396457,0.020744267422949762,0.009270861454644671
398,data/brain_tumor/Testing/meningioma/Te-me_0098.jpg,1,1,meningioma,meningioma,0.9202588397692454,1,0.01848419795291177,0.9202588397692454,0.04632638121536632,0.01493058106247649
399,data/brain_tumor/Testing/meningioma/Te-me_0099.jpg,1,1,meningioma,meningioma,0.8588147435164076,1,0.012416459012018334,0.8588147435164076,0.12345047052425896,0.005318326947315106
400,data/brain_tumor/Testing/meningioma/Te-me_0100.jpg,1,1,meningioma,meningioma,0.9782073136315107,1,0.002786706501392361,0.9782073136315107,0.016303554568268853,0.0027024252988281207
401,data/brain_tumor/Testing/meningioma/Te-me_0101.jpg,1,1,meningioma,meningioma,0.9401397469329872,1,0.02097812295619242,0.9401397469329872,0.028151990217679116,0.010730139893141305
402,data/brain_tumor/Testing/meningioma/Te-me_0102.jpg,1,1,meningioma,meningioma,0.9332110737701653,1,0.020873005581457438,0.9332110737701653,0.03947459352452202,0.00644132712385525
403,data/brain_tumor/Testing/meningioma/Te-me_0103.jpg,1,1,meningioma,meningioma,0.949215526045027,1,0.008234065911355991,0.949215526045027,0.027538627232209067,0.015011780811407896
404,data/brain_tumor/Testing/meningioma/Te-me_0104.jpg,1,1,meningioma,meningioma,0.9804607700775431,1,0.005486184437334905,0.9804607700775431,0.0094661605131773,0.004586884971944721
405,data/brain_tumor/Testing/meningioma/Te-me_0105.jpg,1,1,meningioma,meningioma,0.9548875177734486,1,0.007190611725749259,0.9548875177734486,0.033111824219165885,0.004810046281636265
406,data/brain_tumor/Testing/meningioma/Te-me_0106.jpg,1,1,meningioma,meningioma,0.7524018954204934,1,0.017742964131084914,0.7524018954204934,0.21696995173325168,0.012885188715169995
407,data/brain_tumor/Testing/meningioma/Te-me_0107.jpg,1,1,meningioma,meningioma,0.9286550802358471,1,0.009109339254498812,0.9286550802358471,0.05375678765159776,0.008478792858056325
408,data/brain_tumor/Testing/meningioma/Te-me_0108.jpg,1,1,meningioma,meningioma,0.9012582998764133,1,0.010242259921606232,0.9012582998764133,0.07905479386593019,0.009444646336050374
409,data/brain_tumor/Testing/meningioma/Te-me_0109.jpg,1,1,meningioma,meningioma,0.968469965202413,1,0.014017863954192807,0.968469965202413,0.010429547968507839,0.0070826228748863485
410,data/brain_tumor/Testing/meningioma/Te-me_0110.jpg,1,1,meningioma,meningioma,0.8917352619469301,1,0.005435403940049493,0.8917352619469301,0.05064205488172864,0.052187279231291815
411,data/brain_tumor/Testing/meningioma/Te-me_0111.jpg,1,2,meningioma,notumor,0.9125078915390674,0,0.02947300864673276,0.031632555848247285,0.9125078915390674,0.026386543965952542
412,data/brain_tumor/Testing/meningioma/Te-me_0112.jpg,1,1,meningioma,meningioma,0.9738475841337765,1,0.0061952477413841035,0.9738475841337765,0.016976218951240078,0.00298094917359934
413,data/brain_tumor/Testing/meningioma/Te-me_0113.jpg,1,1,meningioma,meningioma,0.9718796140162834,1,0.0054113573568029495,0.9718796140162834,0.017753041420915952,0.004955987205997729
414,data/brain_tumor/Testing/meningioma/Te-me_0114.jpg,1,1,meningioma,meningioma,0.9531792010395989,1,0.021420633879187124,0.9531792010395989,0.021077419151347726,0.004322745929866243
415,data/brain_tumor/Testing/meningioma/Te-me_0115.jpg,1,1,meningioma,meningioma,0.9699874574325537,1,0.005116951365939265,0.9699874574325537,0.008376192764778094,0.016519398436728953
416,data/brain_tumor/Testing/meningioma/Te-me_0116.jpg,1,1,meningioma,meningioma,0.9444394916711956,1,0.01649008251208474,0.9444394916711956,0.023458191163688514,0.01561223465303115
417,data/brain_tumor/Testing/meningioma/Te-me_0117.jpg,1,1,meningioma,meningioma,0.9664272004917309,1,0.01950922901839438,0.9664272004917309,0.007389876000585671,0.006673694489289052
418,data/brain_tumor/Testing/meningioma/Te-me_0118.jpg,1,1,meningioma,meningioma,0.9865960253767965,1,0.005075694559343953,0.9865960253767965,0.0022395667486958207,0.00608871331516381
419,data/brain_tumor/Testing/meningioma/Te-me_0119.jpg,1,1,meningioma,meningioma,0.977427160933961,1,0.006997881714642353,0.977427160933961,0.008898264124506556,0.006676693226890063
420,data/brain_tumor/Testing/meningioma/Te-me_0120.jpg,1,1,meningioma,meningioma,0.9370356333027915,1,0.04051994961481471,0.9370356333027915,0.009102276653548843,0.01334214042884494
421,data/brain_tumor/Testing/meningioma/Te-me_0121.jpg,1,1,meningioma,meningioma,0.955284731602678,1,0.013846337108947714,0.955284731602678,0.014213610692004304,0.01665532059637
422,data/brain_tumor/Testing/meningioma/Te-me_0122.jpg,1,1,meningioma,meningioma,0.9468652207570801,1,0.02717609186270113,0.9468652207570801,0.011830832869536205,0.014127854510682547
423,data/brain_tumor/Testing/meningioma/Te-me_0123.jpg,1,1,meningioma,meningioma,0.9686076478037676,1,0.007258369911836233,0.9686076478037676,0.009380205022403823,0.014753777261992273
424,data/brain_tumor/Testing/meningioma/Te-me_0124.jpg,1,1,meningioma,meningioma,0.9557554939579139,1,0.02985265174066862,0.9557554939579139,0.006502050183399457,0.007889804118017969
425,data/brain_tumor/Testing/meningioma/Te-me_0125.jpg,1,1,meningioma,meningioma,0.9819253136682906,1,0.008929415109071366,0.9819253136682906,0.0034061819747841235,0.005739089247853884
426,data/brain_tumor/Testing/meningioma/Te-me_0126.jpg,1,1,meningioma,meningioma,0.9507054170187086,1,0.028230471773142224,0.9507054170187086,0.014119409143062945,0.006944702065086289
427,data/brain_tumor/Testing/meningioma/Te-me_0127.jpg,1,1,meningioma,meningioma,0.9688822111731077,1,0.005622726326533104,0.9688822111731077,0.010189311359262421,0.015305751141096778
428,data/brain_tumor/Testing/meningioma/Te-me_0128.jpg,1,1,meningioma,meningioma,0.9854345424902985,1,0.003988184076610088,0.9854345424902985,0.0031057822377793956,0.007471491195312027
429,data/brain_tumor/Testing/meningioma/Te-me_0129.jpg,1,1,meningioma,meningioma,0.978036109731684,1,0.006022598154006239,0.978036109731684,0.007757219518448681,0.008184072595861113
430,data/brain_tumor/Testing/meningioma/Te-me_0130.jpg,1,1,meningioma,meningioma,0.9795010371850569,1,0.01350791314629525,0.9795010371850569,0.003502808592417582,0.0034882410762302613
431,data/brain_tumor/Testing/meningioma/Te-me_0131.jpg,1,1,meningioma,meningioma,0.9646126211548712,1,0.015633544244496977,0.9646126211548712,0.005764619554665304,0.013989215045966489
432,data/brain_tumor/Testing/meningioma/Te-me_0132.jpg,1,1,meningioma,meningioma,0.9797188948270444,1,0.005960240785267591,0.9797188948270444,0.006616461827961218,0.007704402559726796
433,data/brain_tumor/Testing/meningioma/Te-me_0133.jpg,1,1,meningioma,meningioma,0.9363378943450426,1,0.03387029118565101,0.9363378943450426,0.01645264599022318,0.013339168479083273
434,data/brain_tumor/Testing/meningioma/Te-me_0134.jpg,1,1,meningioma,meningioma,0.9792365465008855,1,0.010965935659268462,0.9792365465008855,0.005437171436068443,0.004360346403777508
435,data/brain_tumor/Testing/meningioma/Te-me_0135.jpg,1,1,meningioma,meningioma,0.977838203641203,1,0.0072959553294486505,0.977838203641203,0.007280004102289616,0.007585836927058743
436,data/brain_tumor/Testing/meningioma/Te-me_0136.jpg,1,1,meningioma,meningioma,0.9463733392783634,1,0.02288596982752817,0.9463733392783634,0.007653855251919581,0.023086835642188837
437,data/brain_tumor/Testing/meningioma/Te-me_0137.jpg,1,1,meningioma,meningioma,0.9537956230511316,1,0.0325033573699808,0.9537956230511316,0.003596719637493398,0.010104299941394156
438,data/brain_tumor/Testing/meningioma/Te-me_0138.jpg,1,1,meningioma,meningioma,0.9761963072455732,1,0.00976680982423592,0.9761963072455732,0.004444103770779516,0.0095927791594114
439,data/brain_tumor/Testing/meningioma/Te-me_0139.jpg,1,1,meningioma,meningioma,0.9758076823068107,1,0.00892264076252647,0.9758076823068107,0.009220847443480881,0.006048829487181985
440,data/brain_tumor/Testing/meningioma/Te-me_0140.jpg,1,1,meningioma,meningioma,0.6899353137251862,1,0.01677407665598995,0.6899353137251862,0.18485694779349587,0.10843366182532792
441,data/brain_tumor/Testing/meningioma/Te-me_0141.jpg,1,1,meningioma,meningioma,0.9806931490432991,1,0.010898751999721401,0.9806931490432991,0.0016992311941906577,0.006708867762788829
442,data/brain_tumor/Testing/meningioma/Te-me_0142.jpg,1,1,meningioma,meningioma,0.9078829880301454,1,0.08286173637823122,0.9078829880301454,0.005666362584723922,0.0035889130068994532
443,data/brain_tumor/Testing/meningioma/Te-me_0143.jpg,1,1,meningioma,meningioma,0.7524018954204934,1,0.017742964131084914,0.7524018954204934,0.21696995173325168,0.012885188715169995
444,data/brain_tumor/Testing/meningioma/Te-me_0144.jpg,1,1,meningioma,meningioma,0.9425606297464382,1,0.02292080864019727,0.9425606297464382,0.022699269361547942,0.011819292251816653
445,data/brain_tumor/Testing/meningioma/Te-me_0145.jpg,1,1,meningioma,meningioma,0.8917352619469301,1,0.005435403940049493,0.8917352619469301,0.05064205488172864,0.052187279231291815
446,data/brain_tumor/Testing/meningioma/Te-me_0146.jpg,1,1,meningioma,meningioma,0.9462263866134402,1,0.026193654945303648,0.9462263866134402,0.014980351067493888,0.01259960737376235
447,data/brain_tumor/Testing/meningioma/Te-me_0147.jpg,1,1,meningioma,meningioma,0.9801671544181216,1,0.004988015811639871,0.9801671544181216,0.006411253576086398,0.008433576194152099
448,data/brain_tumor/Testing/meningioma/Te-me_0148.jpg,1,1,meningioma,meningioma,0.9743833079674782,1,0.004663426493094806,0.9743833079674782,0.0029228751483488906,0.018030390391078087
449,data/brain_tumor/Testing/meningioma/Te-me_0149.jpg,1,1,meningioma,meningioma,0.970976962754636,1,0.005464048669387358,0.970976962754636,0.007854142339657253,0.01570484623631939
450,data/brain_tumor/Testing/meningioma/Te-me_0150.jpg,1,1,meningioma,meningioma,0.9583574564701423,1,0.03054653676870547,0.9583574564701423,0.0030480404483789036,0.008047966312773417
451,data/brain_tumor/Testing/meningioma/Te-me_0151.jpg,1,1,meningioma,meningioma,0.9771083607018577,1,0.010499419659142504,0.9771083607018577,0.006918728361258369,0.005473491277741489
452,data/brain_tumor/Testing/meningioma/Te-me_0152.jpg,1,1,meningioma,meningioma,0.9819440763941737,1,0.008790252660664593,0.9819440763941737,0.004632011484939514,0.00463365946022225
453,data/brain_tumor/Testing/meningioma/Te-me_0153.jpg,1,1,meningioma,meningioma,0.9831708856496129,1,0.006811166724520507,0.9831708856496129,0.0031250303305593256,0.00689291729530732
454,data/brain_tumor/Testing/meningioma/Te-me_0154.jpg,1,1,meningioma,meningioma,0.968742153898654,1,0.010702983057568512,0.968742153898654,0.013444657842930752,0.007110205200846663
455,data/brain_tumor/Testing/meningioma/Te-me_0155.jpg,1,1,meningioma,meningioma,0.9562237542626045,1,0.014716786777185341,0.9562237542626045,0.021280027222408945,0.007779431737801222
456,data/brain_tumor/Testing/meningioma/Te-me_0156.jpg,1,1,meningioma,meningioma,0.9468136495920851,1,0.009331028042345039,0.9468136495920851,0.007522152323663368,0.03633317004190644
457,data/brain_tumor/Testing/meningioma/Te-me_0157.jpg,1,1,meningioma,meningioma,0.9706268499808309,1,0.014106216249261302,0.9706268499808309,0.009560771817122836,0.0057061619527849486
458,data/brain_tumor/Testing/meningioma/Te-me_0158.jpg,1,1,meningioma,meningioma,0.9815391430509994,1,0.011673475545945519,0.9815391430509994,0.0033625906952520017,0.003424790707803018
459,data/brain_tumor/Testing/meningioma/Te-me_0159.jpg,1,1,meningioma,meningioma,0.9758696237243931,1,0.010373088825847218,0.9758696237243931,0.00822489452628352,0.00553239292347616
460,data/brain_tumor/Testing/meningioma/Te-me_0160.jpg,1,1,meningioma,meningioma,0.9657554122784147,1,0.011812060455348916,0.9657554122784147,0.012989531525025362,0.0094429957412111
461,data/brain_tumor/Testing/meningioma/Te-me_0161.jpg,1,1,meningioma,meningioma,0.9719720276024166,1,0.0098985810071593,0.9719720276024166,0.007732928108904425,0.010396463281519637
462,data/brain_tumor/Testing/meningioma/Te-me_0162.jpg,1,1,meningioma,meningioma,0.9839101296730243,1,0.005259619633881775,0.9839101296730243,0.007245898638226193,0.0035843520548677404
463,data/brain_tumor/Testing/meningioma/Te-me_0163.jpg,1,1,meningioma,meningioma,0.9792083676374583,1,0.003716419743408885,0.9792083676374583,0.007391980965270094,0.009683231653862702
464,data/brain_tumor/Testing/meningioma/Te-me_0164.jpg,1,1,meningioma,meningioma,0.9657038668547175,1,0.008973484507867741,0.9657038668547175,0.011807780250975144,0.01351486838643954
465,data/brain_tumor/Testing/meningioma/Te-me_0165.jpg,1,1,meningioma,meningioma,0.9689835097471244,1,0.01581583048419356,0.9689835097471244,0.011289091296295057,0.003911568472386952
466,data/brain_tumor/Testing/meningioma/Te-me_0166.jpg,1,1,meningioma,meningioma,0.9497200692873481,1,0.03314894219622678,0.9497200692873481,0.01288070310283001,0.004250285413595169
467,data/brain_tumor/Testing/meningioma/Te-me_0167.jpg,1,1,meningioma,meningioma,0.9803667308443202,1,0.0064794507318189564,0.9803667308443202,0.006743274384189675,0.0064105440396711065
468,data/brain_tumor/Testing/meningioma/Te-me_0168.jpg,1,1,meningioma,meningioma,0.9558240762766349,1,0.011417574019692732,0.9558240762766349,0.01732344286828044,0.01543490683539198
469,data/brain_tumor/Testing/meningioma/Te-me_0169.jpg,1,1,meningioma,meningioma,0.9766024541287828,1,0.017508681135880857,0.9766024541287828,0.004215121559705772,0.001673743175630654
470,data/brain_tumor/Testing/meningioma/Te-me_0170.jpg,1,1,meningioma,meningioma,0.9684343383885039,1,0.006093584120544948,0.9684343383885039,0.006802164097379884,0.018669913393571304
471,data/brain_tumor/Testing/meningioma/Te-me_0171.jpg,1,1,meningioma,meningioma,0.9801355100868101,1,0.012892549837215076,0.9801355100868101,0.005090790694825113,0.0018811493811497551
472,data/brain_tumor/Testing/meningioma/Te-me_0172.jpg,1,1,meningioma,meningioma,0.9823105328374236,1,0.0037009890631067178,0.9823105328374236,0.006393296173964653,0.00759518192550504
473,data/brain_tumor/Testing/meningioma/Te-me_0173.jpg,1,1,meningioma,meningioma,0.9833274195205293,1,0.0035374303241921074,0.9833274195205293,0.006454685047899765,0.006680465107378875
474,data/brain_tumor/Testing/meningioma/Te-me_0174.jpg,1,1,meningioma,meningioma,0.9611174329959215,1,0.014521826787081173,0.9611174329959215,0.01782865424879844,0.006532085968198916
475,data/brain_tumor/Testing/meningioma/Te-me_0175.jpg,1,1,meningioma,meningioma,0.9657600627724833,1,0.009998670888584464,0.9657600627724833,0.022228606288494657,0.002012660050437558
476,data/brain_tumor/Testing/meningioma/Te-me_0176.jpg,1,1,meningioma,meningioma,0.9702075837612144,1,0.01521616913571708,0.9702075837612144,0.007288477919799979,0.007287769183268552
477,data/brain_tumor/Testing/meningioma/Te-me_0177.jpg,1,1,meningioma,meningioma,0.9760505921946803,1,0.009585321999840158,0.9760505921946803,0.00913113464514422,0.005232951160335396
478,data/brain_tumor/Testing/meningioma/Te-me_0178.jpg,1,1,meningioma,meningioma,0.9626272795627058,1,0.025046886872732127,0.9626272795627058,0.00536183972941043,0.006963993835151655
479,data/brain_tumor/Testing/meningioma/Te-me_0179.jpg,1,1,meningioma,meningioma,0.9562435951660607,1,0.031152658913041746,0.9562435951660607,0.008497190442632082,0.004106555478265502
480,data/brain_tumor/Testing/meningioma/Te-me_0180.jpg,1,1,meningioma,meningioma,0.9734376551074073,1,0.009504119750528077,0.9734376551074073,0.009890235840740553,0.00716798930132402
481,data/brain_tumor/Testing/meningioma/Te-me_0181.jpg,1,1,meningioma,meningioma,0.9797568693719401,1,0.010598380808103523,0.9797568693719401,0.0054265720462882755,0.0042181777736681
482,data/brain_tumor/Testing/meningioma/Te-me_0182.jpg,1,1,meningioma,meningioma,0.9837330322695171,1,0.00459755041646712,0.9837330322695171,0.002083986138093739,0.009585431175922001
483,data/brain_tumor/Testing/meningioma/Te-me_0183.jpg,1,1,meningioma,meningioma,0.9839193695679843,1,0.011093966262370828,0.9839193695679843,0.0017407335941029604,0.003245930575541857
484,data/brain_tumor/Testing/meningioma/Te-me_0184.jpg,1,1,meningioma,meningioma,0.9766062488997297,1,0.007910924956285465,0.9766062488997297,0.009453688739376433,0.006029137404608412
485,data/brain_tumor/Testing/meningioma/Te-me_0185.jpg,1,1,meningioma,meningioma,0.9759120840460141,1,0.008775977863269667,0.9759120840460141,0.009798040179529404,0.0055138979111867365
486,data/brain_tumor/Testing/meningioma/Te-me_0186.jpg,1,1,meningioma,meningioma,0.9850264271400363,1,0.006827794175716076,0.9850264271400363,0.005749209134754159,0.0023965695494934376
487,data/brain_tumor/Testing/meningioma/Te-me_0187.jpg,1,1,meningioma,meningioma,0.98253304897464,1,0.008830534931613558,0.98253304897464,0.004310128124463307,0.004326287969283124
488,data/brain_tumor/Testing/meningioma/Te-me_0188.jpg,1,1,meningioma,meningioma,0.9681578214478785,1,0.021854012542764416,0.9681578214478785,0.005607760353812818,0.00438040565554419
489,data/brain_tumor/Testing/meningioma/Te-me_0189.jpg,1,1,meningioma,meningioma,0.9572130551858697,1,0.011177285938372758,0.9572130551858697,0.006272493077580935,0.025337165798176513
490,data/brain_tumor/Testing/meningioma/Te-me_0190.jpg,1,1,meningioma,meningioma,0.9668296168590169,1,0.01567181975497698,0.9668296168590169,0.013474428358453321,0.004024135027552802
491,data/brain_tumor/Testing/meningioma/Te-me_0191.jpg,1,1,meningioma,meningioma,0.9690306888763891,1,0.00830999118987694,0.9690306888763891,0.0037193068244511774,0.018940013109282734
492,data/brain_tumor/Testing/meningioma/Te-me_0192.jpg,1,1,meningioma,meningioma,0.9769444634053951,1,0.013565949501842608,0.9769444634053951,0.004939071617893534,0.004550515474868727
493,data/brain_tumor/Testing/meningioma/Te-me_0193.jpg,1,1,meningioma,meningioma,0.8702744979361691,1,0.014762840467475623,0.8702744979361691,0.028317459375967094,0.08664520222038817
494,data/brain_tumor/Testing/meningioma/Te-me_0194.jpg,1,1,meningioma,meningioma,0.9769746379047866,1,0.008439712497564108,0.9769746379047866,0.010649750351362291,0.0039358992462870885
495,data/brain_tumor/Testing/meningioma/Te-me_0195.jpg,1,1,meningioma,meningioma,0.9810038891705062,1,0.008751429163019941,0.9810038891705062,0.007097803619035937,0.0031468780474379183
496,data/brain_tumor/Testing/meningioma/Te-me_0196.jpg,1,1,meningioma,meningioma,0.9709043880321627,1,0.020324014917507415,0.9709043880321627,0.006062957693942342,0.0027086393563874934
497,data/brain_tumor/Testing/meningioma/Te-me_0197.jpg,1,1,meningioma,meningioma,0.9707090312840921,1,0.009211045741351577,0.9707090312840921,0.009692340212086254,0.01038758276247
498,data/brain_tumor/Testing/meningioma/Te-me_0198.jpg,1,1,meningioma,meningioma,0.9788185052662902,1,0.00673440077751649,0.9788185052662902,0.008765103021980308,0.005681990934212975
499,data/brain_tumor/Testing/meningioma/Te-me_0199.jpg,1,1,meningioma,meningioma,0.9753954311667471,1,0.01346693278269809,0.9753954311667471,0.004901470267248829,0.006236165783305948
500,data/brain_tumor/Testing/meningioma/Te-me_0200.jpg,1,1,meningioma,meningioma,0.9349387562373381,1,0.03012261814331866,0.9349387562373381,0.029334434237363448,0.00560419138197976
501,data/brain_tumor/Testing/meningioma/Te-me_0201.jpg,1,1,meningioma,meningioma,0.950312411424235,1,0.03107361797517605,0.950312411424235,0.01356338015062288,0.005050590449966134
502,data/brain_tumor/Testing/meningioma/Te-me_0202.jpg,1,1,meningioma,meningioma,0.9190228610315381,1,0.07433858537198298,0.9190228610315381,0.004991686452968923,0.001646867143510074
503,data/brain_tumor/Testing/meningioma/Te-me_0203.jpg,1,1,meningioma,meningioma,0.9739425381894558,1,0.008912596102875764,0.9739425381894558,0.004330980680213845,0.012813885027454673
504,data/brain_tumor/Testing/meningioma/Te-me_0204.jpg,1,1,meningioma,meningioma,0.9686848570229181,1,0.017149017403046363,0.9686848570229181,0.008004705023333811,0.0061614205507017385
505,data/brain_tumor/Testing/meningioma/Te-me_0205.jpg,1,1,meningioma,meningioma,0.981164311323542,1,0.008912336396676285,0.981164311323542,0.005108936870600656,0.004814415409181067
506,data/brain_tumor/Testing/meningioma/Te-me_0206.jpg,1,1,meningioma,meningioma,0.9698284945715745,1,0.01211050256061789,0.9698284945715745,0.008870313949727291,0.009190688918080368
507,data/brain_tumor/Testing/meningioma/Te-me_0207.jpg,1,1,meningioma,meningioma,0.9594921900419467,1,0.00749065481258825,0.9594921900419467,0.014943553808652102,0.01807360133681295
508,data/brain_tumor/Testing/meningioma/Te-me_0208.jpg,1,1,meningioma,meningioma,0.9749041527885268,1,0.009052947846183589,0.9749041527885268,0.011930145926830074,0.004112753438459498
509,data/brain_tumor/Testing/meningioma/Te-me_0209.jpg,1,1,meningioma,meningioma,0.9778123201998878,1,0.006180965620203519,0.9778123201998878,0.006920178211381853,0.009086535968526807
510,data/brain_tumor/Testing/meningioma/Te-me_0210.jpg,1,1,meningioma,meningioma,0.9425441175049637,1,0.014365729193527075,0.9425441175049637,0.026805027046188357,0.016285126255320907
511,data/brain_tumor/Testing/meningioma/Te-me_0211.jpg,1,1,meningioma,meningioma,0.9694595815586163,1,0.009779374928090839,0.9694595815586163,0.010481738358491473,0.010279305154801377
512,data/brain_tumor/Testing/meningioma/Te-me_0212.jpg,1,1,meningioma,meningioma,0.9619222346073535,1,0.008681147415906221,0.9619222346073535,0.013392949564150205,0.0160036684125901
513,data/brain_tumor/Testing/meningioma/Te-me_0213.jpg,1,1,meningioma,meningioma,0.9729265724679006,1,0.009246146452784994,0.9729265724679006,0.011097498413787665,0.006729782665526779
514,data/brain_tumor/Testing/meningioma/Te-me_0214.jpg,1,1,meningioma,meningioma,0.9676956466792921,1,0.009506616675015888,0.9676956466792921,0.005317853260893468,0.017479883384798535
515,data/brain_tumor/Testing/meningioma/Te-me_0215.jpg,1,1,meningioma,meningioma,0.9666553002776768,1,0.01637363884137532,0.9666553002776768,0.008867714043942668,0.008103346837005289
516,data/brain_tumor/Testing/meningioma/Te-me_0216.jpg,1,1,meningioma,meningioma,0.9602832319995939,1,0.030414982153479132,0.9602832319995939,0.0076851668811500065,0.0016166189657770408
517,data/brain_tumor/Testing/meningioma/Te-me_0217.jpg,1,1,meningioma,meningioma,0.9623153153728329,1,0.02140662301580252,0.9623153153728329,0.012870810985237827,0.0034072506261267855
518,data/brain_tumor/Testing/meningioma/Te-me_0218.jpg,1,1,meningioma,meningioma,0.9548174846100312,1,0.01981566807486908,0.9548174846100312,0.01198155389935749,0.013385293415742185
519,data/brain_tumor/Testing/meningioma/Te-me_0219.jpg,1,1,meningioma,meningioma,0.9732324771056318,1,0.006506296999940187,0.9732324771056318,0.012321422243756718,0.007939803650671352
520,data/brain_tumor/Testing/meningioma/Te-me_0220.jpg,1,1,meningioma,meningioma,0.9722667977785077,1,0.012639523542670178,0.9722667977785077,0.010108143138271491,0.004985535540550647
521,data/brain_tumor/Testing/meningioma/Te-me_0221.jpg,1,1,meningioma,meningioma,0.9809941293032486,1,0.009842945238457024,0.9809941293032486,0.006048779813027666,0.0031141456452666934
522,data/brain_tumor/Testing/meningioma/Te-me_0222.jpg,1,1,meningioma,meningioma,0.9834548225780438,1,0.008611869058933231,0.9834548225780438,0.0040675844027962685,0.0038657239602266588
523,data/brain_tumor/Testing/meningioma/Te-me_0223.jpg,1,1,meningioma,meningioma,0.9681647573214033,1,0.011944275538486135,0.9681647573214033,0.010397792958433256,0.009493174181677364
524,data/brain_tumor/Testing/meningioma/Te-me_0224.jpg,1,1,meningioma,meningioma,0.9779628153727785,1,0.005803727684026573,0.9779628153727785,0.013185153100190397,0.003048303843004465
525,data/brain_tumor/Testing/meningioma/Te-me_0225.jpg,1,1,meningioma,meningioma,0.9515561102535366,1,0.022718028239831194,0.9515561102535366,0.0181232292819854,0.0076026322246467645
526,data/brain_tumor/Testing/meningioma/Te-me_0226.jpg,1,1,meningioma,meningioma,0.9152110548686744,1,0.06894665010777971,0.9152110548686744,0.01241297890627236,0.0034293161172735238
527,data/brain_tumor/Testing/meningioma/Te-me_0227.jpg,1,1,meningioma,meningioma,0.9631774756451718,1,0.007386789462406385,0.9631774756451718,0.02393239336320221,0.00550334152921961
528,data/brain_tumor/Testing/meningioma/Te-me_0228.jpg,1,1,meningioma,meningioma,0.9830425593184424,1,0.008594543336917814,0.9830425593184424,0.004146240023763775,0.00421665732087604
529,data/brain_tumor/Testing/meningioma/Te-me_0229.jpg,1,1,meningioma,meningioma,0.9836731446004344,1,0.005822406665543363,0.9836731446004344,0.00697348729221602,0.003530961441806247
530,data/brain_tumor/Testing/meningioma/Te-me_0230.jpg,1,1,meningioma,meningioma,0.9856157812305502,1,0.007153154720552347,0.9856157812305502,0.005232125325485091,0.0019989387234124346
531,data/brain_tumor/Testing/meningioma/Te-me_0231.jpg,1,1,meningioma,meningioma,0.9421606388501298,1,0.0063729530533768826,0.9421606388501298,0.014763818631192008,0.036702589465301305
532,data/brain_tumor/Testing/meningioma/Te-me_0232.jpg,1,1,meningioma,meningioma,0.9835760194313568,1,0.008007240642007137,0.9835760194313568,0.005163923474982711,0.0032528164516534225
533,data/brain_tumor/Testing/meningioma/Te-me_0233.jpg,1,1,meningioma,meningioma,0.9728943370609608,1,0.01916367563505874,0.9728943370609608,0.003455565678831773,0.004486421625148671
534,data/brain_tumor/Testing/meningioma/Te-me_0234.jpg,1,1,meningioma,meningioma,0.96321040391922,1,0.02023366466164589,0.96321040391922,0.011615355499088764,0.004940575920045376
535,data/brain_tumor/Testing/meningioma/Te-me_0235.jpg,1,1,meningioma,meningioma,0.9662163743522802,1,0.010086075910039339,0.9662163743522802,0.01211835784315255,0.011579191894527862
536,data/brain_tumor/Testing/meningioma/Te-me_0236.jpg,1,1,meningioma,meningioma,0.9640234046405003,1,0.020720790347574868,0.9640234046405003,0.009882736562827097,0.005373068449097722
537,data/brain_tumor/Testing/meningioma/Te-me_0237.jpg,1,1,meningioma,meningioma,0.9843688020337082,1,0.006436252972517398,0.9843688020337082,0.0035487259771197345,0.005646219016654621
538,data/brain_tumor/Testing/meningioma/Te-me_0238.jpg,1,1,meningioma,meningioma,0.965588132119453,1,0.01089942939480509,0.965588132119453,0.011549624866301879,0.011962813619439953
539,data/brain_tumor/Testing/meningioma/Te-me_0239.jpg,1,1,meningioma,meningioma,0.9610115200186938,1,0.01863912475631456,0.9610115200186938,0.007994957193779226,0.012354398031212408
540,data/brain_tumor/Testing/meningioma/Te-me_0240.jpg,1,1,meningioma,meningioma,0.9669570143876768,1,0.005619495654398227,0.9669570143876768,0.021779717985591286,0.005643771972333756
541,data/brain_tumor/Testing/meningioma/Te-me_0241.jpg,1,1,meningioma,meningioma,0.9616360759358673,1,0.02169320112334831,0.9616360759358673,0.012058749350535873,0.004611973590248483
542,data/brain_tumor/Testing/meningioma/Te-me_0242.jpg,1,1,meningioma,meningioma,0.970553294236668,1,0.010985178371636439,0.970553294236668,0.010942194111489214,0.00751933328020635
543,data/brain_tumor/Testing/meningioma/Te-me_0243.jpg,1,1,meningioma,meningioma,0.985556470016578,1,0.005297405428736446,0.985556470016578,0.004135800720060185,0.005010323834625402
544,data/brain_tumor/Testing/meningioma/Te-me_0244.jpg,1,1,meningioma,meningioma,0.9546798974771062,1,0.01838849281530368,0.9546798974771062,0.019155721933061982,0.007775887774528118
545,data/brain_tumor/Testing/meningioma/Te-me_0245.jpg,1,1,meningioma,meningioma,0.9714334818665655,1,0.011983383903937586,0.9714334818665655,0.008840776629994617,0.007742357599502245
546,data/brain_tumor/Testing/meningioma/Te-me_0246.jpg,1,1,meningioma,meningioma,0.9914398523457113,1,0.003516043653430939,0.9914398523457113,0.0021246195081203686,0.0029194844927374
547,data/brain_tumor/Testing/meningioma/Te-me_0247.jpg,1,1,meningioma,meningioma,0.9610573858908981,1,0.013022564511774859,0.9610573858908981,0.017813911292005345,0.008106138305321753
548,data/brain_tumor/Testing/meningioma/Te-me_0248.jpg,1,1,meningioma,meningioma,0.9646469285861843,1,0.00916261442188782,0.9646469285861843,0.016377906117620827,0.00981255087430704
549,data/brain_tumor/Testing/meningioma/Te-me_0249.jpg,1,1,meningioma,meningioma,0.9793647672491295,1,0.01408443807027345,0.9793647672491295,0.005426913114406397,0.0011238815661907381
550,data/brain_tumor/Testing/meningioma/Te-me_0250.jpg,1,1,meningioma,meningioma,0.9773389096623558,1,0.007314870576808776,0.9773389096623558,0.008583870304703312,0.006762349456132124
551,data/brain_tumor/Testing/meningioma/Te-me_0251.jpg,1,1,meningioma,meningioma,0.9305437493211997,1,0.05212041523305113,0.9305437493211997,0.008483733311261236,0.008852102134487937
552,data/brain_tumor/Testing/meningioma/Te-me_0252.jpg,1,1,meningioma,meningioma,0.9808272497877116,1,0.007519476885913702,0.9808272497877116,0.00729983099425689,0.004353442332117736
553,data/brain_tumor/Testing/meningioma/Te-me_0253.jpg,1,1,meningioma,meningioma,0.9311039668909751,1,0.05489847194395124,0.9311039668909751,0.008468586221289773,0.005528974943783936
554,data/brain_tumor/Testing/meningioma/Te-me_0254.jpg,1,1,meningioma,meningioma,0.9863723701423374,1,0.005104449830554305,0.9863723701423374,0.0047754196322522795,0.003747760394856075
555,data/brain_tumor/Testing/meningioma/Te-me_0255.jpg,1,1,meningioma,meningioma,0.9756966692996677,1,0.006244199263245809,0.9756966692996677,0.010163153379738983,0.007895978057347545
556,data/brain_tumor/Testing/meningioma/Te-me_0256.jpg,1,1,meningioma,meningioma,0.9584957334441252,1,0.01495001088376154,0.9584957334441252,0.011455812459469366,0.01509844321264389
557,data/brain_tumor/Testing/meningioma/Te-me_0257.jpg,1,1,meningioma,meningioma,0.9769207441587807,1,0.006982463091015633,0.9769207441587807,0.01227562899993057,0.003821163750273076
558,data/brain_tumor/Testing/meningioma/Te-me_0258.jpg,1,1,meningioma,meningioma,0.9709116485708714,1,0.01357966036858284,0.9709116485708714,0.012301068912890567,0.0032076221476551236
559,data/brain_tumor/Testing/meningioma/Te-me_0259.jpg,1,1,meningioma,meningioma,0.9200612842660127,1,0.05302158336047914,0.9200612842660127,0.011731987742591729,0.015185144630916405
560,data/brain_tumor/Testing/meningioma/Te-me_0260.jpg,1,1,meningioma,meningioma,0.9697879214202573,1,0.015922898849288575,0.9697879214202573,0.010084746673158632,0.004204433057295477
561,data/brain_tumor/Testing/meningioma/Te-me_0261.jpg,1,1,meningioma,meningioma,0.9819243922297399,1,0.009338418740042244,0.9819243922297399,0.004052524828084877,0.00468466420213294
562,data/brain_tumor/Testing/meningioma/Te-me_0262.jpg,1,1,meningioma,meningioma,0.9536188695326675,1,0.025158898811072063,0.9536188695326675,0.013987015776414594,0.007235215879845875
563,data/brain_tumor/Testing/meningioma/Te-me_0263.jpg,1,1,meningioma,meningioma,0.9674067850038566,1,0.012689942174937168,0.9674067850038566,0.010719231060315632,0.009184041760890625
564,data/brain_tumor/Testing/meningioma/Te-me_0264.jpg,1,1,meningioma,meningioma,0.9862964454118243,1,0.0073254618234083755,0.9862964454118243,0.003726754451218255,0.002651338313549133
565,data/brain_tumor/Testing/meningioma/Te-me_0265.jpg,1,1,meningioma,meningioma,0.9496146650917568,1,0.02001849354984911,0.9496146650917568,0.018993429738776105,0.011373411619617893
566,data/brain_tumor/Testing/meningioma/Te-me_0266.jpg,1,1,meningioma,meningioma,0.8294253252746383,1,0.1521259230546895,0.8294253252746383,0.005904925452720776,0.012543826217951413
567,data/brain_tumor/Testing/meningioma/Te-me_0267.jpg,1,1,meningioma,meningioma,0.972697697875502,1,0.009510698949701593,0.972697697875502,0.011494268930849361,0.0062973342439470404
568,data/brain_tumor/Testing/meningioma/Te-me_0268.jpg,1,1,meningioma,meningioma,0.9773855926006652,1,0.012486313623789377,0.9773855926006652,0.008562898369001601,0.0015651954065438725
569,data/brain_tumor/Testing/meningioma/Te-me_0269.jpg,1,1,meningioma,meningioma,0.9522445177127455,1,0.01382404568820894,0.9522445177127455,0.02985450617054903,0.004076930428496441
570,data/brain_tumor/Testing/meningioma/Te-me_0270.jpg,1,1,meningioma,meningioma,0.6693395060675943,1,0.29891933263407083,0.6693395060675943,0.018755045574137055,0.012986115724197783
571,data/brain_tumor/Testing/meningioma/Te-me_0271.jpg,1,1,meningioma,meningioma,0.981309967916218,1,0.005721856129164452,0.981309967916218,0.004107964514786035,0.008860211439831437
572,data/brain_tumor/Testing/meningioma/Te-me_0272.jpg,1,1,meningioma,meningioma,0.9753498163714595,1,0.0034758051617630147,0.9753498163714595,0.009737572956940376,0.011436805509837155
573,data/brain_tumor/Testing/meningioma/Te-me_0273.jpg,1,1,meningioma,meningioma,0.9699184262246919,1,0.011093958489059383,0.9699184262246919,0.010631365939792603,0.008356249346456067
574,data/brain_tumor/Testing/meningioma/Te-me_0274.jpg,1,1,meningioma,meningioma,0.9766067139429657,1,0.01422637036908749,0.9766067139429657,0.006887835871816658,0.002279079816130134
575,data/brain_tumor/Testing/meningioma/Te-me_0275.jpg,1,1,meningioma,meningioma,0.9671571958864912,1,0.017973317034244356,0.9671571958864912,0.008098811001689856,0.006770676077574597
576,data/brain_tumor/Testing/meningioma/Te-me_0276.jpg,1,1,meningioma,meningioma,0.9722760819093136,1,0.0060278717790430494,0.9722760819093136,0.00859884763340294,0.013097198678240461
577,data/brain_tumor/Testing/meningioma/Te-me_0277.jpg,1,1,meningioma,meningioma,0.9569648567730555,1,0.019325624620631542,0.9569648567730555,0.015355209015575673,0.008354309590737252
578,data/brain_tumor/Testing/meningioma/Te-me_0278.jpg,1,1,meningioma,meningioma,0.9566866505097301,1,0.012551935210419963,0.9566866505097301,0.02533506750424261,0.005426346775607258
579,data/brain_tumor/Testing/meningioma/Te-me_0279.jpg,1,1,meningioma,meningioma,0.9741338779027091,1,0.008480141602154063,0.9741338779027091,0.011768167465815606,0.005617813029321243
580,data/brain_tumor/Testing/meningioma/Te-me_0280.jpg,1,1,meningioma,meningioma,0.9850809534854665,1,0.0038886796503410995,0.9850809534854665,0.004267052006448292,0.006763314857744096
581,data/brain_tumor/Testing/meningioma/Te-me_0281.jpg,1,1,meningioma,meningioma,0.9670943997704744,1,0.014011135942985059,0.9670943997704744,0.014137345050185657,0.004757119236354845
582,data/brain_tumor/Testing/meningioma/Te-me_0282.jpg,1,1,meningioma,meningioma,0.9547572963160367,1,0.011784822034095761,0.9547572963160367,0.020740222688061923,0.012717658961805638
583,data/brain_tumor/Testing/meningioma/Te-me_0283.jpg,1,1,meningioma,meningioma,0.9695721738359202,1,0.0067117749369312125,0.9695721738359202,0.01134805855541985,0.012367992671728681
584,data/brain_tumor/Testing/meningioma/Te-me_0284.jpg,1,1,meningioma,meningioma,0.9809446028914549,1,0.007359283709759377,0.9809446028914549,0.006154341713498482,0.00554177168528722
585,data/brain_tumor/Testing/meningioma/Te-me_0285.jpg,1,1,meningioma,meningioma,0.9780744054586435,1,0.008281535249181321,0.9780744054586435,0.008387650140516434,0.005256409151658732
586,data/brain_tumor/Testing/meningioma/Te-me_0286.jpg,1,1,meningioma,meningioma,0.9539333869245041,1,0.03344505544545531,0.9539333869245041,0.009726998081418515,0.002894559548622049
587,data/brain_tumor/Testing/meningioma/Te-me_0287.jpg,1,1,meningioma,meningioma,0.9813260947565862,1,0.0036631237865575638,0.9813260947565862,0.003937363590653414,0.011073417866202894
588,data/brain_tumor/Testing/meningioma/Te-me_0288.jpg,1,1,meningioma,meningioma,0.9780634281844781,1,0.005804399746215167,0.9780634281844781,0.005516093487026456,0.010616078582280218
589,data/brain_tumor/Testing/meningioma/Te-me_0289.jpg,1,1,meningioma,meningioma,0.9685277063891408,1,0.00948274515585389,0.9685277063891408,0.008779449526586939,0.013210098928418387
590,data/brain_tumor/Testing/meningioma/Te-me_0290.jpg,1,1,meningioma,meningioma,0.9789807410133603,1,0.005376132785948975,0.9789807410133603,0.006289146509627225,0.00935397969106355
591,data/brain_tumor/Testing/meningioma/Te-me_0291.jpg,1,1,meningioma,meningioma,0.9672420589389771,1,0.015623198771214862,0.9672420589389771,0.01087578289390985,0.0062589593958981725
592,data/brain_tumor/Testing/meningioma/Te-me_0292.jpg,1,1,meningioma,meningioma,0.9779074185216515,1,0.0036489649184637484,0.9779074185216515,0.003951961637508151,0.014491654922376628
593,data/brain_tumor/Testing/meningioma/Te-me_0293.jpg,1,1,meningioma,meningioma,0.9796099626287447,1,0.0074303797169388095,0.9796099626287447,0.010151898450583598,0.0028077592037329107
594,data/brain_tumor/Testing/meningioma/Te-me_0294.jpg,1,1,meningioma,meningioma,0.972486198003434,1,0.018387841797433236,0.972486198003434,0.0032883300760689167,0.0058376301230637535
595,data/brain_tumor/Testing/meningioma/Te-me_0295.jpg,1,1,meningioma,meningioma,0.974280308644626,1,0.01280361335132584,0.974280308644626,0.006163959925964027,0.0067521180780841196
596,data/brain_tumor/Testing/meningioma/Te-me_0296.jpg,1,1,meningioma,meningioma,0.9597632953654655,1,0.009302606294999112,0.9597632953654655,0.015094574642758906,0.015839523696776575
597,data/brain_tumor/Testing/meningioma/Te-me_0297.jpg,1,1,meningioma,meningioma,0.9728521516344946,1,0.0048777179042783616,0.9728521516344946,0.005537094314740267,0.01673303614648676
598,data/brain_tumor/Testing/meningioma/Te-me_0298.jpg,1,1,meningioma,meningioma,0.9714105139342178,1,0.009426539420688657,0.9714105139342178,0.009885936661025283,0.009277009984068264
599,data/brain_tumor/Testing/meningioma/Te-me_0299.jpg,1,1,meningioma,meningioma,0.9670985746378413,1,0.011183683297844369,0.9670985746378413,0.010429390211890042,0.011288351852424288
600,data/brain_tumor/Testing/meningioma/Te-me_0300.jpg,1,1,meningioma,meningioma,0.968097125883948,1,0.011366933065755655,0.968097125883948,0.010934329057521031,0.009601611992775339
601,data/brain_tumor/Testing/meningioma/Te-me_0301.jpg,1,1,meningioma,meningioma,0.9654463020841768,1,0.017072850184083558,0.9654463020841768,0.008617645739522834,0.008863201992216848
602,data/brain_tumor/Testing/meningioma/Te-me_0302.jpg,1,1,meningioma,meningioma,0.9798704709721745,1,0.006150432134364118,0.9798704709721745,0.004168825827532743,0.009810271065928623
603,data/brain_tumor/Testing/meningioma/Te-me_0303.jpg,1,1,meningioma,meningioma,0.9796854470420734,1,0.00742632587262831,0.9796854470420734,0.006037787763786422,0.006850439321511936
604,data/brain_tumor/Testing/meningioma/Te-me_0304.jpg,1,1,meningioma,meningioma,0.9682392013591539,1,0.02001837544986388,0.9682392013591539,0.004968937713745709,0.006773485477236563
605,data/brain_tumor/Testing/meningioma/Te-me_0305.jpg,1,1,meningioma,meningioma,0.9860871902578014,1,0.007794663680277623,0.9860871902578014,0.0024252213758288793,0.0036929246860921
606,data/brain_tumor/Training/meningioma/Tr-me_0071.jpg,1,1,meningioma,meningioma,0.977838203641203,1,0.0072959553294486505,0.977838203641203,0.007280004102289616,0.007585836927058743
607,data/brain_tumor/Training/meningioma/Tr-me_0283.jpg,1,1,meningioma,meningioma,0.7524018954204934,1,0.017742964131084914,0.7524018954204934,0.21696995173325168,0.012885188715169995
608,data/brain_tumor/Testing/notumor/Te-noTr_0000.jpg,2,2,notumor,notumor,0.8614656553799643,1,0.04836036763534909,0.07270873527586888,0.8614656553799643,0.017465241708817674
609,data/brain_tumor/Testing/notumor/Te-noTr_0001.jpg,2,2,notumor,notumor,0.9512548697190919,1,0.020660887653218007,0.016120241369410034,0.9512548697190919,0.011964001258280083
610,data/brain_tumor/Testing/notumor/Te-noTr_0002.jpg,2,2,notumor,notumor,0.9611982012419955,1,0.0151693996502891,0.010854621983933105,0.9611982012419955,0.012777777123782336
611,data/brain_tumor/Testing/notumor/Te-noTr_0003.jpg,2,2,notumor,notumor,0.9518733591957902,1,0.02511907332355221,0.01260973122624941,0.9518733591957902,0.010397836254408136
612,data/brain_tumor/Testing/notumor/Te-noTr_0004.jpg,2,2,notumor,notumor,0.9526659864050634,1,0.011017197763579335,0.016862228544172325,0.9526659864050634,0.019454587287184945
613,data/brain_tumor/Testing/notumor/Te-noTr_0005.jpg,2,2,notumor,notumor,0.9478009563824384,1,0.018414462413975558,0.014951669959157471,0.9478009563824384,0.018832911244428513
614,data/brain_tumor/Testing/notumor/Te-noTr_0006.jpg,2,2,notumor,notumor,0.9433055845110739,1,0.02845108607103134,0.009994726041150152,0.9433055845110739,0.018248603376744617
615,data/brain_tumor/Testing/notumor/Te-noTr_0007.jpg,2,2,notumor,notumor,0.955346701749886,1,0.017425985974397536,0.013195682292439635,0.955346701749886,0.014031629983276818
616,data/brain_tumor/Testing/notumor/Te-noTr_0008.jpg,2,2,notumor,notumor,0.9241562406060979,1,0.021258739079837077,0.027746520624301618,0.9241562406060979,0.026838499689763394
617,data/brain_tumor/Testing/notumor/Te-noTr_0009.jpg,2,2,notumor,notumor,0.9530760227344189,1,0.013608163476142352,0.015003036987093035,0.9530760227344189,0.01831277680234568
618,data/brain_tumor/Testing/notumor/Te-no_0010.jpg,2,2,notumor,notumor,0.9578926756195913,1,0.009144809074496276,0.014653583391382043,0.9578926756195913,0.018308931914530344
619,data/brain_tumor/Testing/notumor/Te-no_0011.jpg,2,2,notumor,notumor,0.8670492686031959,1,0.0339196037042451,0.05618948049851101,0.8670492686031959,0.04284164719404805
620,data/brain_tumor/Testing/notumor/Te-no_0012.jpg,2,2,notumor,notumor,0.9658862712191891,1,0.01424184494621474,0.01131481905709278,0.9658862712191891,0.00855706477750334
621,data/brain_tumor/Testing/notumor/Te-no_0013.jpg,2,2,notumor,notumor,0.9798703339676609,1,0.006392869262291033,0.006766365010535196,0.9798703339676609,0.006970431759512898
622,data/brain_tumor/Testing/notumor/Te-no_0014.jpg,2,2,notumor,notumor,0.9516618535417871,1,0.01693060113282803,0.01775320113459829,0.9516618535417871,0.013654344190786606
623,data/brain_tumor/Testing/notumor/Te-no_0015.jpg,2,2,notumor,notumor,0.898787334900602,1,0.018877985886732812,0.0767794437060966,0.898787334900602,0.005555235506568587
624,data/brain_tumor/Testing/notumor/Te-no_0016.jpg,2,2,notumor,notumor,0.9615073212995262,1,0.015693802401138286,0.00992042013436595,0.9615073212995262,0.012878456164969557
625,data/brain_tumor/Testing/notumor/Te-no_0017.jpg,2,2,notumor,notumor,0.5911482781764442,1,0.018101173162315583,0.08848316535573479,0.5911482781764442,0.30226738330550545
626,data/brain_tumor/Testing/notumor/Te-no_0018.jpg,2,2,notumor,notumor,0.9412065963541763,1,0.015041019186401255,0.025210990226152124,0.9412065963541763,0.018541394233270413
627,data/brain_tumor/Testing/notumor/Te-no_0019.jpg,2,2,notumor,notumor,0.9689332861344048,1,0.013162155782451881,0.00915716813312959,0.9689332861344048,0.00874738995001376
628,data/brain_tumor/Testing/notumor/Te-no_0020.jpg,2,2,notumor,notumor,0.9250434630056448,1,0.04807275965335483,0.013290513371735872,0.9250434630056448,0.013593263969264479
629,data/brain_tumor/Testing/notumor/Te-no_0021.jpg,2,2,notumor,notumor,0.9619336536148501,1,0.01537930190287033,0.011450539119112006,0.9619336536148501,0.011236505363167624
630,data/brain_tumor/Testing/notumor/Te-no_0022.jpg,2,2,notumor,notumor,0.9475241996559931,1,0.025626937189974178,0.011800982178943981,0.9475241996559931,0.015047880975088747
631,data/brain_tumor/Testing/notumor/Te-no_0023.jpg,2,2,notumor,notumor,0.9429039868418418,1,0.017109726548534016,0.021313333172512543,0.9429039868418418,0.01867295343711162
632,data/brain_tumor/Testing/notumor/Te-no_0024.jpg,2,3,notumor,pituitary,0.6316979480408285,0,0.007880471588071647,0.12941358887096055,0.2310079915001393,0.6316979480408285
633,data/brain_tumor/Testing/notumor/Te-no_0025.jpg,2,2,notumor,notumor,0.9703874023597276,1,0.007717089287014503,0.007060676836140797,0.9703874023597276,0.014834831517117014
634,data/brain_tumor/Testing/notumor/Te-no_0026.jpg,2,2,notumor,notumor,0.9335704145407249,1,0.02396244259059713,0.02400564292091118,0.9335704145407249,0.01846149994776677
635,data/brain_tumor/Testing/notumor/Te-no_0027.jpg,2,2,notumor,notumor,0.9373066323022073,1,0.019361377182500274,0.01695700235985202,0.9373066323022073,0.026374988155440378
636,data/brain_tumor/Testing/notumor/Te-no_0028.jpg,2,2,notumor,notumor,0.9245410750991698,1,0.02709131370858187,0.0202539399690802,0.9245410750991698,0.028113671223168043
637,data/brain_tumor/Testing/notumor/Te-no_0029.jpg,2,2,notumor,notumor,0.5294497446419284,1,0.03162936024016804,0.42829616541622817,0.5294497446419284,0.0106247297016754
638,data/brain_tumor/Testing/notumor/Te-no_0030.jpg,2,2,notumor,notumor,0.9667698524869266,1,0.007462215443054986,0.011180302809619095,0.9667698524869266,0.014587629260399283
639,data/brain_tumor/Testing/notumor/Te-no_0031.jpg,2,2,notumor,notumor,0.9512548697190919,1,0.020660887653218007,0.016120241369410034,0.9512548697190919,0.011964001258280083
640,data/brain_tumor/Testing/notumor/Te-no_0032.jpg,2,2,notumor,notumor,0.9210499002057055,1,0.030512517672010117,0.023753747206919158,0.9210499002057055,0.02468383491536521
641,data/brain_tumor/Testing/notumor/Te-no_0033.jpg,2,2,notumor,notumor,0.6253748233248565,1,0.028559647980051398,0.325390174127846,0.6253748233248565,0.020675354567246104
642,data/brain_tumor/Testing/notumor/Te-no_0034.jpg,2,2,notumor,notumor,0.9556607123684038,1,0.010228935752973114,0.013807366769291245,0.9556607123684038,0.020302985109331838
643,data/brain_tumor/Testing/notumor/Te-no_0035.jpg,2,0,notumor,glioma,0.9332775913188265,0,0.9332775913188265,0.028266218948371762,0.030149349437385526,0.008306840295416186
644,data/brain_tumor/Testing/notumor/Te-no_0036.jpg,2,2,notumor,notumor,0.9722236050809762,1,0.006582808447865098,0.01077421623336131,0.9722236050809762,0.010419370237797435
645,data/brain_tumor/Testing/notumor/Te-no_0037.jpg,2,2,notumor,notumor,0.9482277967339906,1,0.020869982236120223,0.0161349201697176,0.9482277967339906,0.01476730086017161
646,data/brain_tumor/Testing/notumor/Te-no_0038.jpg,2,2,notumor,notumor,0.9825454840524627,1,0.005308357008080665,0.006394673067390847,0.9825454840524627,0.0057514858720658065
647,data/brain_tumor/Testing/notumor/Te-no_0039.jpg,2,2,notumor,notumor,0.9465420965585758,1,0.020213783050880733,0.012296613466136705,0.9465420965585758,0.020947506924406716
648,data/brain_tumor/Testing/notumor/Te-no_0040.jpg,2,2,notumor,notumor,0.9666126111259702,1,0.009826662080797462,0.013048666306190846,0.9666126111259702,0.010512060487041485
649,data/brain_tumor/Testing/notumor/Te-no_0041.jpg,2,2,notumor,notumor,0.9519421522351642,1,0.020721963380167446,0.01700729595456481,0.9519421522351642,0.010328588430103562
650,data/brain_tumor/Testing/notumor/Te-no_0042.jpg,2,2,notumor,notumor,0.92292357294316,1,0.01884499645726775,0.022986807507268666,0.92292357294316,0.035244623092303626
651,data/brain_tumor/Testing/notumor/Te-no_0043.jpg,2,2,notumor,notumor,0.956608048112988,1,0.014335933939219137,0.011099027366386472,0.956608048112988,0.017956990581406367
652,data/brain_tumor/Testing/notumor/Te-no_0044.jpg,2,2,notumor,notumor,0.9658862712191891,1,0.01424184494621474,0.01131481905709278,0.9658862712191891,0.00855706477750334
653,data/brain_tumor/Testing/notumor/Te-no_0045.jpg,2,0,notumor,glioma,0.881361121469954,0,0.881361121469954,0.028847023755222155,0.06597831505776271,0.023813539717061093
654,data/brain_tumor/Testing/notumor/Te-no_0046.jpg,2,2,notumor,notumor,0.9265037964871932,1,0.024965357546916107,0.029429784647613078,0.9265037964871932,0.019101061318277705
655,data/brain_tumor/Testing/notumor/Te-no_0047.jpg,2,2,notumor,notumor,0.9508659125741192,1,0.021044439763203027,0.01641612955040391,0.9508659125741192,0.011673518112273866
656,data/brain_tumor/Testing/notumor/Te-no_0048.jpg,2,2,notumor,notumor,0.8670492686031959,1,0.0339196037042451,0.05618948049851101,0.8670492686031959,0.04284164719404805
657,data/brain_tumor/Testing/notumor/Te-no_0049.jpg,2,2,notumor,notumor,0.9598915231199587,1,0.013628614490480353,0.014192643014149745,0.9598915231199587,0.012287219375411182
658,data/brain_tumor/Testing/notumor/Te-no_0050.jpg,2,0,notumor,glioma,0.881361121469954,0,0.881361121469954,0.028847023755222155,0.06597831505776271,0.023813539717061093
659,data/brain_tumor/Testing/notumor/Te-no_0051.jpg,2,2,notumor,notumor,0.972942453381746,1,0.008561019626240812,0.008928051052092555,0.972942453381746,0.00956847593992062
660,data/brain_tumor/Testing/notumor/Te-no_0052.jpg,2,2,notumor,notumor,0.9666126111259702,1,0.009826662080797462,0.013048666306190846,0.9666126111259702,0.010512060487041485
661,data/brain_tumor/Testing/notumor/Te-no_0053.jpg,2,2,notumor,notumor,0.8670492686031959,1,0.0339196037042451,0.05618948049851101,0.8670492686031959,0.04284164719404805
662,data/brain_tumor/Testing/notumor/Te-no_0054.jpg,2,0,notumor,glioma,0.881361121469954,0,0.881361121469954,0.028847023755222155,0.06597831505776271,0.023813539717061093
663,data/brain_tumor/Testing/notumor/Te-no_0055.jpg,2,2,notumor,notumor,0.9658862712191891,1,0.01424184494621474,0.01131481905709278,0.9658862712191891,0.00855706477750334
664,data/brain_tumor/Testing/notumor/Te-no_0056.jpg,2,2,notumor,notumor,0.95741312536749,1,0.012304311469238206,0.024095566651558164,0.95741312536749,0.006186996511713644
665,data/brain_tumor/Testing/notumor/Te-no_0057.jpg,2,2,notumor,notumor,0.9590022240046141,1,0.009261371610759501,0.013304412951362754,0.9590022240046141,0.018431991433263645
666,data/brain_tumor/Testing/notumor/Te-no_0058.jpg,2,2,notumor,notumor,0.8308130278311876,1,0.02242244346975269,0.13395762081744989,0.8308130278311876,0.01280690788160979
667,data/brain_tumor/Testing/notumor/Te-no_0059.jpg,2,2,notumor,notumor,0.939698447215947,1,0.01316745378262415,0.019130568737567567,0.939698447215947,0.028003530263861303
668,data/brain_tumor/Testing/notumor/Te-no_0060.jpg,2,2,notumor,notumor,0.9448748648641742,1,0.023508574749571666,0.01682456444896602,0.9448748648641742,0.01479199593728814
669,data/brain_tumor/Testing/notumor/Te-no_0061.jpg,2,2,notumor,notumor,0.9658862712191891,1,0.01424184494621474,0.01131481905709278,0.9658862712191891,0.00855706477750334
670,data/brain_tumor/Testing/notumor/Te-no_0062.jpg,2,2,notumor,notumor,0.9689332861344048,1,0.013162155782451881,0.00915716813312959,0.9689332861344048,0.00874738995001376
671,data/brain_tumor/Testing/notumor/Te-no_0063.jpg,2,2,notumor,notumor,0.9632190555130349,1,0.007758289632998999,0.012476505055164419,0.9632190555130349,0.016546149798801667
672,data/brain_tumor/Testing/notumor/Te-no_0064.jpg,2,2,notumor,notumor,0.9386308352169191,1,0.022597673228118884,0.020550749239011238,0.9386308352169191,0.018220742315950694
673,data/brain_tumor/Testing/notumor/Te-no_0065.jpg,2,2,notumor,notumor,0.9667698524869266,1,0.007462215443054986,0.011180302809619095,0.9667698524869266,0.014587629260399283
674,data/brain_tumor/Testing/notumor/Te-no_0066.jpg,2,2,notumor,notumor,0.9273380369309758,1,0.020663284496594974,0.02823764930761482,0.9273380369309758,0.023761029264814326
675,data/brain_tumor/Testing/notumor/Te-no_0067.jpg,2,2,notumor,notumor,0.9512548697190919,1,0.020660887653218007,0.016120241369410034,0.9512548697190919,0.011964001258280083
676,data/brain_tumor/Testing/notumor/Te-no_0068.jpg,2,2,notumor,notumor,0.8670492686031959,1,0.0339196037042451,0.05618948049851101,0.8670492686031959,0.04284164719404805
677,data/brain_tumor/Testing/notumor/Te-no_0069.jpg,2,2,notumor,notumor,0.5294497446419284,1,0.03162936024016804,0.42829616541622817,0.5294497446419284,0.0106247297016754
678,data/brain_tumor/Testing/notumor/Te-no_0070.jpg,2,2,notumor,notumor,0.9412065963541763,1,0.015041019186401255,0.025210990226152124,0.9412065963541763,0.018541394233270413
679,data/brain_tumor/Testing/notumor/Te-no_0071.jpg,2,2,notumor,notumor,0.9231317226678853,1,0.027258465710648938,0.01904763754989337,0.9231317226678853,0.03056217407157239
680,data/brain_tumor/Testing/notumor/Te-no_0072.jpg,2,2,notumor,notumor,0.9619336536148501,1,0.01537930190287033,0.011450539119112006,0.9619336536148501,0.011236505363167624
681,data/brain_tumor/Testing/notumor/Te-no_0073.jpg,2,2,notumor,notumor,0.9689332861344048,1,0.013162155782451881,0.00915716813312959,0.9689332861344048,0.00874738995001376
682,data/brain_tumor/Testing/notumor/Te-no_0074.jpg,2,2,notumor,notumor,0.6768195341938708,1,0.011607974366090021,0.06348896316341981,0.6768195341938708,0.2480835282766194
683,data/brain_tumor/Testing/notumor/Te-no_0075.jpg,2,2,notumor,notumor,0.9475241996559931,1,0.025626937189974178,0.011800982178943981,0.9475241996559931,0.015047880975088747
684,data/brain_tumor/Testing/notumor/Te-no_0076.jpg,2,2,notumor,notumor,0.9578380647160731,1,0.01232668392945713,0.011800787488562533,0.9578380647160731,0.018034463865907163
685,data/brain_tumor/Testing/notumor/Te-no_0077.jpg,2,2,notumor,notumor,0.9508659125741192,1,0.021044439763203027,0.01641612955040391,0.9508659125741192,0.011673518112273866
686,data/brain_tumor/Testing/notumor/Te-no_0078.jpg,2,2,notumor,notumor,0.929832621722494,1,0.020459029480570434,0.02655336402546563,0.929832621722494,0.023154984771469864
687,data/brain_tumor/Testing/notumor/Te-no_0079.jpg,2,3,notumor,pituitary,0.6382537858653706,0,0.00881827767524076,0.09867676926463513,0.25425116719475344,0.6382537858653706
688,data/brain_tumor/Testing/notumor/Te-no_0080.jpg,2,2,notumor,notumor,0.9670017412830094,1,0.013558732513055841,0.007581727617704756,0.9670017412830094,0.011857798586229967
689,data/brain_tumor/Testing/notumor/Te-no_0081.jpg,2,0,notumor,glioma,0.9332775913188265,0,0.9332775913188265,0.028266218948371762,0.030149349437385526,0.008306840295416186
690,data/brain_tumor/Testing/notumor/Te-no_0082.jpg,2,2,notumor,notumor,0.9598995426361743,1,0.018729095074993037,0.012191115095106009,0.9598995426361743,0.009180247193726659
691,data/brain_tumor/Testing/notumor/Te-no_0083.jpg,2,2,notumor,notumor,0.9468902123806895,1,0.019782998441612288,0.02410050203299251,0.9468902123806895,0.009226287144705709
692,data/brain_tumor/Testing/notumor/Te-no_0084.jpg,2,2,notumor,notumor,0.9512548697190919,1,0.020660887653218007,0.016120241369410034,0.9512548697190919,0.011964001258280083
693,data/brain_tumor/Testing/notumor/Te-no_0085.jpg,2,2,notumor,notumor,0.9832895324076557,1,0.005210977789969867,0.004674085198364087,0.9832895324076557,0.006825404604010342
694,data/brain_tumor/Testing/notumor/Te-no_0086.jpg,2,2,notumor,notumor,0.9248914608349095,1,0.018692125070137663,0.030235539675397563,0.9248914608349095,0.026180874419555345
695,data/brain_tumor/Testing/notumor/Te-no_0087.jpg,2,2,notumor,notumor,0.8670492686031959,1,0.0339196037042451,0.05618948049851101,0.8670492686031959,0.04284164719404805
696,data/brain_tumor/Testing/notumor/Te-no_0088.jpg,2,2,notumor,notumor,0.955346701749886,1,0.017425985974397536,0.013195682292439635,0.955346701749886,0.014031629983276818
697,data/brain_tumor/Testing/notumor/Te-no_0089.jpg,2,2,notumor,notumor,0.9612536380407138,1,0.009426288842226956,0.007405781607844567,0.9612536380407138,0.021914291509214586
698,data/brain_tumor/Testing/notumor/Te-no_0090.jpg,2,2,notumor,notumor,0.8741946847299027,1,0.008476990882985572,0.039098034622658664,0.8741946847299027,0.07823028976445301
699,data/brain_tumor/Testing/notumor/Te-no_0091.jpg,2,2,notumor,notumor,0.967375950340896,1,0.011406553169077223,0.010655041962667141,0.967375950340896,0.010562454527359625
700,data/brain_tumor/Testing/notumor/Te-no_0092.jpg,2,2,notumor,notumor,0.5910688483021296,1,0.02018813939304198,0.30343540783490297,0.5910688483021296,0.0853076044699255
701,data/brain_tumor/Testing/notumor/Te-no_0093.jpg,2,2,notumor,notumor,0.9468902123806895,1,0.019782998441612288,0.02410050203299251,0.9468902123806895,0.009226287144705709
702,data/brain_tumor/Testing/notumor/Te-no_0094.jpg,2,2,notumor,notumor,0.9481114312471262,1,0.005713822990677016,0.028568858839688745,0.9481114312471262,0.01760588692250805
703,data/brain_tumor/Testing/notumor/Te-no_0095.jpg,2,2,notumor,notumor,0.6696017037928739,1,0.3044175619042502,0.014759320384238675,0.6696017037928739,0.011221413918637258
704,data/brain_tumor/Testing/notumor/Te-no_0096.jpg,2,2,notumor,notumor,0.8216911829829985,1,0.06021545656747784,0.07145491481980024,0.8216911829829985,0.04663844562972341
705,data/brain_tumor/Testing/notumor/Te-no_0097.jpg,2,2,notumor,notumor,0.9758300878223725,1,0.010029144390940761,0.007748687701563474,0.9758300878223725,0.006392080085123284
706,data/brain_tumor/Testing/notumor/Te-no_0098.jpg,2,1,notumor,meningioma,0.8640076485281208,0,0.016310620253666693,0.8640076485281208,0.10718824668152004,0.012493484536692424
707,data/brain_tumor/Testing/notumor/Te-no_0099.jpg,2,2,notumor,notumor,0.6280402131724964,1,0.019881725877783436,0.3338728329435938,0.6280402131724964,0.018205228006126395
708,data/brain_tumor/Testing/notumor/Te-no_0100.jpg,2,2,notumor,notumor,0.9724968640098917,1,0.011382657997459822,0.008964956708832319,0.9724968640098917,0.007155521283816244
709,data/brain_tumor/Testing/notumor/Te-no_0101.jpg,2,2,notumor,notumor,0.6416520262749211,1,0.06117906041020515,0.16182831894328112,0.6416520262749211,0.13534059437159265
710,data/brain_tumor/Testing/notumor/Te-no_0102.jpg,2,2,notumor,notumor,0.9548897262788997,1,0.01962651149848909,0.010224042584106842,0.9548897262788997,0.01525971963850442
711,data/brain_tumor/Testing/notumor/Te-no_0103.jpg,2,2,notumor,notumor,0.9584208907397627,1,0.01810124663152588,0.010632270877256586,0.9584208907397627,0.012845591751454848
712,data/brain_tumor/Testing/notumor/Te-no_0104.jpg,2,2,notumor,notumor,0.45463657108763283,1,0.2412115479237764,0.1621523298115927,0.45463657108763283,0.14199955117699808
713,data/brain_tumor/Testing/notumor/Te-no_0105.jpg,2,2,notumor,notumor,0.9488203463687166,1,0.017477188145424875,0.019908463452608098,0.9488203463687166,0.013794002033250393
714,data/brain_tumor/Testing/notumor/Te-no_0106.jpg,2,2,notumor,notumor,0.967707956329095,1,0.013943939820384957,0.008330441289508637,0.967707956329095,0.010017662561011397
715,data/brain_tumor/Testing/notumor/Te-no_0107.jpg,2,2,notumor,notumor,0.9562995806526752,1,0.017057152866145536,0.01143596316491383,0.9562995806526752,0.015207303316265432
716,data/brain_tumor/Testing/notumor/Te-no_0108.jpg,2,2,notumor,notumor,0.9709370302786036,1,0.013562756921880921,0.0077944613339035644,0.9709370302786036,0.0077057514656119095
717,data/brain_tumor/Testing/notumor/Te-no_0109.jpg,2,2,notumor,notumor,0.9608530208825934,1,0.016303217721772192,0.010052257638752083,0.9608530208825934,0.012791503756882315
718,data/brain_tumor/Testing/notumor/Te-no_0110.jpg,2,1,notumor,meningioma,1.0,0,0.0,1.0,0.0,0.0
719,data/brain_tumor/Testing/notumor/Te-no_0111.jpg,2,2,notumor,notumor,0.9429221441948088,1,0.020027081760626415,0.022538629557143863,0.9429221441948088,0.014512144487420975
720,data/brain_tumor/Testing/notumor/Te-no_0112.jpg,2,2,notumor,notumor,0.9717854089439635,1,0.012306204779243199,0.008025021150265446,0.9717854089439635,0.007883365126527904
721,data/brain_tumor/Testing/notumor/Te-no_0113.jpg,2,2,notumor,notumor,0.9622273637911013,1,0.014281617810323088,0.010046476077203244,0.9622273637911013,0.013444542321372401
722,data/brain_tumor/Testing/notumor/Te-no_0114.jpg,2,2,notumor,notumor,0.9468083915974398,1,0.02025381276218529,0.015366610970752056,0.9468083915974398,0.017571184669622878
723,data/brain_tumor/Testing/notumor/Te-no_0115.jpg,2,2,notumor,notumor,0.9541319013323286,1,0.016581582733461595,0.011152038586152173,0.9541319013323286,0.01813447734805757
724,data/brain_tumor/Testing/notumor/Te-no_0116.jpg,2,2,notumor,notumor,0.9568383222406138,1,0.01800658204787611,0.0109198569812607,0.9568383222406138,0.014235238730249313
725,data/brain_tumor/Testing/notumor/Te-no_0117.jpg,2,2,notumor,notumor,0.9587289092737837,1,0.01551001887845689,0.011043218206711468,0.9587289092737837,0.014717853641047893
726,data/brain_tumor/Testing/notumor/Te-no_0118.jpg,2,2,notumor,notumor,0.9618579696363082,1,0.010748439679026923,0.012921480526824855,0.9618579696363082,0.014472110157840019
727,data/brain_tumor/Testing/notumor/Te-no_0119.jpg,2,2,notumor,notumor,0.9512914053477128,1,0.01807923099962995,0.013922373170016057,0.9512914053477128,0.016706990482641154
728,data/brain_tumor/Testing/notumor/Te-no_0120.jpg,2,2,notumor,notumor,0.9632212438909419,1,0.01647569039065278,0.00925164196336197,0.9632212438909419,0.011051423755043359
729,data/brain_tumor/Testing/notumor/Te-no_0121.jpg,2,2,notumor,notumor,0.9534546580843003,1,0.01843391817221037,0.010987505828379925,0.9534546580843003,0.01712391791510945
730,data/brain_tumor/Testing/notumor/Te-no_0122.jpg,2,2,notumor,notumor,0.9614478559515505,1,0.015240578327003913,0.011979397459091407,0.9614478559515505,0.011332168262354232
731,data/brain_tumor/Testing/notumor/Te-no_0123.jpg,2,2,notumor,notumor,0.9637387497298129,1,0.015686511189902094,0.009801203814273504,0.9637387497298129,0.010773535266011543
732,data/brain_tumor/Testing/notumor/Te-no_0124.jpg,2,2,notumor,notumor,0.9599099648008872,1,0.016372684206373795,0.011455958581090437,0.9599099648008872,0.012261392411648567
733,data/brain_tumor/Testing/notumor/Te-no_0125.jpg,2,2,notumor,notumor,0.9698965251384439,1,0.01177075282816324,0.008404571304702338,0.9698965251384439,0.009928150728690462
734,data/brain_tumor/Testing/notumor/Te-no_0126.jpg,2,2,notumor,notumor,0.9673913975458802,1,0.011672411637645739,0.00668519944819158,0.9673913975458802,0.014250991368282423
735,data/brain_tumor/Testing/notumor/Te-no_0127.jpg,2,2,notumor,notumor,0.9634501768700857,1,0.013381724844055988,0.010337286159572877,0.9634501768700857,0.01283081212628538
736,data/brain_tumor/Testing/notumor/Te-no_0128.jpg,2,2,notumor,notumor,0.9582556113194584,1,0.01329101187388906,0.016316440336323353,0.9582556113194584,0.012136936470329214
737,data/brain_tumor/Testing/notumor/Te-no_0129.jpg,2,2,notumor,notumor,0.9767774325100398,1,0.008594005876890732,0.005144737499478116,0.9767774325100398,0.009483824113591418
738,data/brain_tumor/Testing/notumor/Te-no_0130.jpg,2,2,notumor,notumor,0.9696884742288958,1,0.01281136645673647,0.007439702742323556,0.9696884742288958,0.010060456572044216
739,data/brain_tumor/Testing/notumor/Te-no_0131.jpg,2,2,notumor,notumor,0.9711664607565295,1,0.014061815591434268,0.007686394954717319,0.9711664607565295,0.007085328697318979
740,data/brain_tumor/Testing/notumor/Te-no_0132.jpg,2,2,notumor,notumor,0.9585160155735073,1,0.015479735260262377,0.012363998723261199,0.9585160155735073,0.013640250442969098
741,data/brain_tumor/Testing/notumor/Te-no_0133.jpg,2,2,notumor,notumor,0.9729586325181906,1,0.010612817570115772,0.008563672264174605,0.9729586325181906,0.007864877647519017
742,data/brain_tumor/Testing/notumor/Te-no_0134.jpg,2,2,notumor,notumor,0.9590395412126316,1,0.017425344753837505,0.010077579587320827,0.9590395412126316,0.01345753444621007
743,data/brain_tumor/Testing/notumor/Te-no_0135.jpg,2,2,notumor,notumor,0.9726705154392415,1,0.0069436134330551095,0.00879522244771467,0.9726705154392415,0.011590648679988711
744,data/brain_tumor/Testing/notumor/Te-no_0136.jpg,2,2,notumor,notumor,0.9624967615467217,1,0.015590059670521166,0.010656417120812103,0.9624967615467217,0.011256761661944984
745,data/brain_tumor/Testing/notumor/Te-no_0137.jpg,2,2,notumor,notumor,0.9569495685723911,1,0.01984269806514552,0.011172253133787195,0.9569495685723911,0.012035480228676171
746,data/brain_tumor/Testing/notumor/Te-no_0138.jpg,2,2,notumor,notumor,0.9603617397028208,1,0.014314773799143542,0.009498840401389944,0.9603617397028208,0.015824646096645724
747,data/brain_tumor/Testing/notumor/Te-no_0139.jpg,2,2,notumor,notumor,0.9622654870046978,1,0.018303200517300514,0.009395049841166242,0.9622654870046978,0.010036262636835396
748,data/brain_tumor/Testing/notumor/Te-no_0140.jpg,2,2,notumor,notumor,0.9653091214001548,1,0.014775096069181266,0.007646221043183452,0.9653091214001548,0.012269561487480459
749,data/brain_tumor/Testing/notumor/Te-no_0141.jpg,2,2,notumor,notumor,0.9432842388860087,1,0.019846315706142866,0.013927692972887283,0.9432842388860087,0.022941752434961177
750,data/brain_tumor/Testing/notumor/Te-no_0142.jpg,2,2,notumor,notumor,0.9619418087004873,1,0.012867496884774978,0.01022717232117738,0.9619418087004873,0.014963522093560333
751,data/brain_tumor/Testing/notumor/Te-no_0143.jpg,2,2,notumor,notumor,0.9586584208752484,1,0.01579665235221218,0.01183492665520203,0.9586584208752484,0.013710000117337319
752,data/brain_tumor/Testing/notumor/Te-no_0144.jpg,2,2,notumor,notumor,0.9564044858565488,1,0.015317896063131775,0.012034219240277472,0.9564044858565488,0.016243398840041973
753,data/brain_tumor/Testing/notumor/Te-no_0145.jpg,2,2,notumor,notumor,0.9629821195106806,1,0.01659908995846111,0.00939251541969464,0.9629821195106806,0.011026275111163693
754,data/brain_tumor/Testing/notumor/Te-no_0146.jpg,2,2,notumor,notumor,0.9530427127493728,1,0.017542458466188085,0.012994586042315062,0.9530427127493728,0.01642024274212403
755,data/brain_tumor/Testing/notumor/Te-no_0147.jpg,2,2,notumor,notumor,0.9689979029372178,1,0.011418619278212035,0.009550117027387894,0.9689979029372178,0.010033360757182246
756,data/brain_tumor/Testing/notumor/Te-no_0148.jpg,2,2,notumor,notumor,0.9609809487418585,1,0.01563384654524805,0.011353269410572147,0.9609809487418585,0.01203193530232136
757,data/brain_tumor/Testing/notumor/Te-no_0149.jpg,2,2,notumor,notumor,0.9648103728956593,1,0.014405069853686494,0.00912442674903294,0.9648103728956593,0.011660130501621286
758,data/brain_tumor/Testing/notumor/Te-no_0150.jpg,2,2,notumor,notumor,0.9581663811958201,1,0.014932087010692964,0.012249694635172781,0.9581663811958201,0.014651837158314106
759,data/brain_tumor/Testing/notumor/Te-no_0151.jpg,2,2,notumor,notumor,0.9714773649071448,1,0.01104857744806298,0.00787580179735399,0.9714773649071448,0.009598255847438324
760,data/brain_tumor/Testing/notumor/Te-no_0152.jpg,2,2,notumor,notumor,0.9572609734331143,1,0.016195837528972606,0.012129346930454275,0.9572609734331143,0.014413842107458726
761,data/brain_tumor/Testing/notumor/Te-no_0153.jpg,2,2,notumor,notumor,0.9468592119534303,1,0.01796750929509203,0.0183939208841025,0.9468592119534303,0.016779357867375215
762,data/brain_tumor/Testing/notumor/Te-no_0154.jpg,2,2,notumor,notumor,0.9660106164091653,1,0.01428954836797618,0.009186683658995541,0.9660106164091653,0.010513151563863019
763,data/brain_tumor/Testing/notumor/Te-no_0155.jpg,2,2,notumor,notumor,0.971755349071634,1,0.010481808231145449,0.006302633631900731,0.971755349071634,0.01146020906531982
764,data/brain_tumor/Testing/notumor/Te-no_0156.jpg,2,2,notumor,notumor,0.9583409426651494,1,0.016613603464223973,0.00790448530614328,0.9583409426651494,0.017140968564483435
765,data/brain_tumor/Testing/notumor/Te-no_0157.jpg,2,2,notumor,notumor,0.9431453487745725,1,0.0209419618687326,0.014136672230611328,0.9431453487745725,0.021776017126083628
766,data/brain_tumor/Testing/notumor/Te-no_0158.jpg,2,2,notumor,notumor,0.9575517852436718,1,0.015471804051320408,0.011526531848554641,0.9575517852436718,0.015449878856453138
767,data/brain_tumor/Testing/notumor/Te-no_0159.jpg,2,2,notumor,notumor,0.9554221905812632,1,0.01622107011828709,0.011619161424888474,0.9554221905812632,0.016737577875561262
768,data/brain_tumor/Testing/notumor/Te-no_0160.jpg,2,2,notumor,notumor,0.9607966812680865,1,0.014162759800661114,0.009954800805687454,0.9607966812680865,0.015085758125564935
769,data/brain_tumor/Testing/notumor/Te-no_0161.jpg,2,2,notumor,notumor,0.9576384771486024,1,0.015480408041317551,0.011406196915196707,0.9576384771486024,0.01547491789488336
770,data/brain_tumor/Testing/notumor/Te-no_0162.jpg,2,2,notumor,notumor,0.9643336118074807,1,0.012168035137803016,0.009993629716218071,0.9643336118074807,0.013504723338498238
771,data/brain_tumor/Testing/notumor/Te-no_0163.jpg,2,2,notumor,notumor,0.9554172567308707,1,0.016514758157265635,0.013421678746950133,0.9554172567308707,0.014646306364913509
772,data/brain_tumor/Testing/notumor/Te-no_0164.jpg,2,2,notumor,notumor,0.9660283878164907,1,0.012032728586193506,0.01052234223800552,0.9660283878164907,0.011416541359310311
773,data/brain_tumor/Testing/notumor/Te-no_0165.jpg,2,2,notumor,notumor,0.9569448036581412,1,0.015951625675954144,0.010474419006670623,0.9569448036581412,0.016629151659234113
774,data/brain_tumor/Testing/notumor/Te-no_0166.jpg,2,2,notumor,notumor,0.9616569151224474,1,0.013123749696627515,0.009868513979623437,0.9616569151224474,0.015350821201301629
775,data/brain_tumor/Testing/notumor/Te-no_0167.jpg,2,2,notumor,notumor,0.9671708597622664,1,0.012246811150490039,0.009426567017979805,0.9671708597622664,0.01115576206926381
776,data/brain_tumor/Testing/notumor/Te-no_0168.jpg,2,2,notumor,notumor,0.9257506900606806,1,0.02337845085893666,0.026650989924575947,0.9257506900606806,0.024219869155806845
777,data/brain_tumor/Testing/notumor/Te-no_0169.jpg,2,2,notumor,notumor,0.964206166973743,1,0.013189916838379867,0.010074117920183928,0.964206166973743,0.012529798267693272
778,data/brain_tumor/Testing/notumor/Te-no_0170.jpg,2,2,notumor,notumor,0.9673785637933888,1,0.010848057272616996,0.01101275423070771,0.9673785637933888,0.010760624703286427
779,data/brain_tumor/Testing/notumor/Te-no_0171.jpg,2,2,notumor,notumor,0.9705578427723787,1,0.011578806149033113,0.00779842007201235,0.9705578427723787,0.010064931006575854
780,data/brain_tumor/Testing/notumor/Te-no_0172.jpg,2,2,notumor,notumor,0.9462408041276696,1,0.01969685760666505,0.015109763781368938,0.9462408041276696,0.01895257448429636
781,data/brain_tumor/Testing/notumor/Te-no_0173.jpg,2,2,notumor,notumor,0.9625661480713578,1,0.013384780064800159,0.00897089588237065,0.9625661480713578,0.015078175981471419
782,data/brain_tumor/Testing/notumor/Te-no_0174.jpg,2,2,notumor,notumor,0.9658674390847318,1,0.014144975389042466,0.008998109766322631,0.9658674390847318,0.010989475759903023
783,data/brain_tumor/Testing/notumor/Te-no_0175.jpg,2,2,notumor,notumor,0.9598486113503162,1,0.015458820848429825,0.010178864305581578,0.9598486113503162,0.014513703495672449
784,data/brain_tumor/Testing/notumor/Te-no_0176.jpg,2,2,notumor,notumor,0.9692956100855513,1,0.011745211537049582,0.007851612666417518,0.9692956100855513,0.011107565710981574
785,data/brain_tumor/Testing/notumor/Te-no_0177.jpg,2,2,notumor,notumor,0.9571134946045946,1,0.015284684330102495,0.014062820789691965,0.9571134946045946,0.013539000275610943
786,data/brain_tumor/Testing/notumor/Te-no_0178.jpg,2,2,notumor,notumor,0.9722813254655185,1,0.013104147125220076,0.007602372583905554,0.9722813254655185,0.007012154825355918
787,data/brain_tumor/Testing/notumor/Te-no_0179.jpg,2,2,notumor,notumor,0.9659168268131737,1,0.013971313111056583,0.00972974687412004,0.9659168268131737,0.010382113201649683
788,data/brain_tumor/Testing/notumor/Te-no_0180.jpg,2,2,notumor,notumor,0.9616785865365521,1,0.017053921971223577,0.010863444342962781,0.9616785865365521,0.010404047149261478
789,data/brain_tumor/Testing/notumor/Te-no_0181.jpg,2,2,notumor,notumor,0.9712817234718029,1,0.011161323137820223,0.008948078910347271,0.9712817234718029,0.008608874480029591
790,data/brain_tumor/Testing/notumor/Te-no_0182.jpg,2,2,notumor,notumor,0.9568610903240686,1,0.01822709500505797,0.01068868687278864,0.9568610903240686,0.014223127798084786
791,data/brain_tumor/Testing/notumor/Te-no_0183.jpg,2,2,notumor,notumor,0.9585630857998018,1,0.0159082747403224,0.01604044431432916,0.9585630857998018,0.009488195145546663
792,data/brain_tumor/Testing/notumor/Te-no_0184.jpg,2,2,notumor,notumor,0.9686354877499292,1,0.01330809185932838,0.008638141572199911,0.9686354877499292,0.009418278818542488
793,data/brain_tumor/Testing/notumor/Te-no_0185.jpg,2,2,notumor,notumor,0.9663457735486454,1,0.014148721273773519,0.008060736469075971,0.9663457735486454,0.011444768708505174
794,data/brain_tumor/Testing/notumor/Te-no_0186.jpg,2,2,notumor,notumor,0.9551714792173097,1,0.01760435874021182,0.014858219048821633,0.9551714792173097,0.012365942993656866
795,data/brain_tumor/Testing/notumor/Te-no_0187.jpg,2,2,notumor,notumor,0.9439022161316629,1,0.026349981385424794,0.011544991022447122,0.9439022161316629,0.018202811460465127
796,data/brain_tumor/Testing/notumor/Te-no_0188.jpg,2,2,notumor,notumor,0.9656237138988517,1,0.011207703240036424,0.010252297617208734,0.9656237138988517,0.012916285243903165
797,data/brain_tumor/Testing/notumor/Te-no_0189.jpg,2,2,notumor,notumor,0.9618965365263996,1,0.0166586179757075,0.009739843502594901,0.9618965365263996,0.011705001995297951
798,data/brain_tumor/Testing/notumor/Te-no_0190.jpg,2,2,notumor,notumor,0.9506043594118172,1,0.018524282456927662,0.011003817892793385,0.9506043594118172,0.019867540238461746
799,data/brain_tumor/Testing/notumor/Te-no_0191.jpg,2,2,notumor,notumor,0.9699707848618592,1,0.011677918290820903,0.007222230245307685,0.9699707848618592,0.011129066602012265
800,data/brain_tumor/Testing/notumor/Te-no_0192.jpg,2,2,notumor,notumor,0.959289144909369,1,0.017867605234635358,0.00949583527373606,0.959289144909369,0.013347414582259591
801,data/brain_tumor/Testing/notumor/Te-no_0193.jpg,2,2,notumor,notumor,0.9603412675832117,1,0.01333998692527423,0.01135969898581729,0.9603412675832117,0.014959046505696724
802,data/brain_tumor/Testing/notumor/Te-no_0194.jpg,2,2,notumor,notumor,0.9745714098638177,1,0.01164528057307411,0.006057631148003553,0.9745714098638177,0.00772567841510457
803,data/brain_tumor/Testing/notumor/Te-no_0195.jpg,2,2,notumor,notumor,0.9601072847863154,1,0.013306678520639959,0.011216166638139013,0.9601072847863154,0.015369870054905676
804,data/brain_tumor/Testing/notumor/Te-no_0196.jpg,2,2,notumor,notumor,0.9659766230963558,1,0.013367139286159525,0.009012438986033385,0.9659766230963558,0.011643798631451326
805,data/brain_tumor/Testing/notumor/Te-no_0197.jpg,2,2,notumor,notumor,0.9553482612577587,1,0.018552761680423146,0.011221467611373596,0.9553482612577587,0.014877509450444566
806,data/brain_tumor/Testing/notumor/Te-no_0198.jpg,2,2,notumor,notumor,0.9711413207116949,1,0.012334025240956347,0.007413386698289737,0.9711413207116949,0.00911126734905903
807,data/brain_tumor/Testing/notumor/Te-no_0199.jpg,2,2,notumor,notumor,0.9621342312714476,1,0.014175715591070788,0.008694434586937153,0.9621342312714476,0.01499561855054446
808,data/brain_tumor/Testing/notumor/Te-no_0200.jpg,2,2,notumor,notumor,0.9597104111338093,1,0.017944598420056156,0.008672248499421182,0.9597104111338093,0.013672741946713368
809,data/brain_tumor/Testing/notumor/Te-no_0201.jpg,2,2,notumor,notumor,0.9488024133235261,1,0.02020496506282122,0.01893961805652756,0.9488024133235261,0.012053003557125113
810,data/brain_tumor/Testing/notumor/Te-no_0202.jpg,2,2,notumor,notumor,0.9615338641719381,1,0.011830960642808242,0.011194588845857377,0.9615338641719381,0.015440586339396331
811,data/brain_tumor/Testing/notumor/Te-no_0203.jpg,2,2,notumor,notumor,0.9583391029539816,1,0.01919740334763248,0.011238856565343514,0.9583391029539816,0.011224637133042371
812,data/brain_tumor/Testing/notumor/Te-no_0204.jpg,2,2,notumor,notumor,0.9603174373522282,1,0.012952735707875042,0.013670525577247728,0.9603174373522282,0.013059301362649078
813,data/brain_tumor/Testing/notumor/Te-no_0205.jpg,2,2,notumor,notumor,0.9611556961217577,1,0.015897948899003065,0.010423653865223212,0.9611556961217577,0.012522701114016032
814,data/brain_tumor/Testing/notumor/Te-no_0206.jpg,2,2,notumor,notumor,0.967901988493059,1,0.011595509751961403,0.010578512968110635,0.967901988493059,0.00992398878686894
815,data/brain_tumor/Testing/notumor/Te-no_0207.jpg,2,2,notumor,notumor,0.9613843067771412,1,0.014366816924721998,0.010622693612940472,0.9613843067771412,0.013626182685196355
816,data/brain_tumor/Testing/notumor/Te-no_0208.jpg,2,2,notumor,notumor,0.9680690355159891,1,0.00867724661266923,0.006508806910225456,0.9680690355159891,0.016744910961116247
817,data/brain_tumor/Testing/notumor/Te-no_0209.jpg,2,2,notumor,notumor,0.9536651817967109,1,0.01369632013809174,0.013275465717834497,0.9536651817967109,0.019363032347362908
818,data/brain_tumor/Testing/notumor/Te-no_0210.jpg,2,2,notumor,notumor,0.9678135135693777,1,0.014378158744533857,0.008304786543547143,0.9678135135693777,0.009503541142541237
819,data/brain_tumor/Testing/notumor/Te-no_0211.jpg,2,2,notumor,notumor,0.9609915184531427,1,0.015314406030726164,0.011424736540403818,0.9609915184531427,0.012269338975727306
820,data/brain_tumor/Testing/notumor/Te-no_0212.jpg,2,2,notumor,notumor,0.9507660715253807,1,0.018559645567541964,0.008625821073875802,0.9507660715253807,0.02204846183320149
821,data/brain_tumor/Testing/notumor/Te-no_0213.jpg,2,2,notumor,notumor,0.9539580220771838,1,0.016661345741470494,0.014717180089987328,0.9539580220771838,0.014663452091358295
822,data/brain_tumor/Testing/notumor/Te-no_0214.jpg,2,2,notumor,notumor,0.9663037457665101,1,0.012299540025349484,0.009791068202636205,0.9663037457665101,0.011605646005504228
823,data/brain_tumor/Testing/notumor/Te-no_0215.jpg,2,2,notumor,notumor,0.9657867881246276,1,0.013813697195435699,0.007398195343105234,0.9657867881246276,0.013001319336831468
824,data/brain_tumor/Testing/notumor/Te-no_0216.jpg,2,2,notumor,notumor,0.9618212459390294,1,0.012169545185739077,0.01480150854632254,0.9618212459390294,0.01120770032890897
825,data/brain_tumor/Testing/notumor/Te-no_0217.jpg,2,2,notumor,notumor,0.9592081460231342,1,0.016727017503566387,0.010858859107457665,0.9592081460231342,0.01320597736584173
826,data/brain_tumor/Testing/notumor/Te-no_0218.jpg,2,2,notumor,notumor,0.9717400585332078,1,0.014260596414770649,0.0076537182856677875,0.9717400585332078,0.006345626766353764
827,data/brain_tumor/Testing/notumor/Te-no_0219.jpg,2,2,notumor,notumor,0.9444468916498072,1,0.022014642831401764,0.01706236282374741,0.9444468916498072,0.016476102695043657
828,data/brain_tumor/Testing/notumor/Te-no_0220.jpg,2,2,notumor,notumor,0.9665852163970657,1,0.01200276163575188,0.010593994771143757,0.9665852163970657,0.010818027196038629
829,data/brain_tumor/Testing/notumor/Te-no_0221.jpg,2,2,notumor,notumor,0.9656821540828003,1,0.014020701879160977,0.010341723211672224,0.9656821540828003,0.00995542082636645
830,data/brain_tumor/Testing/notumor/Te-no_0222.jpg,2,2,notumor,notumor,0.9675091730316443,1,0.00805317442987986,0.010318030843465376,0.9675091730316443,0.014119621695010496
831,data/brain_tumor/Testing/notumor/Te-no_0223.jpg,2,2,notumor,notumor,0.9616031239744742,1,0.015312232342576587,0.011060597152647672,0.9616031239744742,0.012024046530301485
832,data/brain_tumor/Testing/notumor/Te-no_0224.jpg,2,2,notumor,notumor,0.9587675971504385,1,0.018847995280683313,0.011088695668150548,0.9587675971504385,0.011295711900727696
833,data/brain_tumor/Testing/notumor/Te-no_0225.jpg,2,2,notumor,notumor,0.970537366794245,1,0.011907397597708492,0.005487095448995044,0.970537366794245,0.012068140159051494
834,data/brain_tumor/Testing/notumor/Te-no_0226.jpg,2,2,notumor,notumor,0.9715713714981159,1,0.010625819239105062,0.005039957586673908,0.9715713714981159,0.012762851676105134
835,data/brain_tumor/Testing/notumor/Te-no_0227.jpg,2,2,notumor,notumor,0.9678132280492249,1,0.01347617945828924,0.006959700271923663,0.9678132280492249,0.011750892220562234
836,data/brain_tumor/Testing/notumor/Te-no_0228.jpg,2,2,notumor,notumor,0.9477144811009668,1,0.01506296503181667,0.01782130027689132,0.9477144811009668,0.019401253590325258
837,data/brain_tumor/Testing/notumor/Te-no_0229.jpg,2,2,notumor,notumor,0.9555411258515664,1,0.015035179310782227,0.010356120032197682,0.9555411258515664,0.019067574805453714
838,data/brain_tumor/Testing/notumor/Te-no_0230.jpg,2,2,notumor,notumor,0.9504283498431196,1,0.018399810092899583,0.013803721161307113,0.9504283498431196,0.017368118902673705
839,data/brain_tumor/Testing/notumor/Te-no_0231.jpg,2,2,notumor,notumor,0.9516014596288289,1,0.01606372122959128,0.014264693655045306,0.9516014596288289,0.018070125486534475
840,data/brain_tumor/Testing/notumor/Te-no_0232.jpg,2,2,notumor,notumor,0.9702611954149152,1,0.015246099471656864,0.006998332497597018,0.9702611954149152,0.007494372615830994
841,data/brain_tumor/Testing/notumor/Te-no_0233.jpg,2,2,notumor,notumor,0.9417737739938754,1,0.02229693349878664,0.015130125014353776,0.9417737739938754,0.020799167492984175
842,data/brain_tumor/Testing/notumor/Te-no_0234.jpg,2,2,notumor,notumor,0.970376745328684,1,0.012613604976265956,0.00823385840279571,0.970376745328684,0.008775791292254302
843,data/brain_tumor/Testing/notumor/Te-no_0235.jpg,2,2,notumor,notumor,0.9694885945737648,1,0.014364600724937934,0.007788796698790878,0.9694885945737648,0.008358008002506353
844,data/brain_tumor/Testing/notumor/Te-no_0236.jpg,2,2,notumor,notumor,0.9748695633471741,1,0.007117382819130489,0.006364150064666128,0.9748695633471741,0.011648903769029313
845,data/brain_tumor/Testing/notumor/Te-no_0237.jpg,2,2,notumor,notumor,0.9461393458919568,1,0.02917697873533628,0.011127145380601155,0.9461393458919568,0.013556529992105737
846,data/brain_tumor/Testing/notumor/Te-no_0238.jpg,2,2,notumor,notumor,0.9563637188788149,1,0.016132097375789616,0.011430074237257653,0.9563637188788149,0.01607410950813787
847,data/brain_tumor/Testing/notumor/Te-no_0239.jpg,2,2,notumor,notumor,0.9556732996010421,1,0.016757159769720666,0.012939183466652682,0.9556732996010421,0.01463035716258455
848,data/brain_tumor/Testing/notumor/Te-no_0240.jpg,2,2,notumor,notumor,0.9695770948270196,1,0.015646196275217048,0.007000398076123448,0.9695770948270196,0.007776310821639965
849,data/brain_tumor/Testing/notumor/Te-no_0241.jpg,2,2,notumor,notumor,0.9782637757876225,1,0.007681461362958495,0.00517394569586978,0.9782637757876225,0.008880817153549223
850,data/brain_tumor/Testing/notumor/Te-no_0242.jpg,2,2,notumor,notumor,0.9723887965485725,1,0.011619643438743787,0.007577645070156329,0.9723887965485725,0.008413914942527464
851,data/brain_tumor/Testing/notumor/Te-no_0243.jpg,2,2,notumor,notumor,0.9721824569058262,1,0.012585019587766269,0.00736865682479954,0.9721824569058262,0.007863866681608
852,data/brain_tumor/Testing/notumor/Te-no_0244.jpg,2,2,notumor,notumor,0.9488587533655226,1,0.01773384875925962,0.01669299338511222,0.9488587533655226,0.016714404490105597
853,data/brain_tumor/Testing/notumor/Te-no_0245.jpg,2,2,notumor,notumor,0.9574408612824096,1,0.018282142830493724,0.011486129716919603,0.9574408612824096,0.012790866170177077
854,data/brain_tumor/Testing/notumor/Te-no_0246.jpg,2,2,notumor,notumor,0.9643076292390953,1,0.013009503667125792,0.009387759364837652,0.9643076292390953,0.013295107728941283
855,data/brain_tumor/Testing/notumor/Te-no_0247.jpg,2,2,notumor,notumor,0.9606870998861315,1,0.0156439161157948,0.0075156716557932025,0.9606870998861315,0.016153312342280485
856,data/brain_tumor/Testing/notumor/Te-no_0248.jpg,2,2,notumor,notumor,0.9631100534234176,1,0.015126075963449628,0.008981222883566361,0.9631100534234176,0.012782647729566405
857,data/brain_tumor/Testing/notumor/Te-no_0249.jpg,2,2,notumor,notumor,0.9613306391883578,1,0.013393996000744209,0.013073390051551427,0.9613306391883578,0.012201974759346514
858,data/brain_tumor/Testing/notumor/Te-no_0250.jpg,2,2,notumor,notumor,0.9496847523797968,1,0.019433850693989323,0.01484169738611715,0.9496847523797968,0.016039699540096795
859,data/brain_tumor/Testing/notumor/Te-no_0251.jpg,2,2,notumor,notumor,0.9446599553872641,1,0.02349500003080815,0.014461079720117745,0.9446599553872641,0.017383964861809945
860,data/brain_tumor/Testing/notumor/Te-no_0252.jpg,2,2,notumor,notumor,0.9574810471591205,1,0.01582475785535707,0.013121030574463032,0.9574810471591205,0.013573164411059378
861,data/brain_tumor/Testing/notumor/Te-no_0253.jpg,2,2,notumor,notumor,0.9673679262370065,1,0.011874172380743,0.00980242101615677,0.9673679262370065,0.010955480366093718
862,data/brain_tumor/Testing/notumor/Te-no_0254.jpg,2,2,notumor,notumor,0.9668175722184416,1,0.011779703375394694,0.0108925906701772,0.9668175722184416,0.010510133735986556
863,data/brain_tumor/Testing/notumor/Te-no_0255.jpg,2,2,notumor,notumor,0.957794058487262,1,0.01622426202712491,0.0125643983435334,0.957794058487262,0.013417281142079745
864,data/brain_tumor/Testing/notumor/Te-no_0256.jpg,2,2,notumor,notumor,0.9520424121649871,1,0.022138245190549282,0.011768880245751161,0.9520424121649871,0.014050462398712516
865,data/brain_tumor/Testing/notumor/Te-no_0257.jpg,2,2,notumor,notumor,0.9628529960585659,1,0.012962016158089595,0.009535877192745623,0.9628529960585659,0.014649110590598898
866,data/brain_tumor/Testing/notumor/Te-no_0258.jpg,2,2,notumor,notumor,0.9451963516741175,1,0.019465262505380717,0.013848813560206001,0.9451963516741175,0.021489572260295724
867,data/brain_tumor/Testing/notumor/Te-no_0259.jpg,2,2,notumor,notumor,0.9668234914401033,1,0.011452420522056176,0.009579506777569045,0.9668234914401033,0.012144581260271556
868,data/brain_tumor/Testing/notumor/Te-no_0260.jpg,2,2,notumor,notumor,0.9700851309666263,1,0.010751757355141923,0.006932310626855118,0.9700851309666263,0.012230801051376625
869,data/brain_tumor/Testing/notumor/Te-no_0261.jpg,2,2,notumor,notumor,0.9578016917710175,1,0.015291577099740014,0.010278720032578112,0.9578016917710175,0.016628011096664373
870,data/brain_tumor/Testing/notumor/Te-no_0262.jpg,2,2,notumor,notumor,0.9588750993744511,1,0.015051559230562865,0.012699160313944382,0.9588750993744511,0.013374181081041664
871,data/brain_tumor/Testing/notumor/Te-no_0263.jpg,2,2,notumor,notumor,0.9670885331362853,1,0.013025568036695898,0.009394793893701504,0.9670885331362853,0.010491104933317256
872,data/brain_tumor/Testing/notumor/Te-no_0264.jpg,2,2,notumor,notumor,0.9345732279052591,1,0.026656966507489048,0.014934195122117949,0.9345732279052591,0.023835610465133876
873,data/brain_tumor/Testing/notumor/Te-no_0265.jpg,2,2,notumor,notumor,0.9559082451195994,1,0.01575118499832069,0.011966615061989339,0.9559082451195994,0.01637395482009061
874,data/brain_tumor/Testing/notumor/Te-no_0266.jpg,2,2,notumor,notumor,0.9620410186014305,1,0.016007186815129245,0.009315848333172783,0.9620410186014305,0.012635946250267427
875,data/brain_tumor/Testing/notumor/Te-no_0267.jpg,2,2,notumor,notumor,0.9578802435603107,1,0.017887581972758377,0.011429402578128621,0.9578802435603107,0.012802771888802382
876,data/brain_tumor/Testing/notumor/Te-no_0268.jpg,2,2,notumor,notumor,0.9440292548979112,1,0.020517412210040883,0.010482857749635076,0.9440292548979112,0.024970475142412792
877,data/brain_tumor/Testing/notumor/Te-no_0269.jpg,2,2,notumor,notumor,0.9584308336047277,1,0.0178736661984154,0.011018675146529607,0.9584308336047277,0.012676825050327295
878,data/brain_tumor/Testing/notumor/Te-no_0270.jpg,2,2,notumor,notumor,0.9535584440887361,1,0.018277101201678532,0.011099598360155153,0.9535584440887361,0.017064856349430182
879,data/brain_tumor/Testing/notumor/Te-no_0271.jpg,2,2,notumor,notumor,0.5332781076431274,1,0.03471483290195465,0.17195843160152435,0.5332781076431274,0.26004862785339355
880,data/brain_tumor/Testing/notumor/Te-no_0272.jpg,2,2,notumor,notumor,0.9368897377087279,1,0.020464333422283956,0.02191871660317887,0.9368897377087279,0.02072721226580927
881,data/brain_tumor/Testing/notumor/Te-no_0273.jpg,2,2,notumor,notumor,0.9720171424361185,1,0.00979490797735205,0.01062130125954514,0.9720171424361185,0.007566648326984293
882,data/brain_tumor/Testing/notumor/Te-no_0274.jpg,2,2,notumor,notumor,0.9670952403803047,1,0.011101038701786563,0.009310775861356424,0.9670952403803047,0.012492945056552353
883,data/brain_tumor/Testing/notumor/Te-no_0275.jpg,2,2,notumor,notumor,0.9719658323399668,1,0.010591660158529904,0.00831128134450896,0.9719658323399668,0.009131226156994356
884,data/brain_tumor/Testing/notumor/Te-no_0276.jpg,2,2,notumor,notumor,0.9697127342214431,1,0.01062054773703576,0.008355244480589278,0.9697127342214431,0.011311473560931855
885,data/brain_tumor/Testing/notumor/Te-no_0277.jpg,2,2,notumor,notumor,0.961361277384966,1,0.014563745642706107,0.011600355477254258,0.961361277384966,0.012474621495073588
886,data/brain_tumor/Testing/notumor/Te-no_0278.jpg,2,2,notumor,notumor,0.9538443329243238,1,0.018044852910755093,0.013535551222579508,0.9538443329243238,0.014575262942341606
887,data/brain_tumor/Testing/notumor/Te-no_0279.jpg,2,2,notumor,notumor,0.9387977577908742,1,0.023087353632359198,0.014005110346028337,0.9387977577908742,0.02410977823073833
888,data/brain_tumor/Testing/notumor/Te-no_0280.jpg,2,2,notumor,notumor,0.5008735759362752,1,0.016660537912074322,0.027348919400643767,0.5008735759362752,0.45511696675100666
889,data/brain_tumor/Testing/notumor/Te-no_0281.jpg,2,2,notumor,notumor,0.945235815854999,1,0.020785003184298875,0.014807932499895336,0.945235815854999,0.019171248460806728
890,data/brain_tumor/Testing/notumor/Te-no_0282.jpg,2,2,notumor,notumor,0.9700880683084622,1,0.011340558336897831,0.00918982237883617,0.9700880683084622,0.009381550975803815
891,data/brain_tumor/Testing/notumor/Te-no_0283.jpg,2,2,notumor,notumor,0.9690211307409702,1,0.012514832451793429,0.009194179701482862,0.9690211307409702,0.00926985710575352
892,data/brain_tumor/Testing/notumor/Te-no_0284.jpg,2,2,notumor,notumor,0.9657584617668089,1,0.011991282228209941,0.010174831574476755,0.9657584617668089,0.01207542443050436
893,data/brain_tumor/Testing/notumor/Te-no_0285.jpg,2,2,notumor,notumor,0.9647913736908181,1,0.01224485525899324,0.011193162949268644,0.9647913736908181,0.011770608100919934
894,data/brain_tumor/Testing/notumor/Te-no_0286.jpg,2,2,notumor,notumor,0.9732667284764044,1,0.01073625878548082,0.0070835152270364386,0.9732667284764044,0.008913497511078351
895,data/brain_tumor/Testing/notumor/Te-no_0287.jpg,2,2,notumor,notumor,0.9549314664466294,1,0.015148119507185944,0.01561347344287525,0.9549314664466294,0.014306940603309384
896,data/brain_tumor/Testing/notumor/Te-no_0288.jpg,2,2,notumor,notumor,0.9651267809984858,1,0.015342771506871094,0.009779632704065046,0.9651267809984858,0.009750814790578077
897,data/brain_tumor/Testing/notumor/Te-no_0289.jpg,2,2,notumor,notumor,0.9587436139817608,1,0.0160290372366265,0.011052760089696197,0.9587436139817608,0.014174588691916528
898,data/brain_tumor/Testing/notumor/Te-no_0290.jpg,2,2,notumor,notumor,0.9717460952193615,1,0.010167594152976151,0.009702806442347596,0.9717460952193615,0.008383504185314791
899,data/brain_tumor/Testing/notumor/Te-no_0291.jpg,2,2,notumor,notumor,0.94136135719366,1,0.022636371913959112,0.018637328449348355,0.94136135719366,0.017364942443032542
900,data/brain_tumor/Testing/notumor/Te-no_0292.jpg,2,2,notumor,notumor,0.9572004247963238,1,0.01483702872677019,0.0138211337258905,0.9572004247963238,0.01414141275101545
901,data/brain_tumor/Testing/notumor/Te-no_0293.jpg,2,2,notumor,notumor,0.9637660141832359,1,0.013936042435212856,0.008570591703610518,0.9637660141832359,0.013727351677940697
902,data/brain_tumor/Testing/notumor/Te-no_0294.jpg,2,2,notumor,notumor,0.95638495690915,1,0.016860668668211252,0.010930454109181115,0.95638495690915,0.015823920313457644
903,data/brain_tumor/Testing/notumor/Te-no_0295.jpg,2,2,notumor,notumor,0.9698408986515878,1,0.011985618994309614,0.008942528211393942,0.9698408986515878,0.009230954142708605
904,data/brain_tumor/Testing/notumor/Te-no_0296.jpg,2,2,notumor,notumor,0.9626453097496838,1,0.018178693154455555,0.010564410596594869,0.9626453097496838,0.0086115864992658
905,data/brain_tumor/Testing/notumor/Te-no_0297.jpg,2,2,notumor,notumor,0.954846346570315,1,0.016775359706008446,0.010773595021158643,0.954846346570315,0.017604698702517945
906,data/brain_tumor/Testing/notumor/Te-no_0298.jpg,2,2,notumor,notumor,0.9725627364765839,1,0.0069809403159884,0.008242252761225297,0.9725627364765839,0.012214070446202386
907,data/brain_tumor/Testing/notumor/Te-no_0299.jpg,2,2,notumor,notumor,0.9514852576132953,1,0.02074892405818458,0.011605896760035463,0.9514852576132953,0.01615992156848465
908,data/brain_tumor/Testing/notumor/Te-no_0300.jpg,2,2,notumor,notumor,0.9655093110073766,1,0.014056768558191452,0.010344127652363614,0.9655093110073766,0.010089792782068396
909,data/brain_tumor/Testing/notumor/Te-no_0301.jpg,2,2,notumor,notumor,0.9549960325053664,1,0.016643833074501877,0.01374526763226829,0.9549960325053664,0.01461486678786346
910,data/brain_tumor/Testing/notumor/Te-no_0302.jpg,2,2,notumor,notumor,0.9629876788863357,1,0.01565345502104343,0.009793378265789273,0.9629876788863357,0.011565487826831596
911,data/brain_tumor/Testing/notumor/Te-no_0303.jpg,2,2,notumor,notumor,0.9474983723135817,1,0.017808379439559024,0.015998735874903053,0.9474983723135817,0.018694512371956254
912,data/brain_tumor/Testing/notumor/Te-no_0304.jpg,2,2,notumor,notumor,0.9782357101999722,1,0.007257244465206232,0.005599229065710341,0.9782357101999722,0.008907816269111165
913,data/brain_tumor/Testing/notumor/Te-no_0305.jpg,2,2,notumor,notumor,0.9035788523468495,1,0.014746039737563235,0.016344614951060352,0.9035788523468495,0.06533049296452684
914,data/brain_tumor/Testing/notumor/Te-no_0306.jpg,2,2,notumor,notumor,0.9555174139016794,1,0.013458439186564943,0.012376863543997137,0.9555174139016794,0.018647283367758477
915,data/brain_tumor/Testing/notumor/Te-no_0307.jpg,2,2,notumor,notumor,0.9642000614814449,1,0.014267248767106817,0.010290937306528216,0.9642000614814449,0.011241752444920084
916,data/brain_tumor/Testing/notumor/Te-no_0308.jpg,2,2,notumor,notumor,0.9675373723369054,1,0.011613958861349787,0.011235635131169413,0.9675373723369054,0.00961303367057543
917,data/brain_tumor/Testing/notumor/Te-no_0309.jpg,2,2,notumor,notumor,0.9463504302784416,1,0.017140277060245537,0.016023965982440175,0.9463504302784416,0.020485326678872703
918,data/brain_tumor/Testing/notumor/Te-no_0310.jpg,2,2,notumor,notumor,0.9633756123533519,1,0.012987505305919573,0.009968996502906856,0.9633756123533519,0.013667885837821667
919,data/brain_tumor/Testing/notumor/Te-no_0311.jpg,2,2,notumor,notumor,0.9581618050237257,1,0.01539314403533826,0.011961868641065257,0.9581618050237257,0.014483182299870731
920,data/brain_tumor/Testing/notumor/Te-no_0312.jpg,2,2,notumor,notumor,0.9703205950030396,1,0.013020376044270067,0.00826296263404744,0.9703205950030396,0.008396066318642861
921,data/brain_tumor/Testing/notumor/Te-no_0313.jpg,2,2,notumor,notumor,0.9565823425601342,1,0.019468490741468163,0.010524959685721834,0.9565823425601342,0.01342420701267577
922,data/brain_tumor/Testing/notumor/Te-no_0314.jpg,2,2,notumor,notumor,0.9601668104630361,1,0.014686662661501275,0.012672508902580551,0.9601668104630361,0.012474017972882062
923,data/brain_tumor/Testing/notumor/Te-no_0315.jpg,2,2,notumor,notumor,0.9443021407869625,1,0.025716463079940098,0.012135363172613678,0.9443021407869625,0.017846032960483774
924,data/brain_tumor/Testing/notumor/Te-no_0316.jpg,2,2,notumor,notumor,0.9666855344238556,1,0.012183203373274956,0.008964430549148871,0.9666855344238556,0.012166831653720542
925,data/brain_tumor/Testing/notumor/Te-no_0317.jpg,2,2,notumor,notumor,0.9528404332274134,1,0.018551872766735065,0.009503085024608894,0.9528404332274134,0.01910460898124264
926,data/brain_tumor/Testing/notumor/Te-no_0318.jpg,2,2,notumor,notumor,0.9665183105399832,1,0.016285990757725508,0.007707012096793456,0.9665183105399832,0.009488686605497846
927,data/brain_tumor/Testing/notumor/Te-no_0319.jpg,2,2,notumor,notumor,0.9670223456976373,1,0.013739164639913846,0.008474751778144708,0.9670223456976373,0.010763737884304143
928,data/brain_tumor/Testing/notumor/Te-no_0320.jpg,2,2,notumor,notumor,0.9652578013463342,1,0.013825117138319324,0.00861528974999794,0.9652578013463342,0.01230179176534853
929,data/brain_tumor/Testing/notumor/Te-no_0321.jpg,2,2,notumor,notumor,0.9640015449972055,1,0.01377886817529237,0.011320140082697055,0.9640015449972055,0.010899446744805157
930,data/brain_tumor/Testing/notumor/Te-no_0322.jpg,2,2,notumor,notumor,0.971273450735131,1,0.012325449276949887,0.007413674829090719,0.971273450735131,0.008987425158828397
931,data/brain_tumor/Testing/notumor/Te-no_0323.jpg,2,2,notumor,notumor,0.9541232728082429,1,0.01988155424418381,0.011161098423020517,0.9541232728082429,0.01483407452455274
932,data/brain_tumor/Testing/notumor/Te-no_0324.jpg,2,2,notumor,notumor,0.9439941468835967,1,0.026076588293973576,0.013105461129816974,0.9439941468835967,0.01682380369261273
933,data/brain_tumor/Testing/notumor/Te-no_0325.jpg,2,2,notumor,notumor,0.9601646962711262,1,0.014051447190625819,0.014777603105026389,0.9601646962711262,0.011006253433221612
934,data/brain_tumor/Testing/notumor/Te-no_0326.jpg,2,2,notumor,notumor,0.9634786539168337,1,0.012781608445034653,0.00642519982675389,0.9634786539168337,0.01731453781137775
935,data/brain_tumor/Testing/notumor/Te-no_0327.jpg,2,2,notumor,notumor,0.9679946538807953,1,0.011467392129175658,0.00838111868571048,0.9679946538807953,0.012156835304318544
936,data/brain_tumor/Testing/notumor/Te-no_0328.jpg,2,2,notumor,notumor,0.9702248654951015,1,0.00977309023307801,0.00939385006626952,0.9702248654951015,0.010608194205551003
937,data/brain_tumor/Testing/notumor/Te-no_0329.jpg,2,2,notumor,notumor,0.9582112010232388,1,0.013349254129626816,0.014419950876501948,0.9582112010232388,0.014019593970632448
938,data/brain_tumor/Testing/notumor/Te-no_0330.jpg,2,2,notumor,notumor,0.9658725160388167,1,0.013930758243605219,0.009020306632031561,0.9658725160388167,0.011176419085546443
939,data/brain_tumor/Testing/notumor/Te-no_0331.jpg,2,2,notumor,notumor,0.9723859252766468,1,0.012022590977660823,0.00800220281254225,0.9723859252766468,0.0075892809331501105
940,data/brain_tumor/Testing/notumor/Te-no_0332.jpg,2,2,notumor,notumor,0.9681730505759623,1,0.013841101384121873,0.008189740285659572,0.9681730505759623,0.009796107754256288
941,data/brain_tumor/Testing/notumor/Te-no_0333.jpg,2,2,notumor,notumor,0.9620596072081294,1,0.012088296993781797,0.006818160388239259,0.9620596072081294,0.019033935409849514
942,data/brain_tumor/Testing/notumor/Te-no_0334.jpg,2,2,notumor,notumor,0.9748178361865649,1,0.011428566229130731,0.007373121761494959,0.9748178361865649,0.006380475822809343
943,data/brain_tumor/Testing/notumor/Te-no_0335.jpg,2,2,notumor,notumor,0.9628622648466466,1,0.016527475989290687,0.00955200113745035,0.9628622648466466,0.011058258026612321
944,data/brain_tumor/Testing/notumor/Te-no_0336.jpg,2,2,notumor,notumor,0.9541812912333889,1,0.018377193037273462,0.009444408488148037,0.9541812912333889,0.017997107241189577
945,data/brain_tumor/Testing/notumor/Te-no_0337.jpg,2,2,notumor,notumor,0.9607688045387148,1,0.01460899111466123,0.011266168970373735,0.9607688045387148,0.013356035376250217
946,data/brain_tumor/Testing/notumor/Te-no_0338.jpg,2,2,notumor,notumor,0.9626560332369829,1,0.01611559026804494,0.009149173956302848,0.9626560332369829,0.012079202538669299
947,data/brain_tumor/Testing/notumor/Te-no_0339.jpg,2,2,notumor,notumor,0.9542091071160249,1,0.017145111406389402,0.012738557906158063,0.9542091071160249,0.015907223571427626
948,data/brain_tumor/Testing/notumor/Te-no_0340.jpg,2,2,notumor,notumor,0.9607749572389062,1,0.014208924943386648,0.012477527360918441,0.9607749572389062,0.01253859045678881
949,data/brain_tumor/Testing/notumor/Te-no_0341.jpg,2,2,notumor,notumor,0.9614180235698977,1,0.015224055268390848,0.012204835658143075,0.9614180235698977,0.011153085503568423
950,data/brain_tumor/Testing/notumor/Te-no_0342.jpg,2,2,notumor,notumor,0.9639392917092393,1,0.014944228066484183,0.010694293773390174,0.9639392917092393,0.01042218645088632
951,data/brain_tumor/Testing/notumor/Te-no_0343.jpg,2,2,notumor,notumor,0.9717282495729812,1,0.01114696035220062,0.007796760535000717,0.9717282495729812,0.009328029539817416
952,data/brain_tumor/Testing/notumor/Te-no_0344.jpg,2,2,notumor,notumor,0.9086443761250168,1,0.02420401353935983,0.029621088890576776,0.9086443761250168,0.03753052144504661
953,data/brain_tumor/Testing/notumor/Te-no_0345.jpg,2,2,notumor,notumor,0.9586967859436781,1,0.01263557952266046,0.012840830898869459,0.9586967859436781,0.01582680363479198
954,data/brain_tumor/Testing/notumor/Te-no_0346.jpg,2,2,notumor,notumor,0.9719246558012116,1,0.0136091745439276,0.007546079292338719,0.9719246558012116,0.00692009036252212
955,data/brain_tumor/Testing/notumor/Te-no_0347.jpg,2,2,notumor,notumor,0.9714629776780322,1,0.011132354993236223,0.008894777041419296,0.9714629776780322,0.00850989028731218
956,data/brain_tumor/Testing/notumor/Te-no_0348.jpg,2,2,notumor,notumor,0.9625149203336162,1,0.015791461484251333,0.010910764404186072,0.9625149203336162,0.010782853777946372
957,data/brain_tumor/Testing/notumor/Te-no_0349.jpg,2,2,notumor,notumor,0.9688409494168824,1,0.013361463113655206,0.00869478518543536,0.9688409494168824,0.009102802284027014
958,data/brain_tumor/Testing/notumor/Te-no_0350.jpg,2,2,notumor,notumor,0.9596661067307496,1,0.010152811208116007,0.013590879454534103,0.9596661067307496,0.01659020260660029
959,data/brain_tumor/Testing/notumor/Te-no_0351.jpg,2,2,notumor,notumor,0.9380306267560635,1,0.0205274546666291,0.016557556108317044,0.9380306267560635,0.02488436246899038
960,data/brain_tumor/Testing/notumor/Te-no_0352.jpg,2,2,notumor,notumor,0.9618627572337204,1,0.017364625146457927,0.009407288535047896,0.9618627572337204,0.011365329084773794
961,data/brain_tumor/Testing/notumor/Te-no_0353.jpg,2,2,notumor,notumor,0.9621478274364591,1,0.01571441434456774,0.010035030497074916,0.9621478274364591,0.012102727721898222
962,data/brain_tumor/Testing/notumor/Te-no_0354.jpg,2,2,notumor,notumor,0.9502435984571512,1,0.01740155380387872,0.011660623440169137,0.9502435984571512,0.020694224298800874
963,data/brain_tumor/Testing/notumor/Te-no_0355.jpg,2,2,notumor,notumor,0.9447479298576976,1,0.01797530323782116,0.018405121619703677,0.9447479298576976,0.0188716452847775
964,data/brain_tumor/Testing/notumor/Te-no_0356.jpg,2,2,notumor,notumor,0.9706949324947777,1,0.011441388784422567,0.00755907620955934,0.9706949324947777,0.01030460251124038
965,data/brain_tumor/Testing/notumor/Te-no_0357.jpg,2,2,notumor,notumor,0.9518335390699391,1,0.017667006569601545,0.013368109141527793,0.9518335390699391,0.017131345218931546
966,data/brain_tumor/Testing/notumor/Te-no_0358.jpg,2,2,notumor,notumor,0.9504864289623691,1,0.01970362368736994,0.011442268569866338,0.9504864289623691,0.01836767878039456
967,data/brain_tumor/Testing/notumor/Te-no_0359.jpg,2,2,notumor,notumor,0.9431623406162936,1,0.01731565738198674,0.013587936953945447,0.9431623406162936,0.025934065047774266
968,data/brain_tumor/Testing/notumor/Te-no_0360.jpg,2,2,notumor,notumor,0.9742677487423247,1,0.007375291786245563,0.006688869860418275,0.9742677487423247,0.01166808961101151
969,data/brain_tumor/Testing/notumor/Te-no_0361.jpg,2,2,notumor,notumor,0.9613327527244799,1,0.0172195232245255,0.010775378134479792,0.9613327527244799,0.010672345916514782
970,data/brain_tumor/Testing/notumor/Te-no_0362.jpg,2,2,notumor,notumor,0.9636178128842475,1,0.01249272204577832,0.007254222026726022,0.9636178128842475,0.01663524304324811
971,data/brain_tumor/Testing/notumor/Te-no_0363.jpg,2,2,notumor,notumor,0.9585225988645212,1,0.017651083363876365,0.01089688953112226,0.9585225988645212,0.012929428240480195
972,data/brain_tumor/Testing/notumor/Te-no_0364.jpg,2,2,notumor,notumor,0.9621584029814753,1,0.014520636114158901,0.009302729589162081,0.9621584029814753,0.014018231315203774
973,data/brain_tumor/Testing/notumor/Te-no_0365.jpg,2,2,notumor,notumor,0.9580797235405193,1,0.018922710655653516,0.009882058918887538,0.9580797235405193,0.013115506884939666
974,data/brain_tumor/Testing/notumor/Te-no_0366.jpg,2,2,notumor,notumor,0.9485446444360174,1,0.015545888249010867,0.010586755606583922,0.9485446444360174,0.02532271170838783
975,data/brain_tumor/Testing/notumor/Te-no_0367.jpg,2,2,notumor,notumor,0.964896371311489,1,0.01419131076640363,0.00833607125852491,0.964896371311489,0.012576246663582518
976,data/brain_tumor/Testing/notumor/Te-no_0368.jpg,2,2,notumor,notumor,0.9610228889285106,1,0.014093214343523468,0.01140128348793774,0.9610228889285106,0.013482613240028132
977,data/brain_tumor/Testing/notumor/Te-no_0369.jpg,2,2,notumor,notumor,0.9586731336150972,1,0.016141909339244125,0.01220442110446703,0.9586731336150972,0.012980535941191638
978,data/brain_tumor/Testing/notumor/Te-no_0370.jpg,2,2,notumor,notumor,0.9657228411620815,1,0.012970599238321619,0.01040878529180257,0.9657228411620815,0.010897774307794319
979,data/brain_tumor/Testing/notumor/Te-no_0371.jpg,2,2,notumor,notumor,0.9653340829809702,1,0.01418723854910832,0.011350011749007113,0.9653340829809702,0.009128666720914346
980,data/brain_tumor/Testing/notumor/Te-no_0372.jpg,2,2,notumor,notumor,0.9656587881611418,1,0.012388028092263262,0.00925071319267213,0.9656587881611418,0.012702470553922849
981,data/brain_tumor/Testing/notumor/Te-no_0373.jpg,2,2,notumor,notumor,0.9629975678403556,1,0.011140692187845096,0.006588318933679075,0.9629975678403556,0.019273421038120225
982,data/brain_tumor/Testing/notumor/Te-no_0374.jpg,2,2,notumor,notumor,0.9676146319299257,1,0.013109171632213581,0.008948323523156209,0.9676146319299257,0.010327872914704547
983,data/brain_tumor/Testing/notumor/Te-no_0375.jpg,2,2,notumor,notumor,0.9663429442310935,1,0.01145419801874728,0.009542812184459194,0.9663429442310935,0.012660045565700068
984,data/brain_tumor/Testing/notumor/Te-no_0376.jpg,2,2,notumor,notumor,0.9543869904259235,1,0.01606742734005829,0.011523681255140656,0.9543869904259235,0.018021900978877625
985,data/brain_tumor/Testing/notumor/Te-no_0377.jpg,2,2,notumor,notumor,0.9698469756245712,1,0.012020706344646572,0.008236846054977737,0.9698469756245712,0.009895471975804433
986,data/brain_tumor/Testing/notumor/Te-no_0378.jpg,2,2,notumor,notumor,0.9593999120386287,1,0.01759872087384823,0.012495415715808405,0.9593999120386287,0.01050595137171466
987,data/brain_tumor/Testing/notumor/Te-no_0379.jpg,2,2,notumor,notumor,0.9596151444183293,1,0.01087948624281305,0.011403549855511026,0.9596151444183293,0.018101819483346604
988,data/brain_tumor/Testing/notumor/Te-no_0380.jpg,2,2,notumor,notumor,0.9569489661796802,1,0.013322098702537588,0.009910160371069524,0.9569489661796802,0.0198187747467127
989,data/brain_tumor/Testing/notumor/Te-no_0381.jpg,2,2,notumor,notumor,0.9512315629196977,1,0.018522701916409638,0.00972530889714047,0.9512315629196977,0.020520426266752247
990,data/brain_tumor/Testing/notumor/Te-no_0382.jpg,2,2,notumor,notumor,0.9410814336148555,1,0.014223577922372867,0.02015163497505037,0.9410814336148555,0.024543353487721298
991,data/brain_tumor/Testing/notumor/Te-no_0383.jpg,2,2,notumor,notumor,0.9459172716306979,1,0.020792108532595284,0.015591893722665716,0.9459172716306979,0.01769872611404106
992,data/brain_tumor/Testing/notumor/Te-no_0384.jpg,2,2,notumor,notumor,0.9606871325430344,1,0.016670375783348762,0.010000392813272837,0.9606871325430344,0.012642098860343997
993,data/brain_tumor/Testing/notumor/Te-no_0385.jpg,2,2,notumor,notumor,0.9588955977857371,1,0.016096373585243864,0.01113855715559967,0.9588955977857371,0.013869471473419413
994,data/brain_tumor/Testing/notumor/Te-no_0386.jpg,2,2,notumor,notumor,0.9523220268057946,1,0.016901928238864203,0.014124163778998697,0.9523220268057946,0.01665188117634247
995,data/brain_tumor/Testing/notumor/Te-no_0387.jpg,2,2,notumor,notumor,0.9642713301097673,1,0.015701661184357715,0.01004139885825135,0.9642713301097673,0.009985609847623618
996,data/brain_tumor/Testing/notumor/Te-no_0388.jpg,2,2,notumor,notumor,0.9715360637181973,1,0.010369362854608787,0.010162207850731617,0.9715360637181973,0.00793236557646224
997,data/brain_tumor/Testing/notumor/Te-no_0389.jpg,2,2,notumor,notumor,0.967690318761189,1,0.012013475779858139,0.009158509133598582,0.967690318761189,0.011137696325354258
998,data/brain_tumor/Testing/notumor/Te-no_0390.jpg,2,2,notumor,notumor,0.959956835803194,1,0.01528663580086476,0.009928174116020793,0.959956835803194,0.014828354279920448
999,data/brain_tumor/Testing/notumor/Te-no_0391.jpg,2,2,notumor,notumor,0.9635031546336725,1,0.01183849240297985,0.01001240905415893,0.9635031546336725,0.014645943909188714
1000,data/brain_tumor/Testing/notumor/Te-no_0392.jpg,2,2,notumor,notumor,0.9474257849318198,1,0.01987511916842056,0.01951655813625429,0.9474257849318198,0.013182537763505284
1001,data/brain_tumor/Testing/notumor/Te-no_0393.jpg,2,2,notumor,notumor,0.9679678570333735,1,0.014272918765176995,0.008434210809682935,0.9679678570333735,0.009325013391766548
1002,data/brain_tumor/Testing/notumor/Te-no_0394.jpg,2,2,notumor,notumor,0.9582719301176748,1,0.014401878443145147,0.015144461893691856,0.9582719301176748,0.01218172954548827
1003,data/brain_tumor/Testing/notumor/Te-no_0395.jpg,2,2,notumor,notumor,0.9437017493529343,1,0.02659347481984724,0.011260295349696438,0.9437017493529343,0.018444480477522018
1004,data/brain_tumor/Testing/notumor/Te-no_0396.jpg,2,2,notumor,notumor,0.9520287593531039,1,0.016265209900575586,0.012233370086271624,0.9520287593531039,0.019472660660048897
1005,data/brain_tumor/Testing/notumor/Te-no_0397.jpg,2,2,notumor,notumor,0.9508254333230113,1,0.01637067239717134,0.012323384852041987,0.9508254333230113,0.020480509427775434
1006,data/brain_tumor/Testing/notumor/Te-no_0398.jpg,2,2,notumor,notumor,0.968657632647518,1,0.011424945901472876,0.008105700070341492,0.968657632647518,0.01181172138066764
1007,data/brain_tumor/Testing/notumor/Te-no_0399.jpg,2,2,notumor,notumor,0.9694874431116498,1,0.009753585007095113,0.00965013462528787,0.9694874431116498,0.011108837255967218
1008,data/brain_tumor/Testing/notumor/Te-no_0400.jpg,2,3,notumor,pituitary,1.0,0,7.842322040091924e-17,0.0,0.0,1.0
1009,data/brain_tumor/Testing/notumor/Te-no_0401.jpg,2,2,notumor,notumor,0.9564444315830868,1,0.016935629580889313,0.011713350060805492,0.9564444315830868,0.014906588775218403
1010,data/brain_tumor/Testing/notumor/Te-no_0402.jpg,2,2,notumor,notumor,0.9727850204940844,1,0.012420058562738432,0.006964553322683032,0.9727850204940844,0.007830367620494147
1011,data/brain_tumor/Testing/notumor/Te-no_0403.jpg,2,2,notumor,notumor,0.9573372086659399,1,0.019178560164391102,0.01051728995019161,0.9573372086659399,0.012966941219477422
1012,data/brain_tumor/Testing/notumor/Te-no_0404.jpg,2,2,notumor,notumor,0.9707791832390591,1,0.012191928025871315,0.008368982025521757,0.9707791832390591,0.008659906709547825
1013,data/brain_tumor/Training/notumor/Tr-no_0069.jpg,2,2,notumor,notumor,0.9475241996559931,1,0.025626937189974178,0.011800982178943981,0.9475241996559931,0.015047880975088747
1014,data/brain_tumor/Training/notumor/Tr-no_0070.jpg,2,2,notumor,notumor,0.6253748233248565,1,0.028559647980051398,0.325390174127846,0.6253748233248565,0.020675354567246104
1015,data/brain_tumor/Training/notumor/Tr-no_0080.jpg,2,2,notumor,notumor,0.9556607123684038,1,0.010228935752973114,0.013807366769291245,0.9556607123684038,0.020302985109331838
1016,data/brain_tumor/Training/notumor/Tr-no_0091.jpg,2,0,notumor,glioma,0.9332775913188265,0,0.9332775913188265,0.028266218948371762,0.030149349437385526,0.008306840295416186
1017,data/brain_tumor/Training/notumor/Tr-no_0102.jpg,2,2,notumor,notumor,0.9722236050809762,1,0.006582808447865098,0.01077421623336131,0.9722236050809762,0.010419370237797435
1018,data/brain_tumor/Training/notumor/Tr-no_0113.jpg,2,2,notumor,notumor,0.9482277967339906,1,0.020869982236120223,0.0161349201697176,0.9482277967339906,0.01476730086017161
1019,data/brain_tumor/Training/notumor/Tr-no_0124.jpg,2,2,notumor,notumor,0.9465420965585758,1,0.020213783050880733,0.012296613466136705,0.9465420965585758,0.020947506924406716
1020,data/brain_tumor/Training/notumor/Tr-no_0135.jpg,2,2,notumor,notumor,0.9666126111259702,1,0.009826662080797462,0.013048666306190846,0.9666126111259702,0.010512060487041485
1021,data/brain_tumor/Training/notumor/Tr-no_0146.jpg,2,2,notumor,notumor,0.9519421522351642,1,0.020721963380167446,0.01700729595456481,0.9519421522351642,0.010328588430103562
1022,data/brain_tumor/Training/notumor/Tr-no_0148.jpg,2,2,notumor,notumor,0.9670017412830094,1,0.013558732513055841,0.007581727617704756,0.9670017412830094,0.011857798586229967
1023,data/brain_tumor/Training/notumor/Tr-no_0157.jpg,2,2,notumor,notumor,0.92292357294316,1,0.01884499645726775,0.022986807507268666,0.92292357294316,0.035244623092303626
1024,data/brain_tumor/Training/notumor/Tr-no_0168.jpg,2,2,notumor,notumor,0.956608048112988,1,0.014335933939219137,0.011099027366386472,0.956608048112988,0.017956990581406367
1025,data/brain_tumor/Training/notumor/Tr-no_0179.jpg,2,2,notumor,notumor,0.9429039868418418,1,0.017109726548534016,0.021313333172512543,0.9429039868418418,0.01867295343711162
1026,data/brain_tumor/Training/notumor/Tr-no_0180.jpg,2,2,notumor,notumor,0.9658862712191891,1,0.01424184494621474,0.01131481905709278,0.9658862712191891,0.00855706477750334
1027,data/brain_tumor/Training/notumor/Tr-no_0191.jpg,2,0,notumor,glioma,0.881361121469954,0,0.881361121469954,0.028847023755222155,0.06597831505776271,0.023813539717061093
1028,data/brain_tumor/Training/notumor/Tr-no_0202.jpg,2,2,notumor,notumor,0.9265037964871932,1,0.024965357546916107,0.029429784647613078,0.9265037964871932,0.019101061318277705
1029,data/brain_tumor/Training/notumor/Tr-no_0213.jpg,2,2,notumor,notumor,0.9508659125741192,1,0.021044439763203027,0.01641612955040391,0.9508659125741192,0.011673518112273866
1030,data/brain_tumor/Training/notumor/Tr-no_0222.jpg,2,2,notumor,notumor,0.9670017412830094,1,0.013558732513055841,0.007581727617704756,0.9670017412830094,0.011857798586229967
1031,data/brain_tumor/Training/notumor/Tr-no_0224.jpg,2,2,notumor,notumor,0.8670492686031959,1,0.0339196037042451,0.05618948049851101,0.8670492686031959,0.04284164719404805
1032,data/brain_tumor/Training/notumor/Tr-no_0235.jpg,2,0,notumor,glioma,0.881361121469954,0,0.881361121469954,0.028847023755222155,0.06597831505776271,0.023813539717061093
1033,data/brain_tumor/Training/notumor/Tr-no_0246.jpg,2,2,notumor,notumor,0.972942453381746,1,0.008561019626240812,0.008928051052092555,0.972942453381746,0.00956847593992062
1034,data/brain_tumor/Training/notumor/Tr-no_0249.jpg,2,2,notumor,notumor,0.6416520262749211,1,0.06117906041020515,0.16182831894328112,0.6416520262749211,0.13534059437159265
1035,data/brain_tumor/Training/notumor/Tr-no_0251.jpg,2,2,notumor,notumor,0.9548897262788997,1,0.01962651149848909,0.010224042584106842,0.9548897262788997,0.01525971963850442
1036,data/brain_tumor/Training/notumor/Tr-no_0253.jpg,2,2,notumor,notumor,0.9611982012419955,1,0.0151693996502891,0.010854621983933105,0.9611982012419955,0.012777777123782336
1037,data/brain_tumor/Training/notumor/Tr-no_0255.jpg,2,2,notumor,notumor,0.9526659864050634,1,0.011017197763579335,0.016862228544172325,0.9526659864050634,0.019454587287184945
1038,data/brain_tumor/Training/notumor/Tr-no_0257.jpg,2,2,notumor,notumor,0.9666126111259702,1,0.009826662080797462,0.013048666306190846,0.9666126111259702,0.010512060487041485
1039,data/brain_tumor/Training/notumor/Tr-no_0258.jpg,2,2,notumor,notumor,0.9478009563824384,1,0.018414462413975558,0.014951669959157471,0.9478009563824384,0.018832911244428513
1040,data/brain_tumor/Training/notumor/Tr-no_0260.jpg,2,2,notumor,notumor,0.9433055845110739,1,0.02845108607103134,0.009994726041150152,0.9433055845110739,0.018248603376744617
1041,data/brain_tumor/Training/notumor/Tr-no_0268.jpg,2,2,notumor,notumor,0.8670492686031959,1,0.0339196037042451,0.05618948049851101,0.8670492686031959,0.04284164719404805
1042,data/brain_tumor/Training/notumor/Tr-no_0279.jpg,2,0,notumor,glioma,0.881361121469954,0,0.881361121469954,0.028847023755222155,0.06597831505776271,0.023813539717061093
1043,data/brain_tumor/Training/notumor/Tr-no_0282.jpg,2,2,notumor,notumor,0.9670017412830094,1,0.013558732513055841,0.007581727617704756,0.9670017412830094,0.011857798586229967
1044,data/brain_tumor/Training/notumor/Tr-no_0290.jpg,2,3,notumor,pituitary,0.6316979480408285,0,0.007880471588071647,0.12941358887096055,0.2310079915001393,0.6316979480408285
1045,data/brain_tumor/Training/notumor/Tr-no_0291.jpg,2,2,notumor,notumor,0.9658862712191891,1,0.01424184494621474,0.01131481905709278,0.9658862712191891,0.00855706477750334
1046,data/brain_tumor/Training/notumor/Tr-no_0302.jpg,2,2,notumor,notumor,0.95741312536749,1,0.012304311469238206,0.024095566651558164,0.95741312536749,0.006186996511713644
1047,data/brain_tumor/Training/notumor/Tr-no_0313.jpg,2,2,notumor,notumor,0.9590022240046141,1,0.009261371610759501,0.013304412951362754,0.9590022240046141,0.018431991433263645
1048,data/brain_tumor/Training/notumor/Tr-no_0319.jpg,2,2,notumor,notumor,0.9584208907397627,1,0.01810124663152588,0.010632270877256586,0.9584208907397627,0.012845591751454848
1049,data/brain_tumor/Training/notumor/Tr-no_0320.jpg,2,2,notumor,notumor,0.9518733591957902,1,0.02511907332355221,0.01260973122624941,0.9518733591957902,0.010397836254408136
1050,data/brain_tumor/Training/notumor/Tr-no_0322.jpg,2,2,notumor,notumor,0.8308130278311876,1,0.02242244346975269,0.13395762081744989,0.8308130278311876,0.01280690788160979
1051,data/brain_tumor/Training/notumor/Tr-no_0323.jpg,2,2,notumor,notumor,0.939698447215947,1,0.01316745378262415,0.019130568737567567,0.939698447215947,0.028003530263861303
1052,data/brain_tumor/Training/notumor/Tr-no_0324.jpg,2,2,notumor,notumor,0.9658862712191891,1,0.01424184494621474,0.01131481905709278,0.9658862712191891,0.00855706477750334
1053,data/brain_tumor/Training/notumor/Tr-no_0325.jpg,2,2,notumor,notumor,0.9689332861344048,1,0.013162155782451881,0.00915716813312959,0.9689332861344048,0.00874738995001376
1054,data/brain_tumor/Training/notumor/Tr-no_0326.jpg,2,2,notumor,notumor,0.9632190555130349,1,0.007758289632998999,0.012476505055164419,0.9632190555130349,0.016546149798801667
1055,data/brain_tumor/Training/notumor/Tr-no_0327.jpg,2,2,notumor,notumor,0.9386308352169191,1,0.022597673228118884,0.020550749239011238,0.9386308352169191,0.018220742315950694
1056,data/brain_tumor/Training/notumor/Tr-no_0328.jpg,2,2,notumor,notumor,0.9667698524869266,1,0.007462215443054986,0.011180302809619095,0.9667698524869266,0.014587629260399283
1057,data/brain_tumor/Training/notumor/Tr-no_0329.jpg,2,2,notumor,notumor,0.9703874023597276,1,0.007717089287014503,0.007060676836140797,0.9703874023597276,0.014834831517117014
1058,data/brain_tumor/Training/notumor/Tr-no_0330.jpg,2,2,notumor,notumor,0.9273380369309758,1,0.020663284496594974,0.02823764930761482,0.9273380369309758,0.023761029264814326
1059,data/brain_tumor/Training/notumor/Tr-no_0331.jpg,2,2,notumor,notumor,0.9512548697190919,1,0.020660887653218007,0.016120241369410034,0.9512548697190919,0.011964001258280083
1060,data/brain_tumor/Training/notumor/Tr-no_0332.jpg,2,2,notumor,notumor,0.8670492686031959,1,0.0339196037042451,0.05618948049851101,0.8670492686031959,0.04284164719404805
1061,data/brain_tumor/Training/notumor/Tr-no_0333.jpg,2,2,notumor,notumor,0.5294497446419284,1,0.03162936024016804,0.42829616541622817,0.5294497446419284,0.0106247297016754
1062,data/brain_tumor/Training/notumor/Tr-no_0334.jpg,2,2,notumor,notumor,0.9412065963541763,1,0.015041019186401255,0.025210990226152124,0.9412065963541763,0.018541394233270413
1063,data/brain_tumor/Training/notumor/Tr-no_0335.jpg,2,2,notumor,notumor,0.9619336536148501,1,0.01537930190287033,0.011450539119112006,0.9619336536148501,0.011236505363167624
1064,data/brain_tumor/Training/notumor/Tr-no_0336.jpg,2,2,notumor,notumor,0.9689332861344048,1,0.013162155782451881,0.00915716813312959,0.9689332861344048,0.00874738995001376
1065,data/brain_tumor/Training/notumor/Tr-no_0337.jpg,2,2,notumor,notumor,0.6768195341938708,1,0.011607974366090021,0.06348896316341981,0.6768195341938708,0.2480835282766194
1066,data/brain_tumor/Training/notumor/Tr-no_0338.jpg,2,2,notumor,notumor,0.9475241996559931,1,0.025626937189974178,0.011800982178943981,0.9475241996559931,0.015047880975088747
1067,data/brain_tumor/Training/notumor/Tr-no_0339.jpg,2,2,notumor,notumor,0.9578380647160731,1,0.01232668392945713,0.011800787488562533,0.9578380647160731,0.018034463865907163
1068,data/brain_tumor/Training/notumor/Tr-no_0340.jpg,2,2,notumor,notumor,0.9335704145407249,1,0.02396244259059713,0.02400564292091118,0.9335704145407249,0.01846149994776677
1069,data/brain_tumor/Training/notumor/Tr-no_0341.jpg,2,2,notumor,notumor,0.9508659125741192,1,0.021044439763203027,0.01641612955040391,0.9508659125741192,0.011673518112273866
1070,data/brain_tumor/Training/notumor/Tr-no_0342.jpg,2,2,notumor,notumor,0.929832621722494,1,0.020459029480570434,0.02655336402546563,0.929832621722494,0.023154984771469864
1071,data/brain_tumor/Training/notumor/Tr-no_0343.jpg,2,3,notumor,pituitary,0.6382537858653706,0,0.00881827767524076,0.09867676926463513,0.25425116719475344,0.6382537858653706
1072,data/brain_tumor/Training/notumor/Tr-no_0344.jpg,2,2,notumor,notumor,0.9670017412830094,1,0.013558732513055841,0.007581727617704756,0.9670017412830094,0.011857798586229967
1073,data/brain_tumor/Training/notumor/Tr-no_0345.jpg,2,0,notumor,glioma,0.9332775913188265,0,0.9332775913188265,0.028266218948371762,0.030149349437385526,0.008306840295416186
1074,data/brain_tumor/Training/notumor/Tr-no_0346.jpg,2,2,notumor,notumor,0.9468902123806895,1,0.019782998441612288,0.02410050203299251,0.9468902123806895,0.009226287144705709
1075,data/brain_tumor/Training/notumor/Tr-no_0347.jpg,2,2,notumor,notumor,0.9512548697190919,1,0.020660887653218007,0.016120241369410034,0.9512548697190919,0.011964001258280083
1076,data/brain_tumor/Training/notumor/Tr-no_0348.jpg,2,2,notumor,notumor,0.9832895324076557,1,0.005210977789969867,0.004674085198364087,0.9832895324076557,0.006825404604010342
1077,data/brain_tumor/Training/notumor/Tr-no_0349.jpg,2,2,notumor,notumor,0.9248914608349095,1,0.018692125070137663,0.030235539675397563,0.9248914608349095,0.026180874419555345
1078,data/brain_tumor/Training/notumor/Tr-no_0350.jpg,2,2,notumor,notumor,0.8670492686031959,1,0.0339196037042451,0.05618948049851101,0.8670492686031959,0.04284164719404805
1079,data/brain_tumor/Training/notumor/Tr-no_0351.jpg,2,2,notumor,notumor,0.9245410750991698,1,0.02709131370858187,0.0202539399690802,0.9245410750991698,0.028113671223168043
1080,data/brain_tumor/Training/notumor/Tr-no_0352.jpg,2,2,notumor,notumor,0.955346701749886,1,0.017425985974397536,0.013195682292439635,0.955346701749886,0.014031629983276818
1081,data/brain_tumor/Training/notumor/Tr-no_0353.jpg,2,2,notumor,notumor,0.9612536380407138,1,0.009426288842226956,0.007405781607844567,0.9612536380407138,0.021914291509214586
1082,data/brain_tumor/Training/notumor/Tr-no_0354.jpg,2,2,notumor,notumor,0.8741946847299027,1,0.008476990882985572,0.039098034622658664,0.8741946847299027,0.07823028976445301
1083,data/brain_tumor/Training/notumor/Tr-no_0355.jpg,2,2,notumor,notumor,0.967375950340896,1,0.011406553169077223,0.010655041962667141,0.967375950340896,0.010562454527359625
1084,data/brain_tumor/Training/notumor/Tr-no_0356.jpg,2,2,notumor,notumor,0.5910688483021296,1,0.02018813939304198,0.30343540783490297,0.5910688483021296,0.0853076044699255
1085,data/brain_tumor/Training/notumor/Tr-no_0357.jpg,2,2,notumor,notumor,0.9481114312471262,1,0.005713822990677016,0.028568858839688745,0.9481114312471262,0.01760588692250805
1086,data/brain_tumor/Training/notumor/Tr-no_0358.jpg,2,2,notumor,notumor,0.6696017037928739,1,0.3044175619042502,0.014759320384238675,0.6696017037928739,0.011221413918637258
1087,data/brain_tumor/Training/notumor/Tr-no_0359.jpg,2,2,notumor,notumor,0.8216911829829985,1,0.06021545656747784,0.07145491481980024,0.8216911829829985,0.04663844562972341
1088,data/brain_tumor/Training/notumor/Tr-no_0360.jpg,2,2,notumor,notumor,0.9758300878223725,1,0.010029144390940761,0.007748687701563474,0.9758300878223725,0.006392080085123284
1089,data/brain_tumor/Training/notumor/Tr-no_0361.jpg,2,1,notumor,meningioma,0.8640076485281208,0,0.016310620253666693,0.8640076485281208,0.10718824668152004,0.012493484536692424
1090,data/brain_tumor/Training/notumor/Tr-no_0362.jpg,2,2,notumor,notumor,0.9667698524869266,1,0.007462215443054986,0.011180302809619095,0.9667698524869266,0.014587629260399283
1091,data/brain_tumor/Training/notumor/Tr-no_0363.jpg,2,2,notumor,notumor,0.6280402131724964,1,0.019881725877783436,0.3338728329435938,0.6280402131724964,0.018205228006126395
1092,data/brain_tumor/Training/notumor/Tr-no_0364.jpg,2,2,notumor,notumor,0.9724968640098917,1,0.011382657997459822,0.008964956708832319,0.9724968640098917,0.007155521283816244
1093,data/brain_tumor/Training/notumor/Tr-no_0373.jpg,2,2,notumor,notumor,0.9512548697190919,1,0.020660887653218007,0.016120241369410034,0.9512548697190919,0.011964001258280083
1094,data/brain_tumor/Training/notumor/Tr-no_0384.jpg,2,2,notumor,notumor,0.9210499002057055,1,0.030512517672010117,0.023753747206919158,0.9210499002057055,0.02468383491536521
1095,data/brain_tumor/Training/notumor/Tr-no_0394.jpg,2,2,notumor,notumor,0.9619336536148501,1,0.01537930190287033,0.011450539119112006,0.9619336536148501,0.011236505363167624
1096,data/brain_tumor/Training/notumor/Tr-no_0964.jpg,2,2,notumor,notumor,0.9248914608349095,1,0.018692125070137663,0.030235539675397563,0.9248914608349095,0.026180874419555345
1097,data/brain_tumor/Training/notumor/Tr-no_0966.jpg,2,2,notumor,notumor,0.939698447215947,1,0.01316745378262415,0.019130568737567567,0.939698447215947,0.028003530263861303
1098,data/brain_tumor/Training/notumor/Tr-no_0967.jpg,2,2,notumor,notumor,0.9448748648641742,1,0.023508574749571666,0.01682456444896602,0.9448748648641742,0.01479199593728814
1099,data/brain_tumor/Training/notumor/Tr-no_0968.jpg,2,2,notumor,notumor,0.9722236050809762,1,0.006582808447865098,0.01077421623336131,0.9722236050809762,0.010419370237797435
1100,data/brain_tumor/Training/notumor/Tr-no_0969.jpg,2,2,notumor,notumor,0.9612536380407138,1,0.009426288842226956,0.007405781607844567,0.9612536380407138,0.021914291509214586
1101,data/brain_tumor/Training/notumor/Tr-no_0970.jpg,2,2,notumor,notumor,0.9386308352169191,1,0.022597673228118884,0.020550749239011238,0.9386308352169191,0.018220742315950694
1102,data/brain_tumor/Training/notumor/Tr-no_0971.jpg,2,2,notumor,notumor,0.9273380369309758,1,0.020663284496594974,0.02823764930761482,0.9273380369309758,0.023761029264814326
1103,data/brain_tumor/Training/notumor/Tr-no_0974.jpg,2,2,notumor,notumor,0.9412065963541763,1,0.015041019186401255,0.025210990226152124,0.9412065963541763,0.018541394233270413
1104,data/brain_tumor/Training/notumor/Tr-no_0977.jpg,2,2,notumor,notumor,0.9667698524869266,1,0.007462215443054986,0.011180302809619095,0.9667698524869266,0.014587629260399283
1105,data/brain_tumor/Training/notumor/Tr-no_0978.jpg,2,2,notumor,notumor,0.9619336536148501,1,0.01537930190287033,0.011450539119112006,0.9619336536148501,0.011236505363167624
1106,data/brain_tumor/Training/notumor/Tr-no_0979.jpg,2,2,notumor,notumor,0.9724968640098917,1,0.011382657997459822,0.008964956708832319,0.9724968640098917,0.007155521283816244
1107,data/brain_tumor/Training/notumor/Tr-no_0981.jpg,2,2,notumor,notumor,0.9578380647160731,1,0.01232668392945713,0.011800787488562533,0.9578380647160731,0.018034463865907163
1108,data/brain_tumor/Training/notumor/Tr-no_0982.jpg,2,2,notumor,notumor,0.8670492686031959,1,0.0339196037042451,0.05618948049851101,0.8670492686031959,0.04284164719404805
1109,data/brain_tumor/Training/notumor/Tr-no_0984.jpg,2,2,notumor,notumor,0.9658862712191891,1,0.01424184494621474,0.01131481905709278,0.9658862712191891,0.00855706477750334
1110,data/brain_tumor/Training/notumor/Tr-no_0985.jpg,2,0,notumor,glioma,0.9332775913188265,0,0.9332775913188265,0.028266218948371762,0.030149349437385526,0.008306840295416186
1111,data/brain_tumor/Training/notumor/Tr-no_0989.jpg,2,2,notumor,notumor,0.9210499002057055,1,0.030512517672010117,0.023753747206919158,0.9210499002057055,0.02468383491536521
1112,data/brain_tumor/Training/notumor/Tr-no_1039.jpg,2,2,notumor,notumor,0.9578926756195913,1,0.009144809074496276,0.014653583391382043,0.9578926756195913,0.018308931914530344
1113,data/brain_tumor/Training/notumor/Tr-no_1084.jpg,2,2,notumor,notumor,0.9475241996559931,1,0.025626937189974178,0.011800982178943981,0.9475241996559931,0.015047880975088747
1114,data/brain_tumor/Training/notumor/Tr-no_1088.jpg,2,2,notumor,notumor,0.9512548697190919,1,0.020660887653218007,0.016120241369410034,0.9512548697190919,0.011964001258280083
1115,data/brain_tumor/Training/notumor/Tr-no_1089.jpg,2,2,notumor,notumor,0.955346701749886,1,0.017425985974397536,0.013195682292439635,0.955346701749886,0.014031629983276818
1116,data/brain_tumor/Training/notumor/Tr-no_1090.jpg,2,2,notumor,notumor,0.9241562406060979,1,0.021258739079837077,0.027746520624301618,0.9241562406060979,0.026838499689763394
1117,data/brain_tumor/Training/notumor/Tr-no_1091.jpg,2,2,notumor,notumor,0.9530760227344189,1,0.013608163476142352,0.015003036987093035,0.9530760227344189,0.01831277680234568
1118,data/brain_tumor/Training/notumor/Tr-no_1093.jpg,2,2,notumor,notumor,0.9482277967339906,1,0.020869982236120223,0.0161349201697176,0.9482277967339906,0.01476730086017161
1119,data/brain_tumor/Training/notumor/Tr-no_1094.jpg,2,2,notumor,notumor,0.9465420965585758,1,0.020213783050880733,0.012296613466136705,0.9465420965585758,0.020947506924406716
1120,data/brain_tumor/Training/notumor/Tr-no_1096.jpg,2,2,notumor,notumor,0.9666126111259702,1,0.009826662080797462,0.013048666306190846,0.9666126111259702,0.010512060487041485
1121,data/brain_tumor/Training/notumor/Tr-no_1103.jpg,2,2,notumor,notumor,0.9468902123806895,1,0.019782998441612288,0.02410050203299251,0.9468902123806895,0.009226287144705709
1122,data/brain_tumor/Training/notumor/Tr-no_1104.jpg,2,2,notumor,notumor,0.9670017412830094,1,0.013558732513055841,0.007581727617704756,0.9670017412830094,0.011857798586229967
1123,data/brain_tumor/Training/notumor/Tr-no_1110.jpg,2,2,notumor,notumor,0.92292357294316,1,0.01884499645726775,0.022986807507268666,0.92292357294316,0.035244623092303626
1124,data/brain_tumor/Training/notumor/Tr-no_1122.jpg,2,2,notumor,notumor,0.956608048112988,1,0.014335933939219137,0.011099027366386472,0.956608048112988,0.017956990581406367
1125,data/brain_tumor/Training/notumor/Tr-no_1141.jpg,2,2,notumor,notumor,0.9429039868418418,1,0.017109726548534016,0.021313333172512543,0.9429039868418418,0.01867295343711162
1126,data/brain_tumor/Training/notumor/Tr-no_1147.jpg,2,2,notumor,notumor,0.9615073212995262,1,0.015693802401138286,0.00992042013436595,0.9615073212995262,0.012878456164969557
1127,data/brain_tumor/Training/notumor/Tr-no_1153.jpg,2,2,notumor,notumor,0.9335704145407249,1,0.02396244259059713,0.02400564292091118,0.9335704145407249,0.01846149994776677
1128,data/brain_tumor/Training/notumor/Tr-no_1159.jpg,2,2,notumor,notumor,0.5911482781764442,1,0.018101173162315583,0.08848316535573479,0.5911482781764442,0.30226738330550545
1129,data/brain_tumor/Training/notumor/Tr-no_1162.jpg,2,2,notumor,notumor,0.9373066323022073,1,0.019361377182500274,0.01695700235985202,0.9373066323022073,0.026374988155440378
1130,data/brain_tumor/Training/notumor/Tr-no_1166.jpg,2,2,notumor,notumor,0.9590022240046141,1,0.009261371610759501,0.013304412951362754,0.9590022240046141,0.018431991433263645
1131,data/brain_tumor/Training/notumor/Tr-no_1171.jpg,2,2,notumor,notumor,0.9584208907397627,1,0.01810124663152588,0.010632270877256586,0.9584208907397627,0.012845591751454848
1132,data/brain_tumor/Training/notumor/Tr-no_1173.jpg,2,2,notumor,notumor,0.9516618535417871,1,0.01693060113282803,0.01775320113459829,0.9516618535417871,0.013654344190786606
1133,data/brain_tumor/Training/notumor/Tr-no_1174.jpg,2,2,notumor,notumor,0.9632190555130349,1,0.007758289632998999,0.012476505055164419,0.9632190555130349,0.016546149798801667
1134,data/brain_tumor/Training/notumor/Tr-no_1178.jpg,2,2,notumor,notumor,0.9265037964871932,1,0.024965357546916107,0.029429784647613078,0.9265037964871932,0.019101061318277705
1135,data/brain_tumor/Training/notumor/Tr-no_1181.jpg,2,2,notumor,notumor,0.9508659125741192,1,0.021044439763203027,0.01641612955040391,0.9508659125741192,0.011673518112273866
1136,data/brain_tumor/Training/notumor/Tr-no_1182.jpg,2,2,notumor,notumor,0.972942453381746,1,0.008561019626240812,0.008928051052092555,0.972942453381746,0.00956847593992062
1137,data/brain_tumor/Training/notumor/Tr-no_1183.jpg,2,2,notumor,notumor,0.9689332861344048,1,0.013162155782451881,0.00915716813312959,0.9689332861344048,0.00874738995001376
1138,data/brain_tumor/Testing/pituitary/Te-piTr_0000.jpg,3,3,pituitary,pituitary,0.9685944463103182,1,0.009623251067448423,0.01372009163677829,0.00806221098545508,0.9685944463103182
1139,data/brain_tumor/Testing/pituitary/Te-piTr_0001.jpg,3,3,pituitary,pituitary,0.9669237678856192,1,0.011732940496506502,0.011074248639451813,0.010269042978422476,0.9669237678856192
1140,data/brain_tumor/Testing/pituitary/Te-piTr_0002.jpg,3,1,pituitary,meningioma,0.9651919275247443,0,0.007242146633250311,0.9651919275247443,0.006810741733208231,0.020755184108797255
1141,data/brain_tumor/Testing/pituitary/Te-piTr_0003.jpg,3,3,pituitary,pituitary,0.9789659694321965,1,0.00747125108576493,0.007234485611068966,0.006328293870969573,0.9789659694321965
1142,data/brain_tumor/Testing/pituitary/Te-piTr_0004.jpg,3,3,pituitary,pituitary,0.9742549087260489,1,0.01244633631089147,0.007076524649506377,0.006222230313553266,0.9742549087260489
1143,data/brain_tumor/Testing/pituitary/Te-piTr_0005.jpg,3,3,pituitary,pituitary,0.9571526734552324,1,0.02087422908299504,0.0065967735126464715,0.015376323949126093,0.9571526734552324
1144,data/brain_tumor/Testing/pituitary/Te-piTr_0006.jpg,3,3,pituitary,pituitary,0.9213570634925632,1,0.05051727418867951,0.010908950675622397,0.017216711643134867,0.9213570634925632
1145,data/brain_tumor/Testing/pituitary/Te-piTr_0007.jpg,3,3,pituitary,pituitary,0.9456606671797366,1,0.020214836121977334,0.019193048644383082,0.014931448053902988,0.9456606671797366
1146,data/brain_tumor/Testing/pituitary/Te-piTr_0008.jpg,3,3,pituitary,pituitary,0.9700152219421283,1,0.013544842420069616,0.009703487695527745,0.006736447942274299,0.9700152219421283
1147,data/brain_tumor/Testing/pituitary/Te-piTr_0009.jpg,3,3,pituitary,pituitary,0.9592703801678903,1,0.009529728069669959,0.014828664601963094,0.016371227160476575,0.9592703801678903
1148,data/brain_tumor/Testing/pituitary/Te-pi_0010.jpg,3,3,pituitary,pituitary,0.9674794775759645,1,0.00930464628537912,0.013823457367123718,0.00939241877153267,0.9674794775759645
1149,data/brain_tumor/Testing/pituitary/Te-pi_0011.jpg,3,3,pituitary,pituitary,0.9690087293236147,1,0.01380073724238966,0.011649031949802756,0.005541501484192885,0.9690087293236147
1150,data/brain_tumor/Testing/pituitary/Te-pi_0012.jpg,3,3,pituitary,pituitary,0.9759336359335186,1,0.016420929174278943,0.004090639399781137,0.0035547954924213497,0.9759336359335186
1151,data/brain_tumor/Testing/pituitary/Te-pi_0013.jpg,3,3,pituitary,pituitary,0.9134667847540272,1,0.05348880783288135,0.024022157245189076,0.009022250167902332,0.9134667847540272
1152,data/brain_tumor/Testing/pituitary/Te-pi_0014.jpg,3,3,pituitary,pituitary,0.957956051750334,1,0.013581827788868092,0.018430742190433374,0.010031378270364488,0.957956051750334
1153,data/brain_tumor/Testing/pituitary/Te-pi_0015.jpg,3,3,pituitary,pituitary,0.9661942936374461,1,0.008503438163625556,0.0194931574797591,0.0058091107191691705,0.9661942936374461
1154,data/brain_tumor/Testing/pituitary/Te-pi_0016.jpg,3,3,pituitary,pituitary,0.9653182004557045,1,0.0061822942388948835,0.01773119822696884,0.010768307078431825,0.9653182004557045
1155,data/brain_tumor/Testing/pituitary/Te-pi_0017.jpg,3,3,pituitary,pituitary,0.9374042827977227,1,0.010748868898246269,0.045908052859057184,0.005938795444973892,0.9374042827977227
1156,data/brain_tumor/Testing/pituitary/Te-pi_0018.jpg,3,3,pituitary,pituitary,0.971049226563209,1,0.008089326133734405,0.01258033950393229,0.008281107799124257,0.971049226563209
1157,data/brain_tumor/Testing/pituitary/Te-pi_0019.jpg,3,3,pituitary,pituitary,0.7980803060302294,1,0.029999000611664293,0.16595191605796983,0.005968777300136501,0.7980803060302294
1158,data/brain_tumor/Testing/pituitary/Te-pi_0020.jpg,3,3,pituitary,pituitary,0.9745396888456237,1,0.007216484665620498,0.00598384331733654,0.012259983171419287,0.9745396888456237
1159,data/brain_tumor/Testing/pituitary/Te-pi_0021.jpg,3,3,pituitary,pituitary,0.942063480643703,1,0.01426822364807092,0.026980218400552335,0.016688077307673757,0.942063480643703
1160,data/brain_tumor/Testing/pituitary/Te-pi_0022.jpg,3,3,pituitary,pituitary,0.9481375897377914,1,0.024009841128652183,0.018514824031051442,0.009337745102504999,0.9481375897377914
1161,data/brain_tumor/Testing/pituitary/Te-pi_0023.jpg,3,3,pituitary,pituitary,0.934772883440914,1,0.03487229625573699,0.022144114000555774,0.008210706302793247,0.934772883440914
1162,data/brain_tumor/Testing/pituitary/Te-pi_0024.jpg,3,3,pituitary,pituitary,0.9554444489317638,1,0.017499775672318918,0.008292757438091046,0.018763017957826218,0.9554444489317638
1163,data/brain_tumor/Testing/pituitary/Te-pi_0025.jpg,3,3,pituitary,pituitary,0.8918471685215654,1,0.008668757382862094,0.08750183477539296,0.011982239320179496,0.8918471685215654
1164,data/brain_tumor/Testing/pituitary/Te-pi_0026.jpg,3,3,pituitary,pituitary,0.9738179055283126,1,0.007363963577290593,0.0051075208749404195,0.01371061001945638,0.9738179055283126
1165,data/brain_tumor/Testing/pituitary/Te-pi_0027.jpg,3,3,pituitary,pituitary,0.9542832712882992,1,0.015524231409465232,0.017121310814732674,0.013071186487502969,0.9542832712882992
1166,data/brain_tumor/Testing/pituitary/Te-pi_0028.jpg,3,3,pituitary,pituitary,0.9653366759170933,1,0.009482456327032035,0.01600343354044746,0.009177434215427218,0.9653366759170933
1167,data/brain_tumor/Testing/pituitary/Te-pi_0029.jpg,3,3,pituitary,pituitary,0.5713281998717109,1,0.058809203534577276,0.3585002278764641,0.011362368717247755,0.5713281998717109
1168,data/brain_tumor/Testing/pituitary/Te-pi_0030.jpg,3,3,pituitary,pituitary,0.883070786663982,1,0.023574201917071682,0.07027662702523084,0.02307838439371551,0.883070786663982
1169,data/brain_tumor/Testing/pituitary/Te-pi_0031.jpg,3,3,pituitary,pituitary,0.9623322648200958,1,0.011882463669296676,0.013484828400171279,0.012300443110436179,0.9623322648200958
1170,data/brain_tumor/Testing/pituitary/Te-pi_0032.jpg,3,3,pituitary,pituitary,0.9004656109976232,1,0.01764504618065449,0.05567348769185501,0.026215855129867252,0.9004656109976232
1171,data/brain_tumor/Testing/pituitary/Te-pi_0033.jpg,3,3,pituitary,pituitary,0.9703179281948654,1,0.012980592811851183,0.0075506411810125,0.009150837812270943,0.9703179281948654
1172,data/brain_tumor/Testing/pituitary/Te-pi_0034.jpg,3,3,pituitary,pituitary,0.9517114348530323,1,0.009892325733994161,0.03277622189363354,0.00562001751933993,0.9517114348530323
1173,data/brain_tumor/Testing/pituitary/Te-pi_0035.jpg,3,3,pituitary,pituitary,0.9710711190182856,1,0.011852161169583422,0.01022261033680603,0.006854109475325022,0.9710711190182856
1174,data/brain_tumor/Testing/pituitary/Te-pi_0036.jpg,3,3,pituitary,pituitary,0.9472084888460466,1,0.011269746642143377,0.023789678389309902,0.01773208612250016,0.9472084888460466
1175,data/brain_tumor/Testing/pituitary/Te-pi_0037.jpg,3,3,pituitary,pituitary,0.923737418774817,1,0.011322271226450612,0.033775214546223176,0.031165095452509204,0.923737418774817
1176,data/brain_tumor/Testing/pituitary/Te-pi_0038.jpg,3,3,pituitary,pituitary,0.9669052754159826,1,0.011823051156758075,0.014982456948363108,0.00628921647889625,0.9669052754159826
1177,data/brain_tumor/Testing/pituitary/Te-pi_0039.jpg,3,3,pituitary,pituitary,0.9685201013494217,1,0.01256967067729966,0.010642150654503567,0.008268077318775083,0.9685201013494217
1178,data/brain_tumor/Testing/pituitary/Te-pi_0040.jpg,3,3,pituitary,pituitary,0.9767566637327367,1,0.007853917550787848,0.009795732513379578,0.005593686203095808,0.9767566637327367
1179,data/brain_tumor/Testing/pituitary/Te-pi_0041.jpg,3,3,pituitary,pituitary,0.9549786315069725,1,0.008345719310281994,0.02376996133797856,0.01290568784476694,0.9549786315069725
1180,data/brain_tumor/Testing/pituitary/Te-pi_0042.jpg,3,3,pituitary,pituitary,0.8854103783377675,1,0.02109705121551139,0.06512395365302213,0.028368616793699005,0.8854103783377675
1181,data/brain_tumor/Testing/pituitary/Te-pi_0043.jpg,3,3,pituitary,pituitary,0.975718580636566,1,0.012266324370367326,0.005694543262357822,0.006320551730708829,0.975718580636566
1182,data/brain_tumor/Testing/pituitary/Te-pi_0044.jpg,3,3,pituitary,pituitary,0.9589037078190182,1,0.019086097182348445,0.01397929488414003,0.008030900114493263,0.9589037078190182
1183,data/brain_tumor/Testing/pituitary/Te-pi_0045.jpg,3,3,pituitary,pituitary,0.9759983735309513,1,0.013825507523341593,0.0028637053665262016,0.0073124135791809205,0.9759983735309513
1184,data/brain_tumor/Testing/pituitary/Te-pi_0046.jpg,3,3,pituitary,pituitary,0.9701018929481506,1,0.00923021137714386,0.011156762018799782,0.009511133655905724,0.9701018929481506
1185,data/brain_tumor/Testing/pituitary/Te-pi_0047.jpg,3,3,pituitary,pituitary,0.9620310592500041,1,0.010905113921276376,0.015304924806170725,0.01175890202254875,0.9620310592500041
1186,data/brain_tumor/Testing/pituitary/Te-pi_0048.jpg,3,3,pituitary,pituitary,0.9695658051611267,1,0.010038206316388375,0.013570786403228393,0.006825202119256548,0.9695658051611267
1187,data/brain_tumor/Testing/pituitary/Te-pi_0049.jpg,3,3,pituitary,pituitary,0.9107880916956635,1,0.028085078207103067,0.03684082890031252,0.024286001196920835,0.9107880916956635
1188,data/brain_tumor/Testing/pituitary/Te-pi_0050.jpg,3,3,pituitary,pituitary,0.9711523091313958,1,0.013234280216949643,0.009211369258253934,0.006402041393400574,0.9711523091313958
1189,data/brain_tumor/Testing/pituitary/Te-pi_0051.jpg,3,3,pituitary,pituitary,0.9483299167050988,1,0.027059981347434398,0.01332002772651587,0.011290074220950956,0.9483299167050988
1190,data/brain_tumor/Testing/pituitary/Te-pi_0052.jpg,3,3,pituitary,pituitary,0.9425300772291735,1,0.014510116243712104,0.010616141836120436,0.03234366469099395,0.9425300772291735
1191,data/brain_tumor/Testing/pituitary/Te-pi_0053.jpg,3,3,pituitary,pituitary,0.9650713639601277,1,0.010832401742242993,0.013076580841673114,0.01101965345595613,0.9650713639601277
1192,data/brain_tumor/Testing/pituitary/Te-pi_0054.jpg,3,3,pituitary,pituitary,0.9539053696905407,1,0.006802388143752946,0.01487211457241606,0.02442012759329029,0.9539053696905407
1193,data/brain_tumor/Testing/pituitary/Te-pi_0055.jpg,3,3,pituitary,pituitary,0.9531521201133728,1,0.029607631266117096,0.009856585413217545,0.007383663207292557,0.9531521201133728
1194,data/brain_tumor/Testing/pituitary/Te-pi_0056.jpg,3,3,pituitary,pituitary,0.954677281096548,1,0.011427800139148347,0.013174017854480023,0.020720900909823644,0.954677281096548
1195,data/brain_tumor/Testing/pituitary/Te-pi_0057.jpg,3,3,pituitary,pituitary,0.9338015004835519,1,0.01559909380826412,0.0174295188603339,0.03316988684785,0.9338015004835519
1196,data/brain_tumor/Testing/pituitary/Te-pi_0058.jpg,3,3,pituitary,pituitary,0.9634210081518596,1,0.007865087745526085,0.019650411936484546,0.00906349216612972,0.9634210081518596
1197,data/brain_tumor/Testing/pituitary/Te-pi_0059.jpg,3,3,pituitary,pituitary,0.9611234238942573,1,0.01624616450506926,0.00999789982099095,0.012632511779682453,0.9611234238942573
1198,data/brain_tumor/Testing/pituitary/Te-pi_0060.jpg,3,3,pituitary,pituitary,0.9387546945372782,1,0.030199638121032837,0.02176682551710452,0.009278841824584409,0.9387546945372782
1199,data/brain_tumor/Testing/pituitary/Te-pi_0061.jpg,3,3,pituitary,pituitary,0.9667810925537563,1,0.010109332831869548,0.010031995809018816,0.013077578805355265,0.9667810925537563
1200,data/brain_tumor/Testing/pituitary/Te-pi_0062.jpg,3,3,pituitary,pituitary,0.9392962410819374,1,0.01699799771502042,0.03342025550592327,0.010285505697118918,0.9392962410819374
1201,data/brain_tumor/Testing/pituitary/Te-pi_0063.jpg,3,3,pituitary,pituitary,0.9020176210657976,1,0.017852592581511922,0.015151919260832545,0.06497786709185788,0.9020176210657976
1202,data/brain_tumor/Testing/pituitary/Te-pi_0064.jpg,3,3,pituitary,pituitary,0.976164236366628,1,0.008781331186484645,0.007345593661435986,0.007708838785451352,0.976164236366628
1203,data/brain_tumor/Testing/pituitary/Te-pi_0065.jpg,3,3,pituitary,pituitary,0.9389269762947856,1,0.01254985443301793,0.017458605412910184,0.031064563859286253,0.9389269762947856
1204,data/brain_tumor/Testing/pituitary/Te-pi_0066.jpg,3,3,pituitary,pituitary,0.884642135425679,1,0.02588326318744629,0.06175318854933066,0.027721412837543993,0.884642135425679
1205,data/brain_tumor/Testing/pituitary/Te-pi_0067.jpg,3,3,pituitary,pituitary,0.9703865168756104,1,0.011099121667713468,0.010276351248466006,0.0082380102082101,0.9703865168756104
1206,data/brain_tumor/Testing/pituitary/Te-pi_0068.jpg,3,3,pituitary,pituitary,0.9352864384155198,1,0.009018580773623485,0.04431961646033849,0.011375364350518155,0.9352864384155198
1207,data/brain_tumor/Testing/pituitary/Te-pi_0069.jpg,3,3,pituitary,pituitary,0.9116939394546559,1,0.016838026988372664,0.051746231758026284,0.019721801798945074,0.9116939394546559
1208,data/brain_tumor/Testing/pituitary/Te-pi_0070.jpg,3,3,pituitary,pituitary,0.9603968414727099,1,0.022496562807300658,0.008481588348920458,0.00862500737106905,0.9603968414727099
1209,data/brain_tumor/Testing/pituitary/Te-pi_0071.jpg,3,3,pituitary,pituitary,0.9703852114900346,1,0.01330299595129318,0.008890236504483243,0.00742155605418891,0.9703852114900346
1210,data/brain_tumor/Testing/pituitary/Te-pi_0072.jpg,3,3,pituitary,pituitary,0.8215899581460586,1,0.020332849322846618,0.1458239171775926,0.012253275353502159,0.8215899581460586
1211,data/brain_tumor/Testing/pituitary/Te-pi_0073.jpg,3,3,pituitary,pituitary,0.9689762095536462,1,0.013575427373246943,0.009990161387149036,0.007458201685957814,0.9689762095536462
1212,data/brain_tumor/Testing/pituitary/Te-pi_0074.jpg,3,3,pituitary,pituitary,0.9556809921601064,1,0.019067107956344167,0.011573912166237214,0.013677987717312264,0.9556809921601064
1213,data/brain_tumor/Testing/pituitary/Te-pi_0075.jpg,3,3,pituitary,pituitary,0.8460864852458341,1,0.03796158760574274,0.10561459302472367,0.010337334123699544,0.8460864852458341
1214,data/brain_tumor/Testing/pituitary/Te-pi_0076.jpg,3,3,pituitary,pituitary,0.9539098606364356,1,0.01972757997371843,0.009431022087610019,0.016931537302236017,0.9539098606364356
1215,data/brain_tumor/Testing/pituitary/Te-pi_0077.jpg,3,3,pituitary,pituitary,0.9501360889324978,1,0.02690849705885646,0.01566262395592363,0.007292790052722149,0.9501360889324978
1216,data/brain_tumor/Testing/pituitary/Te-pi_0078.jpg,3,3,pituitary,pituitary,0.9014835349270296,1,0.03152531755014759,0.056038331188225814,0.010952816334597007,0.9014835349270296
1217,data/brain_tumor/Testing/pituitary/Te-pi_0079.jpg,3,3,pituitary,pituitary,0.939579865139626,1,0.03783062316154807,0.015451252751442839,0.007138258947383125,0.939579865139626
1218,data/brain_tumor/Testing/pituitary/Te-pi_0080.jpg,3,3,pituitary,pituitary,0.9632743794934662,1,0.020340854115938386,0.007400747532924783,0.00898401885767064,0.9632743794934662
1219,data/brain_tumor/Testing/pituitary/Te-pi_0081.jpg,3,3,pituitary,pituitary,0.9365392013309418,1,0.0160563359241671,0.038224259972504004,0.009180202772387024,0.9365392013309418
1220,data/brain_tumor/Testing/pituitary/Te-pi_0082.jpg,3,3,pituitary,pituitary,0.9722134626411995,1,0.012038591317090279,0.007618428796836724,0.008129517244873504,0.9722134626411995
1221,data/brain_tumor/Testing/pituitary/Te-pi_0083.jpg,3,3,pituitary,pituitary,0.9545895501323488,1,0.025578891711011718,0.009269013691105867,0.010562544465533645,0.9545895501323488
1222,data/brain_tumor/Testing/pituitary/Te-pi_0084.jpg,3,3,pituitary,pituitary,0.955862642264608,1,0.00912240950420857,0.01880087263738675,0.01621407559379669,0.955862642264608
1223,data/brain_tumor/Testing/pituitary/Te-pi_0085.jpg,3,3,pituitary,pituitary,0.9389415741866497,1,0.013243483885175399,0.03773659239262369,0.01007834953555123,0.9389415741866497
1224,data/brain_tumor/Testing/pituitary/Te-pi_0086.jpg,3,3,pituitary,pituitary,0.9735511480267325,1,0.012509319687308614,0.008040016027503595,0.00589951625845531,0.9735511480267325
1225,data/brain_tumor/Testing/pituitary/Te-pi_0087.jpg,3,3,pituitary,pituitary,0.9646552218561832,1,0.015208493939426486,0.014793805798693289,0.0053424784056970084,0.9646552218561832
1226,data/brain_tumor/Testing/pituitary/Te-pi_0088.jpg,3,3,pituitary,pituitary,0.9512232158606473,1,0.02091465937155469,0.01458211741407478,0.013280007353723214,0.9512232158606473
1227,data/brain_tumor/Testing/pituitary/Te-pi_0089.jpg,3,3,pituitary,pituitary,0.9580413468924307,1,0.014701900633776492,0.014446642801456484,0.01281010967233637,0.9580413468924307
1228,data/brain_tumor/Testing/pituitary/Te-pi_0090.jpg,3,3,pituitary,pituitary,0.9550569119623038,1,0.0099438137708625,0.022514691265381085,0.01248458300145263,0.9550569119623038
1229,data/brain_tumor/Testing/pituitary/Te-pi_0091.jpg,3,3,pituitary,pituitary,0.9684939691873202,1,0.00852527537121548,0.0081684568325145,0.014812298608949823,0.9684939691873202
1230,data/brain_tumor/Testing/pituitary/Te-pi_0092.jpg,3,3,pituitary,pituitary,0.9699965945770155,1,0.012783683208733724,0.007180291864180418,0.010039430350070329,0.9699965945770155
1231,data/brain_tumor/Testing/pituitary/Te-pi_0093.jpg,3,3,pituitary,pituitary,0.9702998304849972,1,0.00893675340913617,0.006139722127032389,0.014623693978834165,0.9702998304849972
1232,data/brain_tumor/Testing/pituitary/Te-pi_0094.jpg,3,3,pituitary,pituitary,0.9449541456741076,1,0.02621032245603179,0.014278222606798861,0.014557309263061742,0.9449541456741076
1233,data/brain_tumor/Testing/pituitary/Te-pi_0095.jpg,3,3,pituitary,pituitary,0.9667551090700406,1,0.016767193959291545,0.008341614817303847,0.008136082153364069,0.9667551090700406
1234,data/brain_tumor/Testing/pituitary/Te-pi_0096.jpg,3,3,pituitary,pituitary,0.9768007875434959,1,0.009727071852933677,0.005889761190333501,0.007582379413236927,0.9768007875434959
1235,data/brain_tumor/Testing/pituitary/Te-pi_0097.jpg,3,3,pituitary,pituitary,0.9649934067675046,1,0.013858887291519708,0.011842761259772462,0.009304944681203286,0.9649934067675046
1236,data/brain_tumor/Testing/pituitary/Te-pi_0098.jpg,3,3,pituitary,pituitary,0.9426377151361703,1,0.01177163780329702,0.03688541835660953,0.00870522870392314,0.9426377151361703
1237,data/brain_tumor/Testing/pituitary/Te-pi_0099.jpg,3,3,pituitary,pituitary,0.9489649392818669,1,0.010265791635725026,0.010453536950744137,0.030315732131663976,0.9489649392818669
1238,data/brain_tumor/Testing/pituitary/Te-pi_0100.jpg,3,3,pituitary,pituitary,0.9730851274141736,1,0.01147700708704461,0.006012867438109593,0.009424998060672153,0.9730851274141736
1239,data/brain_tumor/Testing/pituitary/Te-pi_0101.jpg,3,3,pituitary,pituitary,0.9716865415816723,1,0.011224733660358595,0.007305884264732765,0.009782840493236277,0.9716865415816723
1240,data/brain_tumor/Testing/pituitary/Te-pi_0102.jpg,3,3,pituitary,pituitary,0.9784587813882945,1,0.007121310677373199,0.00809264248238278,0.00632726545194952,0.9784587813882945
1241,data/brain_tumor/Testing/pituitary/Te-pi_0103.jpg,3,3,pituitary,pituitary,0.915076657742249,1,0.046482326851301825,0.01932005491540102,0.01912096049104812,0.915076657742249
1242,data/brain_tumor/Testing/pituitary/Te-pi_0104.jpg,3,3,pituitary,pituitary,0.9637960841817018,1,0.012542118228070916,0.011415199210768886,0.012246598379458379,0.9637960841817018
1243,data/brain_tumor/Testing/pituitary/Te-pi_0105.jpg,3,3,pituitary,pituitary,0.9707008369088856,1,0.010794718761260839,0.01273231938014997,0.0057721249497035216,0.9707008369088856
1244,data/brain_tumor/Testing/pituitary/Te-pi_0106.jpg,3,3,pituitary,pituitary,0.943747914989863,1,0.017963190334340552,0.027521972689705763,0.010766921986090692,0.943747914989863
1245,data/brain_tumor/Testing/pituitary/Te-pi_0107.jpg,3,3,pituitary,pituitary,0.9660630484819316,1,0.014604808192194233,0.009068081026401088,0.010264062299473135,0.9660630484819316
1246,data/brain_tumor/Testing/pituitary/Te-pi_0108.jpg,3,3,pituitary,pituitary,0.9688753901763972,1,0.013468002753101069,0.009813274402225763,0.007843332668275936,0.9688753901763972
1247,data/brain_tumor/Testing/pituitary/Te-pi_0109.jpg,3,3,pituitary,pituitary,0.9438395328774388,1,0.021483480540171386,0.027624137197927875,0.007052849384461936,0.9438395328774388
1248,data/brain_tumor/Testing/pituitary/Te-pi_0110.jpg,3,3,pituitary,pituitary,0.962713629689313,1,0.011891168918739765,0.017168069801958626,0.008227131589988688,0.962713629689313
1249,data/brain_tumor/Testing/pituitary/Te-pi_0111.jpg,3,3,pituitary,pituitary,0.9525033157409616,1,0.023053493581651232,0.016757017678084463,0.0076861729993027185,0.9525033157409616
1250,data/brain_tumor/Testing/pituitary/Te-pi_0112.jpg,3,3,pituitary,pituitary,0.925709199192207,1,0.014853959151638178,0.029687488811032246,0.029749352845122652,0.925709199192207
1251,data/brain_tumor/Testing/pituitary/Te-pi_0113.jpg,3,3,pituitary,pituitary,0.937092762739446,1,0.013648844057111326,0.033205698526166685,0.016052694677275988,0.937092762739446
1252,data/brain_tumor/Testing/pituitary/Te-pi_0114.jpg,3,3,pituitary,pituitary,0.9771536879816883,1,0.008013361326118212,0.008742970539672223,0.00608998015252125,0.9771536879816883
1253,data/brain_tumor/Testing/pituitary/Te-pi_0115.jpg,3,3,pituitary,pituitary,0.9506272828541487,1,0.00781211781940615,0.02631025059188659,0.015250348734558656,0.9506272828541487
1254,data/brain_tumor/Testing/pituitary/Te-pi_0116.jpg,3,3,pituitary,pituitary,0.9610672580519938,1,0.011530997432667925,0.01443114692222514,0.012970597593113187,0.9610672580519938
1255,data/brain_tumor/Testing/pituitary/Te-pi_0117.jpg,3,3,pituitary,pituitary,0.9578822494342085,1,0.015669280079406496,0.01263592065736947,0.013812549829015515,0.9578822494342085
1256,data/brain_tumor/Testing/pituitary/Te-pi_0118.jpg,3,3,pituitary,pituitary,0.9532637222032929,1,0.02642185675031172,0.008866395076420043,0.011448025969975302,0.9532637222032929
1257,data/brain_tumor/Testing/pituitary/Te-pi_0119.jpg,3,3,pituitary,pituitary,0.9368393554794734,1,0.015231751084995636,0.031973438621878396,0.015955454813652573,0.9368393554794734
1258,data/brain_tumor/Testing/pituitary/Te-pi_0120.jpg,3,3,pituitary,pituitary,0.9350172160259612,1,0.01383719286133975,0.020415014131969528,0.03073057698072956,0.9350172160259612
1259,data/brain_tumor/Testing/pituitary/Te-pi_0121.jpg,3,3,pituitary,pituitary,0.9542665703749883,1,0.010274649836929745,0.017670423203856294,0.0177883565842257,0.9542665703749883
1260,data/brain_tumor/Testing/pituitary/Te-pi_0122.jpg,3,3,pituitary,pituitary,0.920525668336962,1,0.012924015497930319,0.051453761660580036,0.015096554504527609,0.920525668336962
1261,data/brain_tumor/Testing/pituitary/Te-pi_0123.jpg,3,3,pituitary,pituitary,0.955331584413188,1,0.016425479555303258,0.013259829306021402,0.01498310672548735,0.955331584413188
1262,data/brain_tumor/Testing/pituitary/Te-pi_0124.jpg,3,3,pituitary,pituitary,0.9600536033533627,1,0.011011303863961878,0.01376342179193532,0.01517167099074013,0.9600536033533627
1263,data/brain_tumor/Testing/pituitary/Te-pi_0125.jpg,3,3,pituitary,pituitary,0.9252445542678218,1,0.046664628349278765,0.01891696607646962,0.009173851306429762,0.9252445542678218
1264,data/brain_tumor/Testing/pituitary/Te-pi_0126.jpg,3,3,pituitary,pituitary,0.9330650494936772,1,0.036185329047711254,0.02217005220512485,0.008579569253486737,0.9330650494936772
1265,data/brain_tumor/Testing/pituitary/Te-pi_0127.jpg,3,3,pituitary,pituitary,0.9530046236075644,1,0.013589014736961969,0.012615913998316372,0.02079044765715724,0.9530046236075644
1266,data/brain_tumor/Testing/pituitary/Te-pi_0128.jpg,3,3,pituitary,pituitary,0.9009252971227807,1,0.023276541858989672,0.060827044153767613,0.014971116864461984,0.9009252971227807
1267,data/brain_tumor/Testing/pituitary/Te-pi_0129.jpg,3,3,pituitary,pituitary,0.9353997342874992,1,0.012206672839479446,0.014255628319722312,0.03813796455329902,0.9353997342874992
1268,data/brain_tumor/Testing/pituitary/Te-pi_0130.jpg,3,3,pituitary,pituitary,0.9220794444396729,1,0.01572330584808384,0.04929234408816703,0.01290490562407616,0.9220794444396729
1269,data/brain_tumor/Testing/pituitary/Te-pi_0131.jpg,3,3,pituitary,pituitary,0.949147183384831,1,0.01231175033240277,0.017030332570557468,0.021510733712208838,0.949147183384831
1270,data/brain_tumor/Testing/pituitary/Te-pi_0132.jpg,3,3,pituitary,pituitary,0.9607031121686308,1,0.010040408697901092,0.012290415999237076,0.016966063134231067,0.9607031121686308
1271,data/brain_tumor/Testing/pituitary/Te-pi_0133.jpg,3,3,pituitary,pituitary,0.8857423213467085,1,0.02275092159172794,0.047738086708288455,0.0437686703532751,0.8857423213467085
1272,data/brain_tumor/Testing/pituitary/Te-pi_0134.jpg,3,3,pituitary,pituitary,0.9731235871517598,1,0.01199669102979928,0.008668269227433485,0.006211452591007402,0.9731235871517598
1273,data/brain_tumor/Testing/pituitary/Te-pi_0135.jpg,3,3,pituitary,pituitary,0.9721833038939081,1,0.008554466216133557,0.011744322457602216,0.0075179074323561855,0.9721833038939081
1274,data/brain_tumor/Testing/pituitary/Te-pi_0136.jpg,3,3,pituitary,pituitary,0.9659377718955283,1,0.010386304059282536,0.012247964644509538,0.011427959400679593,0.9659377718955283
1275,data/brain_tumor/Testing/pituitary/Te-pi_0137.jpg,3,3,pituitary,pituitary,0.9425185826640156,1,0.031840886609322105,0.01862366479304761,0.0070168659336146974,0.9425185826640156
1276,data/brain_tumor/Testing/pituitary/Te-pi_0138.jpg,3,3,pituitary,pituitary,0.9684990930052857,1,0.010562602373267022,0.007410932104290765,0.013527372517156473,0.9684990930052857
1277,data/brain_tumor/Testing/pituitary/Te-pi_0139.jpg,3,3,pituitary,pituitary,0.9546176924171399,1,0.011465002726884768,0.022523337832571662,0.011393967023403659,0.9546176924171399
1278,data/brain_tumor/Testing/pituitary/Te-pi_0140.jpg,3,3,pituitary,pituitary,0.883172794010586,1,0.035883241052498877,0.07523757319724492,0.00570639173967015,0.883172794010586
1279,data/brain_tumor/Testing/pituitary/Te-pi_0141.jpg,3,3,pituitary,pituitary,0.92242984879832,1,0.020728424471122393,0.028330597725595336,0.028511129004962204,0.92242984879832
1280,data/brain_tumor/Testing/pituitary/Te-pi_0142.jpg,3,3,pituitary,pituitary,0.9739657706576411,1,0.013356424844841485,0.006738493211483587,0.005939311286033805,0.9739657706576411
1281,data/brain_tumor/Testing/pituitary/Te-pi_0143.jpg,3,3,pituitary,pituitary,0.9747700677605764,1,0.010518890790847748,0.0070335133834273835,0.007677528065148469,0.9747700677605764
1282,data/brain_tumor/Testing/pituitary/Te-pi_0144.jpg,3,3,pituitary,pituitary,0.9732013793415094,1,0.00723861098132212,0.013557888261150074,0.0060021214160183535,0.9732013793415094
1283,data/brain_tumor/Testing/pituitary/Te-pi_0145.jpg,3,3,pituitary,pituitary,0.9716156058381432,1,0.00965931226040215,0.007398657438178975,0.011326424463275662,0.9716156058381432
1284,data/brain_tumor/Testing/pituitary/Te-pi_0146.jpg,3,3,pituitary,pituitary,0.9526740704555962,1,0.012308317904275551,0.021475988911513477,0.013541622728614767,0.9526740704555962
1285,data/brain_tumor/Testing/pituitary/Te-pi_0147.jpg,3,3,pituitary,pituitary,0.9702148433300408,1,0.01729010151000847,0.008452664645062325,0.004042390514888409,0.9702148433300408
1286,data/brain_tumor/Testing/pituitary/Te-pi_0148.jpg,3,3,pituitary,pituitary,0.9440254813423201,1,0.014611873231385901,0.01999879181389541,0.021363853612398596,0.9440254813423201
1287,data/brain_tumor/Testing/pituitary/Te-pi_0149.jpg,3,3,pituitary,pituitary,0.9260376977386352,1,0.014352233599237716,0.01797256372215944,0.0416375049399676,0.9260376977386352
1288,data/brain_tumor/Testing/pituitary/Te-pi_0150.jpg,3,3,pituitary,pituitary,0.9080323762974816,1,0.01636335287242547,0.05618313815074883,0.019421132679344078,0.9080323762974816
1289,data/brain_tumor/Testing/pituitary/Te-pi_0151.jpg,3,3,pituitary,pituitary,0.9574604710723685,1,0.009150914924552882,0.01822069116308002,0.015167922839998552,0.9574604710723685
1290,data/brain_tumor/Testing/pituitary/Te-pi_0152.jpg,3,3,pituitary,pituitary,0.897079345222267,1,0.01588499912662432,0.07215611609758393,0.014879539553524779,0.897079345222267
1291,data/brain_tumor/Testing/pituitary/Te-pi_0153.jpg,3,3,pituitary,pituitary,0.957440176651485,1,0.01033080690483572,0.0265349700621061,0.005694046381573209,0.957440176651485
1292,data/brain_tumor/Testing/pituitary/Te-pi_0154.jpg,3,3,pituitary,pituitary,0.9625040584009719,1,0.010567651726957263,0.013886035911622251,0.013042253960448658,0.9625040584009719
1293,data/brain_tumor/Testing/pituitary/Te-pi_0155.jpg,3,3,pituitary,pituitary,0.9600309562696944,1,0.014661469220882769,0.012584184858986058,0.012723389650436774,0.9600309562696944
1294,data/brain_tumor/Testing/pituitary/Te-pi_0156.jpg,3,3,pituitary,pituitary,0.9262817563214629,1,0.015128577185820988,0.046544098401689805,0.0120455680910263,0.9262817563214629
1295,data/brain_tumor/Testing/pituitary/Te-pi_0157.jpg,3,3,pituitary,pituitary,0.9575840652438986,1,0.013345607307821377,0.01990517750559044,0.009165149942689577,0.9575840652438986
1296,data/brain_tumor/Testing/pituitary/Te-pi_0158.jpg,3,3,pituitary,pituitary,0.9564858390735503,1,0.024412232315566513,0.014191168822991576,0.004910759787891612,0.9564858390735503
1297,data/brain_tumor/Testing/pituitary/Te-pi_0159.jpg,3,3,pituitary,pituitary,0.9482536775145598,1,0.00953711056702747,0.01002136852695715,0.03218784339145558,0.9482536775145598
1298,data/brain_tumor/Testing/pituitary/Te-pi_0160.jpg,3,3,pituitary,pituitary,0.9668174525589408,1,0.006255454008429811,0.010809626586315419,0.016117466846314012,0.9668174525589408
1299,data/brain_tumor/Testing/pituitary/Te-pi_0161.jpg,3,3,pituitary,pituitary,0.9557595840135966,1,0.016206869840429287,0.019016135466270023,0.009017410679704128,0.9557595840135966
1300,data/brain_tumor/Testing/pituitary/Te-pi_0162.jpg,3,3,pituitary,pituitary,0.958217773970473,1,0.010820402215398182,0.02052805645397505,0.010433767360153758,0.958217773970473
1301,data/brain_tumor/Testing/pituitary/Te-pi_0163.jpg,3,3,pituitary,pituitary,0.9350885500166665,1,0.02698765637557705,0.013173915187018203,0.02474987842073831,0.9350885500166665
1302,data/brain_tumor/Testing/pituitary/Te-pi_0164.jpg,3,3,pituitary,pituitary,0.9154699887349644,1,0.01060625147920798,0.06036549705399298,0.013558262731834567,0.9154699887349644
1303,data/brain_tumor/Testing/pituitary/Te-pi_0165.jpg,3,3,pituitary,pituitary,0.9386943772622,1,0.023900094349492026,0.02344691280409881,0.013958615584209267,0.9386943772622
1304,data/brain_tumor/Testing/pituitary/Te-pi_0166.jpg,3,3,pituitary,pituitary,0.9557648087832022,1,0.008996183412928028,0.0067967337484094795,0.02844227405546027,0.9557648087832022
1305,data/brain_tumor/Testing/pituitary/Te-pi_0167.jpg,3,3,pituitary,pituitary,0.9393369817921049,1,0.0129447890337032,0.01074905071637735,0.0369691784578146,0.9393369817921049
1306,data/brain_tumor/Testing/pituitary/Te-pi_0168.jpg,3,3,pituitary,pituitary,0.9585554566131846,1,0.012560489393128857,0.017084791396131605,0.01179926259755487,0.9585554566131846
1307,data/brain_tumor/Testing/pituitary/Te-pi_0169.jpg,3,3,pituitary,pituitary,0.9696509702617297,1,0.009760586077151717,0.010877465414582507,0.009710978246536004,0.9696509702617297
1308,data/brain_tumor/Testing/pituitary/Te-pi_0170.jpg,3,3,pituitary,pituitary,0.9552642338321266,1,0.01243251405958586,0.017093176436072763,0.01521007567221482,0.9552642338321266
1309,data/brain_tumor/Testing/pituitary/Te-pi_0171.jpg,3,1,pituitary,meningioma,0.8609517947034375,0,0.005707468460872859,0.8609517947034375,0.0029221510504801105,0.13041858578520948
1310,data/brain_tumor/Testing/pituitary/Te-pi_0172.jpg,3,3,pituitary,pituitary,0.9206883315445699,1,0.0159383687336797,0.03005493814483813,0.03331836157691228,0.9206883315445699
1311,data/brain_tumor/Testing/pituitary/Te-pi_0173.jpg,3,3,pituitary,pituitary,0.9672737450390045,1,0.016817171698274805,0.005504092854353962,0.010404990408366685,0.9672737450390045
1312,data/brain_tumor/Testing/pituitary/Te-pi_0174.jpg,3,3,pituitary,pituitary,0.9602387758993848,1,0.013856750358044853,0.011250518743160827,0.014653954999409555,0.9602387758993848
1313,data/brain_tumor/Testing/pituitary/Te-pi_0175.jpg,3,3,pituitary,pituitary,0.9046258814739305,1,0.018548498341744896,0.0407283199753809,0.036097300208943695,0.9046258814739305
1314,data/brain_tumor/Testing/pituitary/Te-pi_0176.jpg,3,3,pituitary,pituitary,0.9779628160558778,1,0.008361816612620037,0.008546879725989246,0.005128487605513,0.9779628160558778
1315,data/brain_tumor/Testing/pituitary/Te-pi_0177.jpg,3,3,pituitary,pituitary,0.9721191487756181,1,0.013262062400258734,0.006811454448102217,0.00780733437602091,0.9721191487756181
1316,data/brain_tumor/Testing/pituitary/Te-pi_0178.jpg,3,3,pituitary,pituitary,0.9254872426974292,1,0.01619306618442733,0.049547919340660704,0.008771771777482765,0.9254872426974292
1317,data/brain_tumor/Testing/pituitary/Te-pi_0179.jpg,3,3,pituitary,pituitary,0.9253210235786973,1,0.007743628536947232,0.05805507928392688,0.008880268600428561,0.9253210235786973
1318,data/brain_tumor/Testing/pituitary/Te-pi_0180.jpg,3,3,pituitary,pituitary,0.9566586205605032,1,0.01401038210179063,0.02085868067626273,0.008472316661443437,0.9566586205605032
1319,data/brain_tumor/Testing/pituitary/Te-pi_0181.jpg,3,3,pituitary,pituitary,0.9551154286124238,1,0.0113257392186137,0.018624326040741743,0.014934506128220762,0.9551154286124238
1320,data/brain_tumor/Testing/pituitary/Te-pi_0182.jpg,3,3,pituitary,pituitary,0.9248412163608072,1,0.011106203920455679,0.020363851638014657,0.043688728080722466,0.9248412163608072
1321,data/brain_tumor/Testing/pituitary/Te-pi_0183.jpg,3,3,pituitary,pituitary,0.9694723139425211,1,0.012392935068289083,0.013601491766650332,0.0045332592225395246,0.9694723139425211
1322,data/brain_tumor/Testing/pituitary/Te-pi_0184.jpg,3,3,pituitary,pituitary,0.966377191742012,1,0.012419692917309735,0.014010369609675019,0.007192745731003233,0.966377191742012
1323,data/brain_tumor/Testing/pituitary/Te-pi_0185.jpg,3,3,pituitary,pituitary,0.9575690184190957,1,0.01457497319394315,0.006320832077062748,0.021535176309898457,0.9575690184190957
1324,data/brain_tumor/Testing/pituitary/Te-pi_0186.jpg,3,3,pituitary,pituitary,0.9704707969405219,1,0.009258261985237845,0.012773987979896232,0.007496953094344062,0.9704707969405219
1325,data/brain_tumor/Testing/pituitary/Te-pi_0187.jpg,3,3,pituitary,pituitary,0.9248856159643685,1,0.018120338853406012,0.04788600950123541,0.009108035680990102,0.9248856159643685
1326,data/brain_tumor/Testing/pituitary/Te-pi_0188.jpg,3,3,pituitary,pituitary,0.6306772875091231,1,0.24706877952120287,0.08560676936512268,0.03664716360455128,0.6306772875091231
1327,data/brain_tumor/Testing/pituitary/Te-pi_0189.jpg,3,3,pituitary,pituitary,0.8762483156439512,1,0.01260564047757877,0.08408390481150159,0.02706213906696843,0.8762483156439512
1328,data/brain_tumor/Testing/pituitary/Te-pi_0190.jpg,3,3,pituitary,pituitary,0.9499010245739912,1,0.013543977038449577,0.024605237978730078,0.01194976040882917,0.9499010245739912
1329,data/brain_tumor/Testing/pituitary/Te-pi_0191.jpg,3,3,pituitary,pituitary,0.9674144548017664,1,0.012810091558888266,0.01163878196632274,0.008136671673022603,0.9674144548017664
1330,data/brain_tumor/Testing/pituitary/Te-pi_0192.jpg,3,3,pituitary,pituitary,0.9682268712234976,1,0.017241344233203296,0.003099710282723598,0.01143207426057546,0.9682268712234976
1331,data/brain_tumor/Testing/pituitary/Te-pi_0193.jpg,3,3,pituitary,pituitary,0.9473700403775854,1,0.020644550318648775,0.021486685760580965,0.010498723543184875,0.9473700403775854
1332,data/brain_tumor/Testing/pituitary/Te-pi_0194.jpg,3,3,pituitary,pituitary,0.9627234590763756,1,0.010977526481608619,0.014366230370713818,0.011932784071301999,0.9627234590763756
1333,data/brain_tumor/Testing/pituitary/Te-pi_0195.jpg,3,3,pituitary,pituitary,0.9680323157986155,1,0.008874484478371438,0.012718114271953648,0.010375085451059465,0.9680323157986155
1334,data/brain_tumor/Testing/pituitary/Te-pi_0196.jpg,3,3,pituitary,pituitary,0.9372894600553596,1,0.025199251070306784,0.02333715182698126,0.01417413704735234,0.9372894600553596
1335,data/brain_tumor/Testing/pituitary/Te-pi_0197.jpg,3,3,pituitary,pituitary,0.9502669599380352,1,0.02165243594437587,0.017203057232880195,0.010877546884708704,0.9502669599380352
1336,data/brain_tumor/Testing/pituitary/Te-pi_0198.jpg,3,3,pituitary,pituitary,0.9426674914012937,1,0.021925892370164228,0.023160956576683277,0.012245659651858856,0.9426674914012937
1337,data/brain_tumor/Testing/pituitary/Te-pi_0199.jpg,3,3,pituitary,pituitary,0.9569844157907919,1,0.020355514234140785,0.012813336550568391,0.009846733424499005,0.9569844157907919
1338,data/brain_tumor/Testing/pituitary/Te-pi_0200.jpg,3,3,pituitary,pituitary,0.955153018683149,1,0.023437214294981145,0.014165536065154997,0.007244230956714953,0.955153018683149
1339,data/brain_tumor/Testing/pituitary/Te-pi_0201.jpg,3,3,pituitary,pituitary,0.9502385391421412,1,0.015579890677424484,0.02531978150810741,0.008861788672326905,0.9502385391421412
1340,data/brain_tumor/Testing/pituitary/Te-pi_0202.jpg,3,3,pituitary,pituitary,0.9369003894893503,1,0.017371256130931514,0.035245635074972075,0.010482719304746082,0.9369003894893503
1341,data/brain_tumor/Testing/pituitary/Te-pi_0203.jpg,3,3,pituitary,pituitary,0.9626865825935519,1,0.013955232526883918,0.008591986520470243,0.014766198359093943,0.9626865825935519
1342,data/brain_tumor/Testing/pituitary/Te-pi_0204.jpg,3,3,pituitary,pituitary,0.9636530716159412,1,0.01164542263301425,0.011591787760197737,0.013109717990846903,0.9636530716159412
1343,data/brain_tumor/Testing/pituitary/Te-pi_0205.jpg,3,3,pituitary,pituitary,0.961483964337818,1,0.014053218197573146,0.009872334169897568,0.014590483294711293,0.961483964337818
1344,data/brain_tumor/Testing/pituitary/Te-pi_0206.jpg,3,3,pituitary,pituitary,0.9614601466562835,1,0.013405967965741469,0.013537364547031455,0.0115965208309435,0.9614601466562835
1345,data/brain_tumor/Testing/pituitary/Te-pi_0207.jpg,3,3,pituitary,pituitary,0.9509713044846698,1,0.00905090383342383,0.03085707497703184,0.009120716704874564,0.9509713044846698
1346,data/brain_tumor/Testing/pituitary/Te-pi_0208.jpg,3,3,pituitary,pituitary,0.9660671445543318,1,0.011655410143823392,0.01383471603063485,0.008442729271209948,0.9660671445543318
1347,data/brain_tumor/Testing/pituitary/Te-pi_0209.jpg,3,3,pituitary,pituitary,0.925031904443579,1,0.03290482040274803,0.0346031838730859,0.007460091280587122,0.925031904443579
1348,data/brain_tumor/Testing/pituitary/Te-pi_0210.jpg,3,3,pituitary,pituitary,0.9438483741428192,1,0.03043779553036521,0.011741190250239867,0.013972640076575726,0.9438483741428192
1349,data/brain_tumor/Testing/pituitary/Te-pi_0211.jpg,3,3,pituitary,pituitary,0.9471101302190434,1,0.022236051823688024,0.012550012532062222,0.018103805425206308,0.9471101302190434
1350,data/brain_tumor/Testing/pituitary/Te-pi_0212.jpg,3,3,pituitary,pituitary,0.93674723898251,1,0.019480293326373497,0.027207459849008027,0.01656500784210849,0.93674723898251
1351,data/brain_tumor/Testing/pituitary/Te-pi_0213.jpg,3,3,pituitary,pituitary,0.9651407792703498,1,0.019320933535136347,0.006993939774455228,0.00854434742005865,0.9651407792703498
1352,data/brain_tumor/Testing/pituitary/Te-pi_0214.jpg,3,3,pituitary,pituitary,0.9694452854727061,1,0.01695574629039761,0.006553435214180215,0.007045533022716084,0.9694452854727061
1353,data/brain_tumor/Testing/pituitary/Te-pi_0215.jpg,3,3,pituitary,pituitary,0.9649670727501221,1,0.009440004249736407,0.019309126525420894,0.00628379647472066,0.9649670727501221
1354,data/brain_tumor/Testing/pituitary/Te-pi_0216.jpg,3,3,pituitary,pituitary,0.9505293056526574,1,0.0192156346653591,0.011093784454279675,0.019161275227703906,0.9505293056526574
1355,data/brain_tumor/Testing/pituitary/Te-pi_0217.jpg,3,3,pituitary,pituitary,0.8128244430230538,1,0.033967619758015904,0.1412989717566973,0.011908965462232975,0.8128244430230538
1356,data/brain_tumor/Testing/pituitary/Te-pi_0218.jpg,3,3,pituitary,pituitary,0.9689695528289631,1,0.010640140285934536,0.005941422468043525,0.014448884417058834,0.9689695528289631
1357,data/brain_tumor/Testing/pituitary/Te-pi_0219.jpg,3,3,pituitary,pituitary,0.9588885798481032,1,0.021100034155418983,0.009876658714577768,0.010134727281900123,0.9588885798481032
1358,data/brain_tumor/Testing/pituitary/Te-pi_0220.jpg,3,3,pituitary,pituitary,0.9511473828059475,1,0.014261121941326867,0.008656327661069078,0.025935167591656563,0.9511473828059475
1359,data/brain_tumor/Testing/pituitary/Te-pi_0221.jpg,3,3,pituitary,pituitary,0.9762689889993097,1,0.00962518790020499,0.0073216570142914435,0.006784166086193883,0.9762689889993097
1360,data/brain_tumor/Testing/pituitary/Te-pi_0222.jpg,3,3,pituitary,pituitary,0.8413663004491437,1,0.0749003746535671,0.06083752655428864,0.022895798343000543,0.8413663004491437
1361,data/brain_tumor/Testing/pituitary/Te-pi_0223.jpg,3,3,pituitary,pituitary,0.9551606231696922,1,0.011549622095630553,0.022691783137434376,0.010597971597242852,0.9551606231696922
1362,data/brain_tumor/Testing/pituitary/Te-pi_0224.jpg,3,3,pituitary,pituitary,0.9381914752315571,1,0.029742658193675164,0.008670438097176027,0.0233954284775917,0.9381914752315571
1363,data/brain_tumor/Testing/pituitary/Te-pi_0225.jpg,3,3,pituitary,pituitary,0.9704291965131342,1,0.011877445681057062,0.012540131062867211,0.005153226742941539,0.9704291965131342
1364,data/brain_tumor/Testing/pituitary/Te-pi_0226.jpg,3,3,pituitary,pituitary,0.9453568440948485,1,0.027257410758626813,0.01586758528674471,0.011518159859779924,0.9453568440948485
1365,data/brain_tumor/Testing/pituitary/Te-pi_0227.jpg,3,3,pituitary,pituitary,0.9508481258668255,1,0.018843497361444504,0.016400981068201155,0.013907395703528799,0.9508481258668255
1366,data/brain_tumor/Testing/pituitary/Te-pi_0228.jpg,3,3,pituitary,pituitary,0.9659215843898117,1,0.015647996275305734,0.010398326480382407,0.008032092854500163,0.9659215843898117
1367,data/brain_tumor/Testing/pituitary/Te-pi_0229.jpg,3,3,pituitary,pituitary,0.9590316367798691,1,0.016733473907401673,0.016896906107126512,0.007337983205602699,0.9590316367798691
1368,data/brain_tumor/Testing/pituitary/Te-pi_0230.jpg,3,3,pituitary,pituitary,0.9580039515812502,1,0.014460069329385683,0.019450538132114403,0.008085440957249715,0.9580039515812502
1369,data/brain_tumor/Testing/pituitary/Te-pi_0231.jpg,3,3,pituitary,pituitary,0.9544535875801087,1,0.02197324161212222,0.011544885324773083,0.012028285482996025,0.9544535875801087
1370,data/brain_tumor/Testing/pituitary/Te-pi_0232.jpg,3,3,pituitary,pituitary,0.9546124187964843,1,0.011980500813882319,0.02405817023572615,0.009348910153907283,0.9546124187964843
1371,data/brain_tumor/Testing/pituitary/Te-pi_0233.jpg,3,3,pituitary,pituitary,0.9734221354646793,1,0.01063714576683946,0.007885056753439446,0.008055662015041836,0.9734221354646793
1372,data/brain_tumor/Testing/pituitary/Te-pi_0234.jpg,3,3,pituitary,pituitary,0.9689289728485745,1,0.015190677408492012,0.0077086662307207605,0.008171683512212778,0.9689289728485745
1373,data/brain_tumor/Testing/pituitary/Te-pi_0235.jpg,3,3,pituitary,pituitary,0.9712236559809135,1,0.014304974169675164,0.004938188958682824,0.009533180890728462,0.9712236559809135
1374,data/brain_tumor/Testing/pituitary/Te-pi_0236.jpg,3,3,pituitary,pituitary,0.9727146106474792,1,0.00933612704217162,0.012161948814407518,0.005787313495941614,0.9727146106474792
1375,data/brain_tumor/Testing/pituitary/Te-pi_0237.jpg,3,3,pituitary,pituitary,0.9535396124681206,1,0.012876463030793157,0.030322373027509182,0.0032615514735771373,0.9535396124681206
1376,data/brain_tumor/Testing/pituitary/Te-pi_0238.jpg,3,3,pituitary,pituitary,0.9470468988858344,1,0.02188524656837472,0.02254808562458514,0.008519768921205767,0.9470468988858344
1377,data/brain_tumor/Testing/pituitary/Te-pi_0239.jpg,3,3,pituitary,pituitary,0.9687971879864528,1,0.011842457549372867,0.009076251844285139,0.01028410261988926,0.9687971879864528
1378,data/brain_tumor/Testing/pituitary/Te-pi_0240.jpg,3,3,pituitary,pituitary,0.9739027807568039,1,0.009835501391521333,0.012862168501028788,0.0033995493506459975,0.9739027807568039
1379,data/brain_tumor/Testing/pituitary/Te-pi_0241.jpg,3,3,pituitary,pituitary,0.9652941274615547,1,0.01453748262786638,0.009314882039830271,0.010853507870748657,0.9652941274615547
1380,data/brain_tumor/Testing/pituitary/Te-pi_0242.jpg,3,3,pituitary,pituitary,0.9532527394121472,1,0.014975847781001458,0.02590617741858245,0.005865235388268964,0.9532527394121472
1381,data/brain_tumor/Testing/pituitary/Te-pi_0243.jpg,3,3,pituitary,pituitary,0.9474231662526374,1,0.014235553424478391,0.015787847443032015,0.022553432879852158,0.9474231662526374
1382,data/brain_tumor/Testing/pituitary/Te-pi_0244.jpg,3,3,pituitary,pituitary,0.9752831750810274,1,0.007634365227305111,0.007236665820304021,0.009845793871363537,0.9752831750810274
1383,data/brain_tumor/Testing/pituitary/Te-pi_0245.jpg,3,3,pituitary,pituitary,0.9727783452266869,1,0.008973579152276206,0.007063498435771286,0.0111845771852656,0.9727783452266869
1384,data/brain_tumor/Testing/pituitary/Te-pi_0246.jpg,3,3,pituitary,pituitary,0.9709834799286561,1,0.011349597649845541,0.009100553342313047,0.008566369079185338,0.9709834799286561
1385,data/brain_tumor/Testing/pituitary/Te-pi_0247.jpg,3,3,pituitary,pituitary,0.9746952944879491,1,0.00885940222368578,0.010107248706191004,0.0063380545821740955,0.9746952944879491
1386,data/brain_tumor/Testing/pituitary/Te-pi_0248.jpg,3,3,pituitary,pituitary,0.9477324613500963,1,0.017810185868698397,0.019609862573452975,0.014847490207752397,0.9477324613500963
1387,data/brain_tumor/Testing/pituitary/Te-pi_0249.jpg,3,3,pituitary,pituitary,0.9406952814166654,1,0.03566548584184849,0.011771443245134116,0.011867789496352013,0.9406952814166654
1388,data/brain_tumor/Testing/pituitary/Te-pi_0250.jpg,3,3,pituitary,pituitary,0.9467575816348698,1,0.029681675958842062,0.016966294700781866,0.006594447705506339,0.9467575816348698
1389,data/brain_tumor/Testing/pituitary/Te-pi_0251.jpg,3,3,pituitary,pituitary,0.9012896082657762,1,0.0303398380937646,0.04065990461717385,0.027710649023285322,0.9012896082657762
1390,data/brain_tumor/Testing/pituitary/Te-pi_0252.jpg,3,3,pituitary,pituitary,0.9685718976440445,1,0.007500466392402459,0.010091854842095635,0.013835781121457396,0.9685718976440445
1391,data/brain_tumor/Testing/pituitary/Te-pi_0253.jpg,3,3,pituitary,pituitary,0.9386232109060111,1,0.01728187726323032,0.031069445186915512,0.013025466643843055,0.9386232109060111
1392,data/brain_tumor/Testing/pituitary/Te-pi_0254.jpg,3,3,pituitary,pituitary,0.9831862495429173,1,0.005266788905797475,0.004691765199842701,0.006855196351442469,0.9831862495429173
1393,data/brain_tumor/Testing/pituitary/Te-pi_0255.jpg,3,3,pituitary,pituitary,0.9617805261116308,1,0.012943584046913804,0.007618448995030352,0.01765744084642503,0.9617805261116308
1394,data/brain_tumor/Testing/pituitary/Te-pi_0256.jpg,3,3,pituitary,pituitary,0.9615894022687579,1,0.01575195799606266,0.009592624443721371,0.013066015291458096,0.9615894022687579
1395,data/brain_tumor/Testing/pituitary/Te-pi_0257.jpg,3,3,pituitary,pituitary,0.9684153081947947,1,0.010259848895130645,0.00931502401726757,0.0120098188928071,0.9684153081947947
1396,data/brain_tumor/Testing/pituitary/Te-pi_0258.jpg,3,3,pituitary,pituitary,0.9475295667214448,1,0.014132946913932689,0.014517670686587122,0.0238198156780353,0.9475295667214448
1397,data/brain_tumor/Testing/pituitary/Te-pi_0259.jpg,3,3,pituitary,pituitary,0.9437899039095854,1,0.01580775264088618,0.03390781066871265,0.006494532780815748,0.9437899039095854
1398,data/brain_tumor/Testing/pituitary/Te-pi_0260.jpg,3,3,pituitary,pituitary,0.9819556747430834,1,0.006851655105973813,0.004579147263447745,0.006613522887495043,0.9819556747430834
1399,data/brain_tumor/Testing/pituitary/Te-pi_0261.jpg,3,3,pituitary,pituitary,0.9833583281531852,1,0.004738498501193237,0.006581320458004812,0.005321852887616739,0.9833583281531852
1400,data/brain_tumor/Testing/pituitary/Te-pi_0262.jpg,3,3,pituitary,pituitary,0.9678388166985731,1,0.015047586417271388,0.010496556035480326,0.0066170408486751625,0.9678388166985731
1401,data/brain_tumor/Testing/pituitary/Te-pi_0263.jpg,3,3,pituitary,pituitary,0.9688813343481247,1,0.017952750732931747,0.006809757781428475,0.00635615713751505,0.9688813343481247
1402,data/brain_tumor/Testing/pituitary/Te-pi_0264.jpg,3,3,pituitary,pituitary,0.962659963974461,1,0.003929150549697684,0.005309077631716722,0.0281018078441246,0.962659963974461
1403,data/brain_tumor/Testing/pituitary/Te-pi_0265.jpg,3,3,pituitary,pituitary,0.9592539601080076,1,0.020870994630705138,0.013465891498146405,0.006409153763140875,0.9592539601080076
1404,data/brain_tumor/Testing/pituitary/Te-pi_0266.jpg,3,3,pituitary,pituitary,0.962943055148803,1,0.013300036600419821,0.01045956689799373,0.013297341352783458,0.962943055148803
1405,data/brain_tumor/Testing/pituitary/Te-pi_0267.jpg,3,3,pituitary,pituitary,0.9630538023368357,1,0.01910679933624064,0.006793214331523215,0.011046183995400425,0.9630538023368357
1406,data/brain_tumor/Testing/pituitary/Te-pi_0268.jpg,3,3,pituitary,pituitary,0.9729600161109868,1,0.009091464066043192,0.010455751084240409,0.007492768738729582,0.9729600161109868
1407,data/brain_tumor/Testing/pituitary/Te-pi_0269.jpg,3,3,pituitary,pituitary,0.8817379441792594,1,0.026024235315530615,0.0718105134673025,0.02042730703790744,0.8817379441792594
1408,data/brain_tumor/Testing/pituitary/Te-pi_0270.jpg,3,3,pituitary,pituitary,0.9733686417672225,1,0.007096401828830237,0.007697694917308103,0.011837261486639123,0.9733686417672225
1409,data/brain_tumor/Testing/pituitary/Te-pi_0271.jpg,3,3,pituitary,pituitary,0.9576756900678816,1,0.021363988399334316,0.009416272811128164,0.01154404872165593,0.9576756900678816
1410,data/brain_tumor/Testing/pituitary/Te-pi_0272.jpg,3,3,pituitary,pituitary,0.941900479433493,1,0.03387965590291174,0.012096639564863449,0.012123225098731786,0.941900479433493
1411,data/brain_tumor/Testing/pituitary/Te-pi_0273.jpg,3,3,pituitary,pituitary,0.9515972449899541,1,0.016322917749794788,0.008842024688660364,0.023237812571590764,0.9515972449899541
1412,data/brain_tumor/Testing/pituitary/Te-pi_0274.jpg,3,3,pituitary,pituitary,0.9801221565651121,1,0.009214777941589855,0.0063046655996088505,0.0043583998936891615,0.9801221565651121
1413,data/brain_tumor/Testing/pituitary/Te-pi_0275.jpg,3,3,pituitary,pituitary,0.951631267719523,1,0.013725037111317114,0.01789856440812778,0.0167451307610321,0.951631267719523
1414,data/brain_tumor/Testing/pituitary/Te-pi_0276.jpg,3,3,pituitary,pituitary,0.9660762885844901,1,0.010200894793992447,0.00430025128764978,0.01942256533386763,0.9660762885844901
1415,data/brain_tumor/Testing/pituitary/Te-pi_0277.jpg,3,3,pituitary,pituitary,0.9710586206669727,1,0.007108780654735593,0.010958233069976323,0.010874365608315435,0.9710586206669727
1416,data/brain_tumor/Testing/pituitary/Te-pi_0278.jpg,3,3,pituitary,pituitary,0.9692157136855235,1,0.009755437821175017,0.009017174719177035,0.012011673774124473,0.9692157136855235
1417,data/brain_tumor/Testing/pituitary/Te-pi_0279.jpg,3,3,pituitary,pituitary,0.9685138909736224,1,0.0053898562887016695,0.015477863874000755,0.010618388863675216,0.9685138909736224
1418,data/brain_tumor/Testing/pituitary/Te-pi_0280.jpg,3,3,pituitary,pituitary,0.9586027193173563,1,0.00897591554391447,0.025595212164556888,0.0068261529741722865,0.9586027193173563
1419,data/brain_tumor/Testing/pituitary/Te-pi_0281.jpg,3,3,pituitary,pituitary,0.9522408107671902,1,0.015865172089130023,0.024755983869482922,0.007138033274196753,0.9522408107671902
1420,data/brain_tumor/Testing/pituitary/Te-pi_0282.jpg,3,3,pituitary,pituitary,0.9729912638973025,1,0.009698964080874884,0.006144894047382581,0.011164877974440046,0.9729912638973025
1421,data/brain_tumor/Testing/pituitary/Te-pi_0283.jpg,3,3,pituitary,pituitary,0.9344593643330353,1,0.025431343394038342,0.028706281610725026,0.011403010662201268,0.9344593643330353
1422,data/brain_tumor/Testing/pituitary/Te-pi_0284.jpg,3,3,pituitary,pituitary,0.9417716505548434,1,0.046403603740645616,0.005916877892209632,0.005907867812301361,0.9417716505548434
1423,data/brain_tumor/Testing/pituitary/Te-pi_0285.jpg,3,3,pituitary,pituitary,0.9657297010541049,1,0.010642988196347729,0.007746347139294469,0.015880963610252916,0.9657297010541049
1424,data/brain_tumor/Testing/pituitary/Te-pi_0286.jpg,3,3,pituitary,pituitary,0.9687853328667928,1,0.013407918342586377,0.007940004964247587,0.00986674382637318,0.9687853328667928
1425,data/brain_tumor/Testing/pituitary/Te-pi_0287.jpg,3,3,pituitary,pituitary,0.901722000513643,1,0.006188841444420197,0.08691236247252877,0.005176795569408006,0.901722000513643
1426,data/brain_tumor/Testing/pituitary/Te-pi_0288.jpg,3,3,pituitary,pituitary,0.9852491319371357,1,0.0039244584064417505,0.004294189288803518,0.006532220367618987,0.9852491319371357
1427,data/brain_tumor/Testing/pituitary/Te-pi_0289.jpg,3,3,pituitary,pituitary,0.9661586763709199,1,0.010249357546454623,0.012217764594749604,0.011374201487875898,0.9661586763709199
1428,data/brain_tumor/Testing/pituitary/Te-pi_0290.jpg,3,3,pituitary,pituitary,0.9752984492011592,1,0.011711184469841457,0.007134584569926042,0.005855781759073312,0.9752984492011592
1429,data/brain_tumor/Testing/pituitary/Te-pi_0291.jpg,3,3,pituitary,pituitary,0.9723154549297851,1,0.010355634238692247,0.008407332629071574,0.008921578202451068,0.9723154549297851
1430,data/brain_tumor/Testing/pituitary/Te-pi_0292.jpg,3,3,pituitary,pituitary,0.9503152302711808,1,0.010033577911073023,0.03222819565132756,0.0074229961664185745,0.9503152302711808
1431,data/brain_tumor/Testing/pituitary/Te-pi_0293.jpg,3,3,pituitary,pituitary,0.9230681623404169,1,0.014514201266638185,0.05325624699422625,0.009161389398718665,0.9230681623404169
1432,data/brain_tumor/Testing/pituitary/Te-pi_0294.jpg,3,3,pituitary,pituitary,0.9711825071595566,1,0.012507479242369574,0.009191875739792627,0.00711813785828123,0.9711825071595566
1433,data/brain_tumor/Testing/pituitary/Te-pi_0295.jpg,3,3,pituitary,pituitary,0.9631721700301377,1,0.01585664280768404,0.01263693110545121,0.008334256056727113,0.9631721700301377
1434,data/brain_tumor/Testing/pituitary/Te-pi_0296.jpg,3,3,pituitary,pituitary,0.9646833685839843,1,0.012976862817217464,0.011643922345530133,0.010695846253268129,0.9646833685839843
1435,data/brain_tumor/Testing/pituitary/Te-pi_0297.jpg,3,3,pituitary,pituitary,0.9797533940532933,1,0.007477407499454325,0.008037805224133346,0.00473139322311897,0.9797533940532933
1436,data/brain_tumor/Testing/pituitary/Te-pi_0298.jpg,3,3,pituitary,pituitary,0.9740076878817607,1,0.010358581550983672,0.008962942487663236,0.006670788079592319,0.9740076878817607
1437,data/brain_tumor/Testing/pituitary/Te-pi_0299.jpg,3,3,pituitary,pituitary,0.9613679328955765,1,0.014567381191615776,0.015379538272289267,0.00868514764051845,0.9613679328955765
1438,data/brain_tumor/Training/pituitary/Tr-pi_0516.jpg,3,3,pituitary,pituitary,0.9669237678856192,1,0.011732940496506502,0.011074248639451813,0.010269042978422476,0.9669237678856192
1439,data/brain_tumor/Training/pituitary/Tr-pi_0517.jpg,3,3,pituitary,pituitary,0.9669237678856192,1,0.011732940496506502,0.011074248639451813,0.010269042978422476,0.9669237678856192
1440,data/brain_tumor/Training/pituitary/Tr-pi_0518.jpg,3,3,pituitary,pituitary,0.9669237678856192,1,0.011732940496506502,0.011074248639451813,0.010269042978422476,0.9669237678856192
1441,data/brain_tumor/Training/pituitary/Tr-pi_0664.jpg,3,3,pituitary,pituitary,0.9589037078190182,1,0.019086097182348445,0.01397929488414003,0.008030900114493263,0.9589037078190182
1442,data/brain_tumor/Training/pituitary/Tr-pi_0668.jpg,3,3,pituitary,pituitary,0.9759983735309513,1,0.013825507523341593,0.0028637053665262016,0.0073124135791809205,0.9759983735309513
1443,data/brain_tumor/Training/pituitary/Tr-pi_0701.jpg,3,3,pituitary,pituitary,0.9531521201133728,1,0.029607631266117096,0.009856585413217545,0.007383663207292557,0.9531521201133728
1444,data/brain_tumor/Training/pituitary/Tr-pi_0740.jpg,3,3,pituitary,pituitary,0.884642135425679,1,0.02588326318744629,0.06175318854933066,0.027721412837543993,0.884642135425679
