{
    "train_loss": [
        0.33396638328543843,
        0.10864684202899344,
        0.06256519190777535,
        0.05224692422989159,
        0.0434771231520221,
        0.1260584361045263,
        0.03202520533707521,
        0.03200069669415732,
        0.024018054521047816,
        0.033753370324938005,
        0.023143819530809524,
        0.043360288417276634,
        0.019619817679300374,
        0.022733707883621834,
        0.022627413221816356,
        0.019345629841165227,
        0.014714557137891368,
        0.03217908643656441,
        0.013575050622936055,
        0.017860723574398645,
        0.01145461587033772,
        0.08538434064669276,
        0.012430666379644278,
        0.005500489656373603,
        0.002705326121477542,
        0.002062249825318601,
        0.002584784136706366,
        0.0014929491881849216,
        0.0013749731303991626,
        0.0010439780000271143,
        0.0021355230903812965,
        0.000990409666181964
    ],
    "train_acc": [
        0.8475160256410257,
        0.9584935897435898,
        0.9765625,
        0.98125,
        0.984375,
        0.9602564102564103,
        0.9889823717948718,
        0.9891826923076923,
        0.9915865384615384,
        0.9883413461538462,
        0.9917067307692308,
        0.9853766025641025,
        0.9928685897435897,
        0.9925881410256411,
        0.9922676282051283,
        0.9934294871794872,
        0.9951923076923077,
        0.9897435897435898,
        0.9955528846153846,
        0.9945512820512821,
        0.9963141025641026,
        0.9760416666666667,
        0.9956730769230769,
        0.9981169871794872,
        0.9991185897435897,
        0.9993189102564103,
        0.9990384615384615,
        0.9995192307692308,
        0.9994391025641025,
        0.9995592948717948,
        0.9993589743589744,
        0.9995993589743589
    ],
    "val_loss": [
        0.11469857143954588,
        0.07597014852978576,
        0.27847548342572576,
        0.03777809970361443,
        0.03415483412413428,
        0.033675520419134186,
        0.007829300590100712,
        0.027353962988425524,
        0.4232426793389142,
        0.008439739589742272,
        0.006201774745633697,
        0.026449668469229855,
        0.010095679525800686,
        0.004742145875701308,
        0.0057938036489094185,
        0.004772220233623487,
        0.00027691486866743276,
        0.002882864876622849,
        0.005868162956160352,
        0.02013024737486772,
        0.043909226591103315,
        0.0051625198253036735,
        0.0003733869298637652,
        6.819341748826064e-05,
        3.223447729772179e-05,
        2.6611351653428344e-05,
        7.878829194703066e-05,
        1.8148674151298485e-05,
        2.3825564379804538e-05,
        0.0011973150253061417,
        3.777599627991043e-05,
        0.0009105897531955958
    ],
    "val_acc": [
        0.9532051282051283,
        0.9716346153846154,
        0.9400641025641026,
        0.9850961538461539,
        0.9879807692307693,
        0.9863782051282052,
        0.997275641025641,
        0.9908653846153846,
        0.9227564102564103,
        0.9971153846153846,
        0.9983974358974359,
        0.9916666666666667,
        0.9963141025641026,
        0.9985576923076923,
        0.9988782051282051,
        0.9977564102564103,
        1.0,
        0.9988782051282051,
        0.9985576923076923,
        0.9950320512820513,
        0.9921474358974359,
        0.9975961538461539,
        0.9998397435897436,
        1.0,
        1.0,
        1.0,
        1.0,
        1.0,
        1.0,
        0.9998397435897436,
        1.0,
        0.9998397435897436
    ]
}