{
    "train_loss": [
        0.45958932088353527,
        0.42129559199505945,
        0.409884746995279,
        0.40449404250086596,
        0.4006825155604154,
        0.3946598790897394,
        0.39277381219473245,
        0.3944140508390547,
        0.3859244550516829,
        0.3878308986702205,
        0.3854930186994201,
        0.3821589520498705,
        0.38018671185722996,
        0.37209980690594346,
        0.3675898306556928,
        0.36783063640534436,
        0.3684349368493428,
        0.3687028304042491,
        0.36250720761128247,
        0.36293402032065036,
        0.3635099530132416,
        0.3645153450728736,
        0.3656044498949716,
        0.3633098445536663,
        0.3645523378140982,
        0.3618276117071002,
        0.3637009631197855,
        0.3627421501289245,
        0.3633765752726495,
        0.36449253517349284,
        0.35956051320259586
    ],
    "train_acc": [
        0.7888676564260866,
        0.8092508207163507,
        0.811847714243716,
        0.813856631878093,
        0.816135038463423,
        0.8167230143564114,
        0.8194424028614827,
        0.8185604390220002,
        0.8237297270811896,
        0.8222842863442599,
        0.8241952079964722,
        0.8240237150276839,
        0.8251506688225783,
        0.8293399970601205,
        0.8313489146944976,
        0.830613944828262,
        0.8301484639129796,
        0.8299769709441913,
        0.8329658484002156,
        0.8322063795384389,
        0.8325003674849332,
        0.833700818266451,
        0.8326473614581802,
        0.8329658484002156,
        0.8311284237346269,
        0.8324268704983095,
        0.8309324317702974,
        0.8315204076632858,
        0.8320348865696506,
        0.8332108383556274,
        0.8346807780880984
    ],
    "val_loss": [
        0.41494241140742677,
        0.4060624197118134,
        0.3901665225121275,
        0.3812477494296579,
        0.37696868877443596,
        0.36716011379175123,
        0.36457917452267374,
        0.37430160910343785,
        0.371801987735738,
        0.37707081138941656,
        0.3781631617789056,
        0.3846357733493106,
        0.36493708987203316,
        0.34998338466062084,
        0.3509507831290094,
        0.3443193567026952,
        0.34794204766875325,
        0.34817361357981874,
        0.3465571041757835,
        0.3502287420001116,
        0.3475680218234709,
        0.3480966703439682,
        0.350978144140351,
        0.3484718461996898,
        0.34893153762770657,
        0.3496080667495961,
        0.3446526795085419,
        0.34522660260747196,
        0.3457655713173877,
        0.3443866635087306,
        0.3461248660835199
    ],
    "val_acc": [
        0.8044096031357177,
        0.8145026947574718,
        0.8197942185203332,
        0.8308672219500245,
        0.8294953454189123,
        0.8359627633512984,
        0.8333170014698678,
        0.8329250367466928,
        0.8305732484076433,
        0.8235178833904948,
        0.8213620774130328,
        0.8234198922097011,
        0.8294953454189123,
        0.8387065164135228,
        0.8398824105830476,
        0.8433121019108281,
        0.8406663400293973,
        0.8417442430181283,
        0.8412542871141597,
        0.8395884370406663,
        0.8402743753062224,
        0.8424301812836845,
        0.836452719255267,
        0.8406663400293973,
        0.8414502694757472,
        0.8423321901028907,
        0.8427241548260657,
        0.8431161195492406,
        0.8401763841254287,
        0.8409603135717786,
        0.8430181283684468
    ]
}