{
    "train_loss": [
        0.29801662390863437,
        0.16856362683083834,
        0.09827033018636772,
        0.07127608618693915,
        0.06903111855738188,
        0.06083419315531783,
        0.07245738944108285,
        0.07180682187848954,
        0.03266372721416958,
        0.04963006750871036,
        0.038288132056701445,
        0.042406035234410853,
        0.02836462436035283,
        0.029088892396344747,
        0.031187500633835245,
        0.040527155679396104,
        0.03777143501548209,
        0.03961643480576471,
        0.011694155534012674,
        0.01161524988286709,
        0.00817228610696426,
        0.005282982167877783,
        0.005912244590904448,
        0.004077379934294388,
        0.005216039799047415,
        0.003950772409776069,
        0.003518389403957256,
        0.0032840334633317757,
        0.00501859306870707,
        0.006970851040115616,
        0.0055969757431133076,
        0.0033576088479165852,
        0.0037518506104521135,
        0.0034303633959334844,
        0.0030323213430607948,
        0.006431709329997254,
        0.0029717544075873177,
        0.0024675501269963325,
        0.002531508519356241,
        0.0022613998661450306,
        0.002403501476353247,
        0.0026874227683425112,
        0.0025734657081646723
    ],
    "train_acc": [
        0.8840219014435042,
        0.9444997511199602,
        0.9668989547038328,
        0.9753608760577401,
        0.9795918367346939,
        0.9790940766550522,
        0.976854156296665,
        0.9763563962170234,
        0.9895470383275261,
        0.9835739173718268,
        0.9878048780487805,
        0.9855649576903932,
        0.9900447984071677,
        0.9905425584868094,
        0.9917869586859134,
        0.987058237929318,
        0.9907914385266302,
        0.9873071179691388,
        0.9965156794425087,
        0.9967645594823296,
        0.9970134395221503,
        0.9977600796416127,
        0.9970134395221503,
        0.9985067197610752,
        0.9977600796416127,
        0.9985067197610752,
        0.998755599800896,
        0.9985067197610752,
        0.9985067197610752,
        0.9972623195619711,
        0.9982578397212544,
        0.9982578397212544,
        0.9985067197610752,
        0.9982578397212544,
        0.998755599800896,
        0.9982578397212544,
        0.9990044798407167,
        0.998755599800896,
        0.9985067197610752,
        0.9992533598805375,
        0.998755599800896,
        0.9990044798407167,
        0.998755599800896
    ],
    "val_loss": [
        0.10335061080123654,
        0.07873650121859353,
        0.11864001683483076,
        0.062255147981702987,
        0.059533203867917404,
        0.07861686519495402,
        0.09592816862300854,
        0.03578252476670163,
        0.1586774316849187,
        0.054830108994423456,
        0.1045605826761518,
        0.03339326375103857,
        0.057041994978173347,
        0.04624248766868818,
        0.04664917680532185,
        0.06847611607483296,
        0.08995655480603136,
        0.06080789464069484,
        0.0309697964008601,
        0.028078642258286216,
        0.02571260487476586,
        0.022090249935938833,
        0.01935776573847933,
        0.01886480420935593,
        0.022747813114277853,
        0.02044146740840938,
        0.018600591187815957,
        0.016178568861787833,
        0.023808368458441545,
        0.019087499495397613,
        0.015272169667132494,
        0.015879994333969007,
        0.02069485477041233,
        0.020510658416113717,
        0.02027848335612126,
        0.02289280190559125,
        0.02144994020003904,
        0.021162687254150454,
        0.02123287551660891,
        0.020974523546219054,
        0.020384668123429647,
        0.019972875808766437,
        0.019440653971445617
    ],
    "val_acc": [
        0.9671641791044776,
        0.9711442786069652,
        0.96318407960199,
        0.9800995024875622,
        0.9860696517412936,
        0.9711442786069652,
        0.9621890547263682,
        0.991044776119403,
        0.9582089552238806,
        0.981094527363184,
        0.9731343283582089,
        0.9900497512437811,
        0.9850746268656716,
        0.982089552238806,
        0.9870646766169154,
        0.982089552238806,
        0.9791044776119403,
        0.9830845771144279,
        0.991044776119403,
        0.9930348258706467,
        0.9920398009950249,
        0.9940298507462687,
        0.9940298507462687,
        0.9950248756218906,
        0.9930348258706467,
        0.9930348258706467,
        0.9940298507462687,
        0.9950248756218906,
        0.9920398009950249,
        0.9940298507462687,
        0.9950248756218906,
        0.9950248756218906,
        0.9920398009950249,
        0.9930348258706467,
        0.9950248756218906,
        0.9920398009950249,
        0.9930348258706467,
        0.9930348258706467,
        0.9920398009950249,
        0.9930348258706467,
        0.9930348258706467,
        0.9940298507462687,
        0.9940298507462687
    ]
}